user_id,name,email,country,city,platform,signup_date,subscription_type,age,gender
usr_000001,Zainab,zainab_3964@hotmail.com,QA,Buraidah,web,03-09-2019,premium,27,f
usr_000002,ياسر,ياسر_7703@gmail.com,US,Khobar,web,2024-09-10,free,20,male
usr_000003,عمر,عمر_8946@yahoo.com,FR,Abha,smart_speaker,23/09/2022,premium,20,f
usr_000004,Khalid,khalid_5081@icloud.com,EG,,car_play,2021-03-28,trial,64,f
usr_000005,عمر,عمر_7160@outlook.sa,UK,Tabuk,web,2022-09-21T00:00:00,premium,47,male
usr_000006,خالد,خالد_1681@gmail.com,OM,Medina,smart_speaker,2021-01-09T00:00:00,trial,44,male
usr_000007,ياسر,ياسر_5953@icloud.com,DE,,android,23/08/2019,free,54,f
usr_000008,زينب,زينب_531@icloud.com,KW,Khobar,web,09/02/2023,trial,52,F
usr_000009,نورة,نورة_8177@icloud.com,EG,,ios,2020-04-09,premium_annual,61,female
usr_000010,فهد,فهد_1214@outlook.sa,KW,,smart_speaker,2024-07-04,free,36,f
usr_000011,Noura,noura_5923@icloud.com,BH,Mecca,android,13/05/2022,premium,17,male
usr_000012,ياسر,ياسر_7843@icloud.com,EG,,car_play,2019-12-20,free,36,f
usr_000013,Mariam,mariam_9631@hotmail.com,DE,,smart_speaker,2020-06-09,free,49,F
usr_000014,عائشة,عائشة_4654@gmail.com,QA,Taif,web,2021-07-12,premium,55,m
usr_000015,حسن,حسن_9915@yahoo.com,FR,,ios,23/09/2020,free,,f
usr_000016,مريم,مريم_4746@yahoo.com,JO,Tabuk,web,2019-05-05,trial,,M
usr_000017,Khalid,khalid_5232@yahoo.com,EG,Khobar,car_play,2022-10-25,free,45,M
usr_000018,Hassan,hassan_6851@hotmail.com,FR,,web,03/04/2022,premium_annual,26,female
usr_000019,Aisha,aisha_7492@hotmail.com,BH,Riyadh,ios,2020-01-04T00:00:00,premium_annual,57,f
usr_000020,Omar,omar_742@outlook.sa,SA,Mecca,web,2023-02-07T00:00:00,premium_annual,,m
usr_000021,Yasser,,LB,,android,2020-06-11,premium,41,m
usr_000022,فهد,فهد_9933@icloud.com,KW,Buraidah,web,2024-04-24T00:00:00,premium,55,f
usr_000023,محمد,محمد_6036@yahoo.com,US,Tabuk,car_play,12/05/2022,premium_annual,62,
usr_000024,Zainab,zainab_7872@hotmail.com,LB,Buraidah,smart_speaker,07-21-2021,premium,31,M
usr_000025,Tariq,tariq_8222@icloud.com,JO,,ios,19/08/2023,premium,51,male
usr_000026,Khalid,khalid_8951@yahoo.com,US,,web,26/02/2024,trial,31,male
usr_000027,Fatima,fatima_5195@outlook.sa,OM,Medina,web,29/03/2022,free,50,female
usr_000028,هند,هند_1295@yahoo.com,JO,Abha,android,22/08/2020,premium,33,m
usr_000029,عائشة,عائشة_3698@hotmail.com,SA,Khobar,smart_speaker,09-20-2021,free,24,M
usr_000030,سارة,سارة_4707@yahoo.com,QA,Jeddah,car_play,05-02-2024,premium,62,
usr_000031,Yasser,yasser_8117@hotmail.com,UK,,web,05-29-2019,free,,m
usr_000032,Fahad,fahad_8262@outlook.sa,QA,Jeddah,web,16/07/2024,premium,57,male
usr_000033,ياسر,ياسر_7008@icloud.com,OM,Jeddah,android,2021-03-02,premium,31,M
usr_000034,زينب,زينب_188@yahoo.com,US,Mecca,ios,2022-09-12T00:00:00,free,26,female
usr_000035,ريم,ريم_3591@hotmail.com,JO,Buraidah,web,04-23-2022,trial,46,
usr_000036,عائشة,عائشة_5928@gmail.com,MA,Taif,car_play,2019-12-02,premium,25,F
usr_000037,Fatima,fatima_1490@icloud.com,JO,,smart_speaker,2021-04-21,premium,45,m
usr_000038,محمد,محمد_3571@icloud.com,AE,Khobar,ios,2019-03-31,free,20,female
usr_000039,Omar,omar_742@outlook.sa,SA,Mecca,web,2023-10-03,premium_annual,,m
usr_000040,ريم,ريم_4056@outlook.sa,OM,Mecca,ios,10-04-2023,free,42,m
usr_000041,أحمد,أحمد_4010@gmail.com,EG,Taif,android,05-18-2019,free,34,F
usr_000042,فهد,فهد_8541@hotmail.com,EG,Riyadh,car_play,2022-08-06T00:00:00,premium,43,m
usr_000043,Tariq,tariq_2445@yahoo.com,EG,Taif,smart_speaker,2022-07-29T00:00:00,premium,35,
usr_000044,لمياء,لمياء_3332@yahoo.com,US,Abha,web,2020-07-03,free,28,M
usr_000045,زينب,زينب_9157@hotmail.com,JO,Khobar,web,2019-10-26,free,28,f
usr_000046,Sarah,sarah_6499@hotmail.com,LB,Medina,smart_speaker,2021-09-20,trial,38,male
usr_000047,Fatima,fatima_5247@hotmail.com,OM,Riyadh,car_play,2020-02-08T00:00:00,premium,17,male
usr_000048,ريم,ريم_8181@icloud.com,US,,web,31/07/2021,premium_annual,47,f
usr_000049,مريم,مريم_8001@hotmail.com,LB,,ios,11-24-2020,free,20,
usr_000050,عائشة,عائشة_7472@yahoo.com,SA,Buraidah,smart_speaker,10/09/2020,trial,,m
usr_000051,طارق,طارق_2938@gmail.com,AE,Mecca,android,2022-03-20,premium_annual,33,
usr_000052,Reem,reem_4915@gmail.com,US,,ios,2021-09-23T00:00:00,free,40,m
usr_000053,سلطان,سلطان_8654@gmail.com,BH,Buraidah,smart_speaker,18/09/2022,premium_annual,,M
usr_000054,Khalid,khalid_257@hotmail.com,MA,Tabuk,ios,04/01/2021,premium_annual,31,m
usr_000055,Hassan,hassan_6851@hotmail.com,FR,,web,2020-08-22,premium_annual,26,female
usr_000056,عمر,عمر_9061@outlook.sa,EG,Buraidah,smart_speaker,2024-01-20,free,34,
usr_000057,Fahad,fahad_6384@yahoo.com,OM,Riyadh,web,2023-04-06,trial,33,M
usr_000058,محمد,محمد_1469@yahoo.com,LB,Buraidah,web,2024-09-29,trial,,female
usr_000059,نورة,نورة_6238@hotmail.com,KW,Medina,smart_speaker,2021-09-21,premium,,female
usr_000060,ريم,ريم_8124@icloud.com,MA,Jeddah,android,2023-01-19,premium_annual,,female
usr_000061,طارق,طارق_9739@hotmail.com,QA,Mecca,smart_speaker,2022-09-11,premium_annual,41,male
usr_000062,لمياء,لمياء_6438@yahoo.com,AE,,android,19/09/2021,premium,51,M
usr_000063,Abdullah,abdullah_6704@outlook.sa,KW,Mecca,web,2022-04-08T00:00:00,premium,40,M
usr_000064,عمر,عمر_8797@icloud.com,US,,ios,10/09/2023,premium,38,F
usr_000065,عائشة,عائشة_4654@gmail.com,QA,Taif,web,2023-07-05,premium,55,m
usr_000066,Abdullah,abdullah_1902@hotmail.com,OM,Abha,android,31/08/2023,trial,22,female
usr_000067,خالد,خالد_1792@hotmail.com,UK,Dammam,car_play,2020-04-16,premium,43,female
usr_000068,حسن,حسن_3233@outlook.sa,MA,Riyadh,android,2023-11-06T00:00:00,premium,61,
usr_000069,لمياء,لمياء_8020@icloud.com,US,Tabuk,car_play,2021-03-18T00:00:00,trial,38,male
usr_000070,Khalid,khalid_1932@hotmail.com,QA,Khobar,android,2019-12-14,trial,24,m
usr_000071,فاطمة,فاطمة_4733@hotmail.com,KW,Abha,car_play,2020-12-10,free,16,female
usr_000072,Tariq,,UK,,smart_speaker,01/09/2024,premium,,M
usr_000073,منى,منى_9268@outlook.sa,LB,Buraidah,ios,28/03/2022,premium_annual,39,m
usr_000074,ريم,ريم_4878@gmail.com,JO,Jeddah,smart_speaker,10-08-2023,free,31,F
usr_000075,Sarah,sarah_3391@gmail.com,MA,Medina,car_play,2020-11-10,premium,61,male
usr_000076,طارق,طارق_972@yahoo.com,FR,Dammam,android,26/01/2020,premium,31,
usr_000077,عبدالله,عبدالله_1526@outlook.sa,LB,,web,2023-08-24,trial,36,m
usr_000078,Omar,omar_1038@icloud.com,EG,Tabuk,android,21/02/2024,trial,34,male
usr_000079,منى,منى_267@gmail.com,FR,Abha,ios,18/07/2019,trial,60,F
usr_000080,Lamia,lamia_1351@yahoo.com,US,,android,18/01/2020,free,35,f
usr_000081,عبدالله,عبدالله_2175@icloud.com,BH,Abha,ios,05/01/2019,free,23,
usr_000082,عمر,عمر_4903@hotmail.com,EG,,android,2020-02-24,premium,,m
usr_000083,Fahad,fahad_6746@icloud.com,US,Mecca,ios,22/05/2021,free,23,m
usr_000084,عبدالله,عبدالله_4066@icloud.com,MA,Buraidah,web,2021-10-11,free,58,male
usr_000085,أحمد,أحمد_3922@outlook.sa,EG,Abha,car_play,24/05/2023,free,16,male
usr_000086,نورة,نورة_7718@gmail.com,SA,Riyadh,web,05/02/2023,premium,,M
usr_000087,ياسر,ياسر_1351@icloud.com,LB,Medina,ios,29/08/2023,premium_annual,,F
usr_000088,طارق,,BH,Tabuk,ios,09-28-2019,trial,19,male
usr_000089,عمر,عمر_8569@icloud.com,DE,,web,02-16-2019,premium,63,
usr_000090,عبدالله,عبدالله_4309@icloud.com,US,Abha,car_play,25/10/2023,premium_annual,,
usr_000091,عائشة,عائشة_43@gmail.com,FR,,android,2020-04-17,free,40,F
usr_000092,ريم,ريم_6820@yahoo.com,QA,,car_play,2023-09-14,premium_annual,59,M
usr_000093,منى,منى_4626@yahoo.com,OM,Abha,ios,2023-07-01,premium_annual,52,
usr_000094,Sarah,sarah_8955@hotmail.com,KW,Tabuk,ios,13/07/2024,premium,56,
usr_000095,Hind,,LB,,smart_speaker,2023-03-22,trial,25,f
usr_000096,Omar,omar_7512@gmail.com,MA,Dammam,smart_speaker,19/08/2023,free,19,female
usr_000097,Khalid,khalid_5212@outlook.sa,QA,Mecca,android,29/05/2023,free,26,female
usr_000098,منى,منى_4342@gmail.com,AE,Medina,car_play,2021-04-30,free,36,F
usr_000099,Lamia,,EG,,car_play,20/07/2019,premium,,M
usr_000100,ياسر,ياسر_6099@gmail.com,MA,Jeddah,ios,29/06/2021,free,57,female
usr_000101,منى,منى_830@hotmail.com,MA,Tabuk,smart_speaker,2020-05-16,free,43,F
usr_000102,Ahmed,ahmed_4027@yahoo.com,JO,Taif,smart_speaker,2024-01-01,free,,female
usr_000103,عبدالله,عبدالله_1526@outlook.sa,LB,,web,2021-10-25,trial,36,m
usr_000104,Lamia,lamia_960@outlook.sa,LB,Buraidah,android,2019-05-01,premium,58,F
usr_000105,Reem,reem_9433@outlook.sa,OM,,android,18/08/2019,premium,36,
usr_000106,لمياء,لمياء_6438@yahoo.com,AE,,android,2022-12-12,premium,51,M
usr_000107,Sarah,sarah_2138@yahoo.com,UK,Khobar,ios,2022-09-20T00:00:00,free,61,F
usr_000108,خالد,خالد_4945@yahoo.com,KW,,smart_speaker,2023-06-09T00:00:00,trial,27,f
usr_000109,هند,هند_2087@hotmail.com,UK,Buraidah,smart_speaker,19/12/2020,free,36,
usr_000110,عبدالله,عبدالله_3900@yahoo.com,OM,Jeddah,web,2020-07-30,trial,,F
usr_000111,Ahmed,ahmed_6324@outlook.sa,UK,Dammam,smart_speaker,2020-03-18,trial,38,m
usr_000112,عبدالله,عبدالله_548@yahoo.com,SA,Jeddah,ios,2021-07-12T00:00:00,premium_annual,40,F
usr_000113,Tariq,tariq_2704@icloud.com,EG,Jeddah,web,2024-05-31T00:00:00,premium,42,f
usr_000114,زينب,,KW,Riyadh,smart_speaker,28/01/2020,free,58,f
usr_000115,Fatima,fatima_1893@yahoo.com,DE,Abha,web,2022-04-10,free,40,F
usr_000116,منى,منى_4316@hotmail.com,FR,Riyadh,android,02/07/2019,free,,male
usr_000117,Aisha,aisha_6859@icloud.com,US,,smart_speaker,2019-09-07T00:00:00,premium,21,female
usr_000118,منى,منى_2833@hotmail.com,BH,,android,2020-08-26,free,59,female
usr_000119,عبدالله,عبدالله_1426@outlook.sa,LB,Khobar,web,2021-11-22T00:00:00,trial,16,
usr_000120,Zainab,zainab_1655@yahoo.com,FR,Khobar,smart_speaker,15/02/2020,premium_annual,47,m
usr_000121,خالد,خالد_3893@gmail.com,UK,Medina,web,2023-07-04,free,35,male
usr_000122,Reem,reem_2202@yahoo.com,UK,Khobar,web,02-07-2020,trial,21,F
usr_000123,Aisha,aisha_2605@gmail.com,QA,,smart_speaker,2023-03-12,premium,49,m
usr_000124,منى,منى_829@yahoo.com,UK,Khobar,smart_speaker,2019-08-25,trial,23,f
usr_000125,Fatima,fatima_9616@icloud.com,OM,Medina,ios,2020-12-28,premium_annual,,M
usr_000126,Sarah,sarah_4409@outlook.sa,LB,Riyadh,smart_speaker,2021-06-25,premium,54,
usr_000127,Lamia,lamia_6944@outlook.sa,FR,Medina,android,06-05-2022,trial,49,
usr_000128,حسن,حسن_9979@yahoo.com,QA,Abha,ios,13/03/2023,premium_annual,56,male
usr_000129,عائشة,عائشة_3938@gmail.com,DE,,car_play,2022-05-08T00:00:00,trial,59,F
usr_000130,Zainab,zainab_9373@hotmail.com,OM,,android,2023-05-10T00:00:00,trial,58,male
usr_000131,لمياء,لمياء_9160@hotmail.com,US,,ios,2020-02-04,premium,63,
usr_000132,منى,منى_1930@outlook.sa,SA,,car_play,2021-12-03,free,28,m
usr_000133,فهد,فهد_2251@hotmail.com,OM,Buraidah,smart_speaker,20/08/2023,premium,61,F
usr_000134,Reem,reem_4915@gmail.com,US,,ios,2019-09-19,free,40,m
usr_000135,Khalid,khalid_8701@hotmail.com,SA,Mecca,android,09/03/2023,premium_annual,22,female
usr_000136,عائشة,عائشة_9771@icloud.com,OM,Dammam,web,04-06-2022,trial,28,F
usr_000137,محمد,محمد_9662@icloud.com,KW,Riyadh,smart_speaker,21/06/2020,premium_annual,55,M
usr_000138,Tariq,tariq_7280@outlook.sa,AE,Abha,android,2019-07-17,premium,56,M
usr_000139,Fahad,fahad_6863@gmail.com,LB,,ios,2022-01-10,premium_annual,22,female
usr_000140,طارق,طارق_4840@hotmail.com,SA,Mecca,smart_speaker,2021-04-06,premium_annual,16,f
usr_000141,عبدالله,عبدالله_8384@gmail.com,UK,,web,16/07/2024,premium,34,male
usr_000142,خالد,خالد_6980@gmail.com,AE,,ios,2022-04-05,free,58,f
usr_000143,Abdullah,abdullah_6106@yahoo.com,KW,Tabuk,smart_speaker,03/01/2022,premium_annual,60,
usr_000144,Ahmed,,EG,,smart_speaker,2020-06-26,trial,40,
usr_000145,فاطمة,فاطمة_1851@outlook.sa,JO,Medina,web,2020-06-19T00:00:00,free,59,m
usr_000146,حسن,حسن_1561@outlook.sa,US,,smart_speaker,2022-10-17,premium_annual,57,female
usr_000147,نورة,نورة_8284@outlook.sa,FR,Dammam,ios,2019-08-12,trial,37,male
usr_000148,Abdullah,abdullah_7522@outlook.sa,DE,Jeddah,smart_speaker,10/07/2023,trial,47,f
usr_000149,Hassan,hassan_4991@icloud.com,LB,Abha,web,2019-01-01T00:00:00,premium_annual,30,
usr_000150,ريم,ريم_36@yahoo.com,OM,,web,2024-01-28T00:00:00,premium_annual,18,F
usr_000151,ياسر,ياسر_3533@outlook.sa,FR,,web,2021-03-13T00:00:00,free,18,f
usr_000152,فاطمة,فاطمة_72@icloud.com,UK,Tabuk,car_play,27/08/2024,trial,65,F
usr_000153,ياسر,ياسر_6860@icloud.com,UK,,web,11/08/2022,trial,34,female
usr_000154,مريم,مريم_5144@icloud.com,US,Mecca,car_play,2024-09-29T00:00:00,premium_annual,59,F
usr_000155,Omar,omar_9213@outlook.sa,MA,Tabuk,car_play,2022-08-13,premium_annual,43,
usr_000156,Sarah,sarah_4375@hotmail.com,QA,Dammam,ios,2019-08-06,premium_annual,50,M
usr_000157,عائشة,عائشة_4654@gmail.com,QA,Taif,web,2021-07-14,premium,55,m
usr_000158,Omar,omar_9641@icloud.com,UK,Mecca,web,2023-12-20,trial,59,M
usr_000159,لمياء,لمياء_9120@yahoo.com,KW,Medina,ios,2023-03-26,premium_annual,25,M
usr_000160,زينب,زينب_9014@yahoo.com,AE,,web,18/05/2022,premium,49,M
usr_000161,سارة,سارة_5438@yahoo.com,OM,Buraidah,car_play,2022-12-02,trial,64,f
usr_000162,Khalid,khalid_6249@gmail.com,EG,Medina,ios,25/09/2021,premium_annual,48,female
usr_000163,Noura,noura_8815@icloud.com,SA,Mecca,android,2019-12-04T00:00:00,trial,29,m
usr_000164,Fahad,fahad_390@outlook.sa,UK,Jeddah,ios,2019-10-23,free,32,m
usr_000165,ياسر,ياسر_7095@yahoo.com,SA,Jeddah,car_play,2023-07-28T00:00:00,free,55,M
usr_000166,هند,هند_9938@gmail.com,QA,,smart_speaker,03-10-2020,trial,58,M
usr_000167,Fahad,fahad_4884@yahoo.com,SA,Taif,android,2022-04-23T00:00:00,free,,m
usr_000168,عائشة,عائشة_2334@hotmail.com,KW,Medina,android,2022-11-09,free,52,
usr_000169,Abdullah,abdullah_4763@gmail.com,QA,Buraidah,smart_speaker,2024-03-04,premium_annual,58,f
usr_000170,منى,منى_5380@icloud.com,US,Buraidah,android,2021-03-03,premium_annual,43,F
usr_000171,عمر,عمر_2201@yahoo.com,JO,Khobar,web,2023-11-22T00:00:00,trial,27,f
usr_000172,Abdullah,abdullah_1236@gmail.com,FR,Riyadh,car_play,2021-12-14T00:00:00,trial,29,M
usr_000173,زينب,زينب_4768@hotmail.com,JO,Jeddah,smart_speaker,2023-02-07T00:00:00,premium_annual,58,F
usr_000174,زينب,زينب_9271@hotmail.com,UK,,web,2024-01-02,free,47,F
usr_000175,عمر,عمر_6359@outlook.sa,JO,,ios,04-26-2021,premium_annual,49,f
usr_000176,عبدالله,عبدالله_8466@yahoo.com,EG,,android,03-31-2023,trial,38,female
usr_000177,لمياء,لمياء_3466@hotmail.com,KW,Buraidah,ios,2021-07-31,premium,37,f
usr_000178,Tariq,tariq_368@hotmail.com,SA,Buraidah,android,2020-10-22,premium,18,m
usr_000179,زينب,زينب_306@yahoo.com,AE,Buraidah,smart_speaker,2023-07-19,trial,42,m
usr_000180,خالد,خالد_7430@icloud.com,MA,Tabuk,smart_speaker,09-23-2024,premium,28,m
usr_000181,Hassan,hassan_640@icloud.com,LB,,ios,2024-05-03T00:00:00,trial,54,m
usr_000182,Aisha,aisha_7029@hotmail.com,DE,Tabuk,web,02-26-2023,free,32,female
usr_000183,محمد,محمد_9470@icloud.com,AE,Tabuk,android,11-21-2021,premium_annual,22,F
usr_000184,Yasser,yasser_3338@outlook.sa,LB,,smart_speaker,2022-02-02,premium,51,female
usr_000185,Sultan,sultan_3765@outlook.sa,DE,Dammam,ios,2023-06-19T00:00:00,premium,37,
usr_000186,Fahad,fahad_7728@icloud.com,EG,Medina,android,01-22-2019,premium_annual,,M
usr_000187,Noura,noura_8100@outlook.sa,SA,Taif,web,2019-08-24T00:00:00,premium,,m
usr_000188,Abdullah,abdullah_4521@outlook.sa,OM,Tabuk,car_play,2019-01-02,premium,63,f
usr_000189,لمياء,لمياء_3708@icloud.com,BH,Tabuk,car_play,2022-11-26,free,42,m
usr_000190,Lamia,lamia_8814@icloud.com,QA,Tabuk,car_play,24/04/2020,trial,64,male
usr_000191,لمياء,لمياء_1107@outlook.sa,US,,android,23/04/2019,premium,42,male
usr_000192,خالد,خالد_1246@icloud.com,KW,Khobar,android,16/01/2020,premium_annual,63,f
usr_000193,Sarah,sarah_3756@hotmail.com,FR,Buraidah,web,2021-09-18T00:00:00,premium,23,M
usr_000194,Omar,omar_5168@outlook.sa,MA,,smart_speaker,2019-06-23,premium,48,male
usr_000195,مريم,مريم_534@icloud.com,OM,Dammam,smart_speaker,30/09/2023,free,45,male
usr_000196,لمياء,لمياء_3067@icloud.com,QA,Abha,car_play,2022-08-25,premium_annual,47,female
usr_000197,نورة,نورة_9362@hotmail.com,MA,Jeddah,web,2023-06-29,premium,40,F
usr_000198,فاطمة,فاطمة_2204@icloud.com,LB,,smart_speaker,2019-02-09,premium_annual,52,M
usr_000199,سلطان,سلطان_7371@yahoo.com,QA,Taif,car_play,2021-11-07,premium_annual,42,M
usr_000200,Hind,hind_5819@yahoo.com,US,Abha,ios,2020-12-15T00:00:00,trial,45,f
usr_000201,Abdullah,abdullah_1297@hotmail.com,OM,Khobar,web,2023-07-16T00:00:00,premium_annual,41,male
usr_000202,نورة,نورة_379@hotmail.com,UK,Medina,ios,2024-01-19,premium,22,M
usr_000203,Aisha,aisha_1364@gmail.com,QA,Jeddah,smart_speaker,18/04/2019,premium_annual,63,male
usr_000204,Khalid,khalid_7802@outlook.sa,FR,Medina,car_play,2019-05-24,trial,60,m
usr_000205,مريم,,JO,Jeddah,smart_speaker,2023-11-17,premium_annual,32,F
usr_000206,فاطمة,فاطمة_8768@gmail.com,UK,,smart_speaker,2020-07-12T00:00:00,premium_annual,,female
usr_000207,نورة,نورة_6386@outlook.sa,BH,Tabuk,android,26/11/2023,premium_annual,63,m
usr_000208,منى,منى_7419@yahoo.com,UK,Mecca,web,2022-04-01,free,50,M
usr_000209,Reem,reem_1478@hotmail.com,SA,Khobar,smart_speaker,12-01-2023,premium_annual,47,male
usr_000210,ياسر,ياسر_1170@icloud.com,JO,Medina,smart_speaker,2019-08-18,free,65,f
usr_000211,سلطان,سلطان_8539@hotmail.com,JO,Medina,web,05-18-2019,premium,18,f
usr_000212,Sarah,sarah_1851@hotmail.com,US,Riyadh,android,2019-08-02,premium_annual,41,
usr_000213,Fahad,fahad_6085@gmail.com,BH,Jeddah,car_play,2024-04-30,premium_annual,64,f
usr_000214,ريم,ريم_5190@icloud.com,DE,Khobar,smart_speaker,2020-03-15,premium,,female
usr_000215,Mariam,mariam_4829@icloud.com,UK,Buraidah,android,2024-06-10T00:00:00,premium_annual,45,male
usr_000216,لمياء,لمياء_8874@yahoo.com,JO,Taif,smart_speaker,2024-01-15,premium,55,
usr_000217,Mariam,mariam_6349@hotmail.com,LB,Taif,android,2019-09-17,premium_annual,57,male
usr_000218,أحمد,أحمد_3311@gmail.com,JO,Riyadh,car_play,15/06/2020,trial,49,m
usr_000219,سارة,سارة_8052@gmail.com,JO,,ios,2019-10-18,premium_annual,42,
usr_000220,عبدالله,عبدالله_4980@gmail.com,BH,,ios,2021-12-24,free,50,female
usr_000221,مريم,مريم_6803@gmail.com,DE,Khobar,smart_speaker,2021-01-02,trial,26,
usr_000222,حسن,حسن_7259@yahoo.com,OM,Khobar,web,2020-10-09T00:00:00,trial,43,
usr_000223,منى,منى_7332@outlook.sa,SA,,web,2021-11-06,free,35,M
usr_000224,Lamia,lamia_9072@icloud.com,LB,Buraidah,android,2019-03-30,free,,male
usr_000225,هند,هند_1506@icloud.com,EG,Mecca,ios,2021-10-20T00:00:00,premium_annual,27,female
usr_000226,زينب,زينب_6252@gmail.com,DE,Khobar,web,2022-05-15T00:00:00,trial,23,
usr_000227,عائشة,عائشة_675@yahoo.com,LB,Khobar,car_play,2023-04-16T00:00:00,premium,59,f
usr_000228,ياسر,ياسر_2426@hotmail.com,OM,Buraidah,ios,2023-11-05T00:00:00,trial,41,m
usr_000229,Sarah,sarah_9195@icloud.com,UK,Mecca,ios,08/06/2023,premium_annual,36,f
usr_000230,عمر,عمر_9731@gmail.com,DE,Khobar,car_play,27/11/2022,trial,44,M
usr_000231,أحمد,أحمد_3983@icloud.com,KW,,web,18/12/2019,free,23,male
usr_000232,لمياء,لمياء_8992@outlook.sa,MA,,android,2021-04-14,free,58,m
usr_000233,محمد,محمد_1092@outlook.sa,US,Khobar,ios,2022-01-16,free,57,female
usr_000234,Fatima,fatima_9783@icloud.com,AE,Taif,smart_speaker,2020-02-12,free,,m
usr_000235,عمر,,BH,,car_play,2019-03-17T00:00:00,premium_annual,56,male
usr_000236,خالد,خالد_6437@hotmail.com,AE,,car_play,21/02/2022,premium,52,F
usr_000237,فهد,فهد_9520@icloud.com,US,,android,2020-06-23T00:00:00,premium_annual,49,F
usr_000238,مريم,مريم_8733@gmail.com,KW,Dammam,ios,2020-10-09,premium_annual,42,female
usr_000239,سارة,,KW,Buraidah,car_play,26/01/2022,premium_annual,55,F
usr_000240,Khalid,khalid_1932@hotmail.com,QA,Khobar,android,2024-05-20,trial,24,m
usr_000241,Sarah,sarah_3352@gmail.com,KW,,smart_speaker,2021-06-30T00:00:00,trial,45,F
usr_000242,Zainab,zainab_9729@icloud.com,LB,Riyadh,car_play,03/06/2023,free,18,F
usr_000243,منى,منى_6522@yahoo.com,DE,,smart_speaker,07-21-2019,premium,55,M
usr_000244,زينب,زينب_8953@hotmail.com,EG,Abha,ios,12/08/2024,premium,61,F
usr_000245,Sultan,sultan_1495@gmail.com,UK,Khobar,ios,02/11/2020,trial,48,m
usr_000246,فهد,فهد_2657@hotmail.com,KW,,ios,04/10/2022,trial,62,
usr_000247,لمياء,لمياء_201@outlook.sa,JO,,car_play,2021-04-10,free,47,F
usr_000248,حسن,حسن_108@hotmail.com,LB,Taif,android,2023-12-15,free,19,f
usr_000249,عبدالله,عبدالله_804@gmail.com,EG,,android,05-07-2022,premium_annual,60,f
usr_000250,هند,هند_5290@yahoo.com,EG,,smart_speaker,27/05/2019,free,24,M
usr_000251,Sultan,sultan_9362@icloud.com,AE,Buraidah,web,05-06-2021,trial,36,male
usr_000252,نورة,نورة_9985@hotmail.com,UK,Mecca,ios,07-31-2024,free,,f
usr_000253,مريم,,US,Medina,web,2019-07-06,free,48,m
usr_000254,زينب,زينب_478@hotmail.com,BH,Khobar,smart_speaker,2022-10-30T00:00:00,trial,57,F
usr_000255,Ahmed,ahmed_8538@yahoo.com,MA,,web,08-23-2023,free,59,male
usr_000256,ياسر,,MA,Dammam,car_play,08/05/2019,free,64,male
usr_000257,Omar,,BH,Dammam,ios,28/07/2024,premium_annual,65,F
usr_000258,خالد,,QA,,android,10/08/2024,free,49,f
usr_000259,أحمد,أحمد_9737@gmail.com,OM,Riyadh,ios,2020-04-19,premium_annual,,
usr_000260,مريم,مريم_5229@outlook.sa,US,Dammam,android,27/02/2021,premium_annual,55,m
usr_000261,Hind,hind_9406@hotmail.com,KW,Buraidah,web,08-02-2020,trial,,M
usr_000262,Zainab,zainab_7305@icloud.com,OM,Mecca,car_play,03/01/2021,free,64,
usr_000263,هند,هند_7626@outlook.sa,BH,,android,2024-04-02T00:00:00,premium_annual,41,F
usr_000264,سلطان,سلطان_5759@outlook.sa,JO,,web,2019-05-04,premium_annual,24,m
usr_000265,عبدالله,عبدالله_4950@icloud.com,JO,Tabuk,android,2022-08-27,premium,46,female
usr_000266,Tariq,tariq_9294@yahoo.com,LB,Dammam,ios,2023-11-01,trial,54,female
usr_000267,Abdullah,abdullah_9802@gmail.com,US,,smart_speaker,2022-06-15,premium_annual,58,M
usr_000268,Fahad,fahad_7422@icloud.com,QA,Buraidah,smart_speaker,01-01-2019,premium,36,male
usr_000269,Zainab,zainab_134@icloud.com,LB,Dammam,web,2022-11-11,free,51,M
usr_000270,Mohammed,mohammed_3855@outlook.sa,UK,Khobar,smart_speaker,25/03/2020,trial,50,F
usr_000271,Fahad,fahad_4727@hotmail.com,KW,Riyadh,android,2023-01-15,trial,24,M
usr_000272,Mona,mona_8347@outlook.sa,LB,,smart_speaker,2023-10-10,premium_annual,43,m
usr_000273,مريم,مريم_9443@yahoo.com,SA,,car_play,08-17-2024,trial,23,m
usr_000274,عبدالله,عبدالله_8575@icloud.com,AE,Jeddah,car_play,18/02/2022,premium_annual,37,m
usr_000275,هند,هند_4739@hotmail.com,SA,Buraidah,web,2022-09-19T00:00:00,premium_annual,,female
usr_000276,عبدالله,عبدالله_2078@icloud.com,AE,,web,22/04/2019,premium_annual,33,male
usr_000277,Omar,omar_2874@yahoo.com,DE,,smart_speaker,2020-09-11T00:00:00,premium,18,male
usr_000278,Reem,reem_7212@hotmail.com,BH,Khobar,ios,2023-08-19,premium_annual,23,M
usr_000279,ياسر,,KW,Tabuk,ios,2021-08-15T00:00:00,premium_annual,44,female
usr_000280,Tariq,tariq_4467@yahoo.com,QA,Jeddah,web,2022-12-20,trial,59,f
usr_000281,Noura,noura_5133@icloud.com,SA,Jeddah,ios,14/10/2022,trial,,M
usr_000282,عبدالله,عبدالله_932@icloud.com,US,,android,20/05/2019,free,23,M
usr_000283,Noura,noura_4151@yahoo.com,JO,Jeddah,smart_speaker,26/01/2021,premium_annual,60,f
usr_000284,خالد,خالد_985@yahoo.com,FR,Abha,ios,2019-09-13,trial,28,m
usr_000285,سلطان,سلطان_7235@yahoo.com,AE,Jeddah,car_play,2023-11-02,premium_annual,17,female
usr_000286,خالد,خالد_6412@icloud.com,SA,Abha,smart_speaker,19/05/2023,trial,62,
usr_000287,مريم,مريم_5881@yahoo.com,US,Riyadh,ios,05-28-2024,premium_annual,37,M
usr_000288,Hind,hind_6392@gmail.com,US,Abha,ios,2023-04-23,trial,24,M
usr_000289,مريم,مريم_5042@outlook.sa,LB,,smart_speaker,2024-06-26,free,,M
usr_000290,Aisha,aisha_7510@icloud.com,KW,,android,17/05/2021,free,,F
usr_000291,Fahad,fahad_236@hotmail.com,US,Medina,ios,21/09/2021,trial,53,M
usr_000292,سارة,سارة_6984@yahoo.com,DE,,smart_speaker,22/06/2021,premium_annual,59,m
usr_000293,خالد,خالد_1036@gmail.com,QA,Tabuk,android,06/07/2019,premium_annual,44,F
usr_000294,Mohammed,mohammed_7979@gmail.com,SA,Jeddah,car_play,21/03/2023,premium_annual,65,female
usr_000295,نورة,نورة_617@icloud.com,KW,,car_play,08-15-2023,free,35,male
usr_000296,Mariam,mariam_8316@hotmail.com,JO,,android,2023-01-22T00:00:00,premium_annual,,M
usr_000297,عمر,عمر_4671@hotmail.com,EG,Buraidah,smart_speaker,2019-06-26,free,19,m
usr_000298,ريم,ريم_7288@icloud.com,MA,Mecca,web,2020-04-20,premium,36,F
usr_000299,Abdullah,abdullah_7717@icloud.com,JO,Tabuk,android,2023-03-19,premium,45,F
usr_000300,Sarah,sarah_5504@hotmail.com,SA,Riyadh,web,01-08-2023,premium,45,female
usr_000301,مريم,مريم_3764@gmail.com,EG,,smart_speaker,2020-11-27,premium,45,male
usr_000302,زينب,زينب_3644@icloud.com,KW,,ios,10-12-2021,trial,18,female
usr_000303,ريم,ريم_1362@icloud.com,DE,Tabuk,android,06/02/2020,premium,31,f
usr_000304,Zainab,zainab_400@outlook.sa,JO,,smart_speaker,2024-02-25T00:00:00,premium,39,f
usr_000305,هند,هند_6978@yahoo.com,UK,,car_play,09-25-2022,premium,21,m
usr_000306,عمر,عمر_7625@icloud.com,SA,Dammam,car_play,2019-07-31,free,65,F
usr_000307,Zainab,zainab_3438@hotmail.com,OM,Medina,car_play,2024-05-13,trial,20,male
usr_000308,مريم,مريم_8731@yahoo.com,JO,Jeddah,android,17/05/2020,trial,,female
usr_000309,Khalid,khalid_5212@outlook.sa,QA,Mecca,android,2022-02-07,free,26,female
usr_000310,Reem,reem_8514@yahoo.com,EG,Khobar,smart_speaker,01/04/2019,trial,52,F
usr_000311,Ahmed,ahmed_2431@yahoo.com,QA,Dammam,car_play,2023-03-04T00:00:00,premium,34,F
usr_000312,خالد,خالد_9414@hotmail.com,JO,Dammam,android,2021-09-01,free,38,F
usr_000313,محمد,محمد_6629@outlook.sa,DE,Abha,web,2022-05-20T00:00:00,premium,,f
usr_000314,Mona,mona_5550@gmail.com,UK,Riyadh,android,25/08/2020,free,41,m
usr_000315,ريم,ريم_4554@hotmail.com,SA,Abha,ios,2021-03-10T00:00:00,trial,36,m
usr_000316,عمر,عمر_200@yahoo.com,OM,Abha,car_play,10-18-2023,free,44,f
usr_000317,Tariq,tariq_2287@icloud.com,MA,Mecca,web,2023-10-03,trial,49,male
usr_000318,لمياء,لمياء_6792@hotmail.com,LB,Buraidah,android,29/12/2019,premium,40,male
usr_000319,منى,منى_3679@gmail.com,DE,Medina,web,29/05/2022,trial,58,male
usr_000320,Fatima,fatima_1094@icloud.com,UK,Abha,car_play,05-03-2020,trial,56,f
usr_000321,أحمد,أحمد_2395@yahoo.com,JO,,android,11-29-2021,premium_annual,33,male
usr_000322,نورة,نورة_1549@icloud.com,DE,Khobar,web,2019-11-11,premium_annual,60,f
usr_000323,عائشة,عائشة_4611@yahoo.com,DE,Khobar,android,2020-08-11T00:00:00,free,48,F
usr_000324,طارق,طارق_9739@hotmail.com,QA,Mecca,smart_speaker,2020-04-19,premium_annual,41,male
usr_000325,Fahad,fahad_3713@yahoo.com,KW,Jeddah,smart_speaker,11/06/2020,free,,
usr_000326,لمياء,لمياء_710@gmail.com,QA,Jeddah,ios,31/08/2019,premium,28,F
usr_000327,Omar,omar_5771@hotmail.com,FR,Buraidah,android,2022-02-10T00:00:00,free,,m
usr_000328,Sultan,sultan_3507@icloud.com,FR,,web,01-18-2019,premium,22,F
usr_000329,سلطان,سلطان_8516@hotmail.com,JO,,web,2022-07-11,free,,female
usr_000330,Mona,,EG,Tabuk,android,2022-07-01,free,46,f
usr_000331,عائشة,عائشة_1393@gmail.com,KW,Buraidah,ios,2020-03-06,premium,,F
usr_000332,طارق,طارق_8178@yahoo.com,DE,,car_play,2020-05-17,premium_annual,57,female
usr_000333,فهد,فهد_7449@gmail.com,AE,Abha,android,2024-06-07,premium,,f
usr_000334,خالد,خالد_2503@yahoo.com,MA,Jeddah,car_play,03/01/2021,trial,28,male
usr_000335,Ahmed,ahmed_7052@gmail.com,EG,Tabuk,smart_speaker,03-14-2019,trial,,F
usr_000336,ياسر,ياسر_7987@gmail.com,MA,Taif,car_play,2020-07-04,trial,26,m
usr_000337,Omar,omar_4661@yahoo.com,SA,Riyadh,android,2023-03-28,premium_annual,63,m
usr_000338,عمر,عمر_6750@yahoo.com,SA,Mecca,android,03/02/2020,premium_annual,60,M
usr_000339,طارق,طارق_9307@icloud.com,EG,Abha,car_play,2019-06-03,free,40,m
usr_000340,Sarah,sarah_5505@outlook.sa,LB,,web,2020-02-14,premium,39,female
usr_000341,Mariam,mariam_3508@yahoo.com,QA,Buraidah,smart_speaker,05/11/2019,premium,21,f
usr_000342,عمر,عمر_1257@yahoo.com,LB,,smart_speaker,30/04/2024,premium_annual,41,male
usr_000343,Aisha,aisha_3057@icloud.com,JO,Abha,web,2019-03-18,trial,62,f
usr_000344,هند,هند_7134@outlook.sa,OM,,ios,2021-09-11,premium,33,
usr_000345,سلطان,سلطان_2457@hotmail.com,SA,Medina,smart_speaker,25/08/2021,trial,43,female
usr_000346,Lamia,lamia_9023@hotmail.com,US,,smart_speaker,2021-11-24,free,,M
usr_000347,Abdullah,abdullah_6503@hotmail.com,BH,Taif,ios,07-26-2023,premium_annual,21,F
usr_000348,Sarah,sarah_2364@gmail.com,KW,Medina,smart_speaker,24/08/2021,trial,53,M
usr_000349,ريم,ريم_4551@hotmail.com,OM,Khobar,web,2023-10-02T00:00:00,free,54,M
usr_000350,ياسر,ياسر_5068@yahoo.com,DE,Taif,android,2021-09-08,trial,41,male
usr_000351,نورة,نورة_7191@yahoo.com,DE,,smart_speaker,03/05/2022,free,21,
usr_000352,Sultan,sultan_2628@yahoo.com,LB,Tabuk,car_play,2022-09-24,premium_annual,17,
usr_000353,سارة,سارة_5007@yahoo.com,MA,Dammam,android,11/07/2020,premium,59,female
usr_000354,زينب,,BH,Khobar,android,2021-12-03,trial,52,F
usr_000355,Mona,mona_3249@yahoo.com,UK,,ios,2021-07-25,trial,54,male
usr_000356,عائشة,عائشة_7130@outlook.sa,FR,Jeddah,android,25/04/2020,premium,33,male
usr_000357,Hind,hind_3103@outlook.sa,KW,Dammam,ios,01/06/2021,premium_annual,31,m
usr_000358,فهد,فهد_5297@outlook.sa,US,Tabuk,smart_speaker,2019-12-18,premium_annual,,m
usr_000359,Hassan,hassan_746@gmail.com,QA,Tabuk,web,2022-12-22,trial,24,m
usr_000360,Mona,mona_2162@gmail.com,OM,,smart_speaker,11/07/2024,premium,36,M
usr_000361,Hind,hind_4313@icloud.com,FR,,web,16/01/2023,premium_annual,26,male
usr_000362,فهد,فهد_895@hotmail.com,KW,Medina,android,2023-12-08T00:00:00,trial,47,M
usr_000363,خالد,خالد_1036@gmail.com,QA,Tabuk,android,2020-09-04,premium_annual,44,F
usr_000364,Reem,,OM,Jeddah,smart_speaker,2023-09-02,premium_annual,22,
usr_000365,لمياء,لمياء_9736@gmail.com,OM,,car_play,05-19-2024,trial,62,f
usr_000366,أحمد,,MA,Tabuk,web,2022-03-04,premium,65,
usr_000367,Hind,hind_2526@gmail.com,QA,Tabuk,web,2023-05-11,premium,22,
usr_000368,زينب,زينب_9836@outlook.sa,AE,,web,2023-05-09,premium,43,M
usr_000369,Fahad,fahad_8116@icloud.com,US,Jeddah,web,2021-07-07,trial,46,male
usr_000370,هند,هند_9315@gmail.com,LB,Riyadh,car_play,2021-10-15T00:00:00,free,42,M
usr_000371,منى,منى_2942@hotmail.com,FR,Jeddah,smart_speaker,24/08/2024,premium_annual,62,female
usr_000372,عبدالله,عبدالله_9897@yahoo.com,FR,Tabuk,car_play,2021-02-05,free,,M
usr_000373,Hassan,hassan_7975@yahoo.com,MA,,car_play,2023-07-18,premium_annual,60,f
usr_000374,محمد,محمد_3084@gmail.com,BH,Dammam,android,2019-02-26,trial,50,F
usr_000375,نورة,,JO,Abha,car_play,25/09/2023,premium,52,
usr_000376,Fatima,fatima_9481@icloud.com,UK,Medina,ios,2023-11-04T00:00:00,trial,48,m
usr_000377,طارق,طارق_9444@yahoo.com,LB,Tabuk,smart_speaker,06/09/2019,free,57,male
usr_000378,ريم,ريم_8318@hotmail.com,MA,,web,2024-04-06T00:00:00,trial,34,f
usr_000379,Noura,noura_3395@yahoo.com,UK,,smart_speaker,2024-04-18T00:00:00,premium,26,m
usr_000380,Omar,omar_4274@yahoo.com,US,Taif,ios,2019-07-12,free,23,m
usr_000381,Ahmed,ahmed_9127@yahoo.com,KW,,car_play,10-25-2022,free,44,
usr_000382,Ahmed,ahmed_8312@gmail.com,KW,Mecca,web,22/02/2020,premium,61,female
usr_000383,فهد,فهد_2015@hotmail.com,JO,,ios,2023-01-29,premium,46,male
usr_000384,ريم,ريم_2484@icloud.com,EG,,android,2023-08-27T00:00:00,trial,42,female
usr_000385,Aisha,aisha_1141@gmail.com,OM,Dammam,smart_speaker,10/02/2019,free,18,f
usr_000386,مريم,مريم_4987@yahoo.com,OM,Medina,car_play,2022-04-26,premium,44,f
usr_000387,Yasser,yasser_3233@yahoo.com,AE,Khobar,smart_speaker,2023-12-17,premium,50,male
usr_000388,Noura,noura_384@gmail.com,DE,Medina,android,10-27-2022,premium_annual,48,M
usr_000389,زينب,زينب_86@outlook.sa,OM,,car_play,2020-05-25T00:00:00,premium,34,f
usr_000390,عائشة,عائشة_9542@hotmail.com,FR,,smart_speaker,11/10/2021,free,43,
usr_000391,عمر,عمر_8623@outlook.sa,MA,Tabuk,web,29/05/2021,trial,44,f
usr_000392,فاطمة,فاطمة_7500@hotmail.com,UK,Taif,ios,2020-08-14,premium,18,f
usr_000393,Tariq,tariq_1808@gmail.com,OM,Riyadh,car_play,2020-05-01,premium,35,male
usr_000394,Tariq,tariq_798@yahoo.com,QA,Abha,ios,2020-08-05,free,20,
usr_000395,Yasser,yasser_7787@icloud.com,KW,,car_play,2024-01-27,trial,58,female
usr_000396,ياسر,ياسر_5555@icloud.com,SA,,smart_speaker,2023-08-05,premium_annual,26,f
usr_000397,سلطان,سلطان_9165@gmail.com,BH,,car_play,06-19-2022,free,49,F
usr_000398,سارة,سارة_4019@icloud.com,JO,Taif,car_play,19/03/2019,premium_annual,18,female
usr_000399,عبدالله,عبدالله_1879@gmail.com,LB,Dammam,android,07-23-2022,premium_annual,25,male
usr_000400,سلطان,سلطان_5244@hotmail.com,EG,,web,2019-08-28,trial,23,M
usr_000401,عائشة,عائشة_6309@gmail.com,QA,Abha,car_play,12/07/2024,trial,,M
usr_000402,مريم,مريم_2058@yahoo.com,MA,Jeddah,car_play,20/02/2020,premium,25,male
usr_000403,منى,منى_4740@hotmail.com,SA,Abha,web,25/01/2024,premium_annual,40,male
usr_000404,Zainab,zainab_1146@yahoo.com,AE,Jeddah,android,2020-10-23T00:00:00,premium_annual,29,m
usr_000405,خالد,,JO,,web,01-29-2024,free,24,f
usr_000406,Mariam,mariam_1330@gmail.com,LB,Abha,ios,25/06/2024,premium_annual,40,
usr_000407,عمر,عمر_3162@outlook.sa,SA,Riyadh,web,2019-02-04,premium_annual,55,f
usr_000408,Ahmed,ahmed_4600@outlook.sa,UK,,android,2024-07-15,free,56,female
usr_000409,زينب,زينب_9880@icloud.com,KW,Dammam,ios,2020-11-29,premium,52,
usr_000410,Mohammed,mohammed_8732@icloud.com,QA,Abha,ios,24/02/2021,trial,57,M
usr_000411,Mona,mona_8120@yahoo.com,LB,,android,13/05/2020,free,42,m
usr_000412,Reem,reem_6944@gmail.com,BH,Khobar,web,2019-04-14T00:00:00,free,22,M
usr_000413,فاطمة,فاطمة_3906@yahoo.com,FR,Khobar,car_play,2021-10-22T00:00:00,premium,65,m
usr_000414,Yasser,yasser_5133@gmail.com,DE,Abha,ios,2019-09-06,premium_annual,43,M
usr_000415,حسن,حسن_6736@hotmail.com,FR,Buraidah,ios,12/04/2023,trial,43,m
usr_000416,زينب,زينب_3154@gmail.com,AE,Jeddah,car_play,03/02/2024,premium,24,f
usr_000417,أحمد,أحمد_992@hotmail.com,QA,Taif,web,2021-01-31,premium_annual,50,
usr_000418,محمد,محمد_8482@icloud.com,US,Riyadh,android,07/04/2022,free,28,F
usr_000419,Fatima,fatima_1893@yahoo.com,DE,Abha,web,2024-05-25,free,40,F
usr_000420,سارة,سارة_3917@outlook.sa,UK,,web,01/08/2021,trial,27,
usr_000421,منى,منى_3186@icloud.com,DE,Riyadh,android,16/04/2020,premium,30,male
usr_000422,لمياء,لمياء_1658@gmail.com,FR,Tabuk,ios,2019-03-30,premium_annual,35,female
usr_000423,Abdullah,abdullah_1942@hotmail.com,KW,,android,2023-11-12T00:00:00,trial,36,m
usr_000424,Khalid,khalid_4050@gmail.com,US,,android,04-19-2022,trial,21,
usr_000425,عائشة,عائشة_7607@hotmail.com,OM,,car_play,2024-09-16,trial,47,female
usr_000426,سارة,سارة_7407@hotmail.com,EG,Tabuk,smart_speaker,30/05/2019,premium,39,male
usr_000427,أحمد,,MA,Abha,smart_speaker,2022-12-11,trial,47,male
usr_000428,Omar,,FR,Taif,ios,2021-12-23,premium_annual,22,M
usr_000429,Lamia,lamia_4960@yahoo.com,BH,,android,2021-03-16,premium_annual,,male
usr_000430,Mohammed,mohammed_7734@icloud.com,DE,,smart_speaker,2023-07-20T00:00:00,premium,63,F
usr_000431,عبدالله,عبدالله_5130@hotmail.com,EG,,smart_speaker,2024-03-04,premium,51,M
usr_000432,عمر,عمر_5568@hotmail.com,EG,Tabuk,car_play,02-09-2019,premium_annual,17,m
usr_000433,Sarah,sarah_6401@gmail.com,LB,Abha,ios,21/05/2023,premium_annual,44,f
usr_000434,Hassan,hassan_8006@gmail.com,KW,Tabuk,web,2019-05-12,premium,58,m
usr_000435,طارق,طارق_6408@hotmail.com,AE,Tabuk,smart_speaker,04/12/2020,free,29,F
usr_000436,Hind,hind_9626@hotmail.com,LB,,smart_speaker,2020-10-12,premium_annual,25,female
usr_000437,Fatima,fatima_7540@outlook.sa,MA,Jeddah,web,2022-09-09,trial,61,
usr_000438,نورة,نورة_7080@outlook.sa,EG,,android,18/12/2020,free,18,F
usr_000439,Sarah,sarah_8086@outlook.sa,DE,Khobar,ios,01/10/2019,free,65,male
usr_000440,منى,منى_6245@yahoo.com,UK,Mecca,smart_speaker,20/04/2019,free,,M
usr_000441,مريم,مريم_3970@outlook.sa,KW,Medina,android,2024-03-04,premium,54,M
usr_000442,محمد,محمد_4477@hotmail.com,JO,Mecca,ios,2020-11-20T00:00:00,premium,19,
usr_000443,منى,منى_3186@icloud.com,DE,Riyadh,android,2022-06-23,premium,30,male
usr_000444,سلطان,سلطان_2751@hotmail.com,SA,Jeddah,web,2019-09-16,premium_annual,28,m
usr_000445,سلطان,سلطان_5843@yahoo.com,KW,Khobar,ios,09/05/2020,trial,30,M
usr_000446,حسن,حسن_8186@gmail.com,UK,Buraidah,android,2021-06-14T00:00:00,premium_annual,54,male
usr_000447,خالد,,OM,Buraidah,smart_speaker,09-22-2022,trial,63,F
usr_000448,طارق,طارق_3991@icloud.com,AE,Khobar,smart_speaker,23/05/2020,premium_annual,40,F
usr_000449,Khalid,khalid_2200@yahoo.com,OM,Riyadh,car_play,2023-12-23,trial,34,
usr_000450,أحمد,أحمد_4069@hotmail.com,MA,,car_play,2021-09-19,premium_annual,56,M
usr_000451,Fahad,fahad_3346@hotmail.com,AE,Taif,android,02/08/2019,premium,43,f
usr_000452,زينب,زينب_7345@hotmail.com,QA,,smart_speaker,2021-10-16,free,39,female
usr_000453,Fatima,fatima_325@outlook.sa,EG,,web,2023-11-11,premium,27,male
usr_000454,فهد,فهد_7689@hotmail.com,KW,,ios,2024-05-23,free,62,f
usr_000455,Omar,omar_6293@outlook.sa,QA,Buraidah,ios,05/06/2023,trial,23,female
usr_000456,فاطمة,فاطمة_6033@gmail.com,US,Tabuk,android,28/11/2022,premium,39,f
usr_000457,Fahad,fahad_4167@hotmail.com,MA,Dammam,ios,09/02/2024,free,57,f
usr_000458,Noura,noura_6994@yahoo.com,UK,Taif,smart_speaker,12/02/2021,premium_annual,64,f
usr_000459,سارة,سارة_6521@yahoo.com,SA,,smart_speaker,2020-08-07T00:00:00,free,,
usr_000460,فهد,فهد_3245@outlook.sa,KW,Jeddah,smart_speaker,2023-03-15,premium,19,f
usr_000461,حسن,حسن_1790@hotmail.com,AE,Tabuk,ios,02/08/2023,premium_annual,,M
usr_000462,محمد,محمد_9543@gmail.com,AE,Riyadh,smart_speaker,2019-09-08,premium_annual,46,
usr_000463,Reem,reem_5919@outlook.sa,EG,Khobar,web,2022-11-06T00:00:00,free,,
usr_000464,Reem,reem_6037@outlook.sa,MA,Abha,car_play,02-18-2022,trial,16,f
usr_000465,Reem,reem_9942@outlook.sa,EG,,ios,2022-08-26T00:00:00,premium_annual,46,f
usr_000466,Zainab,zainab_8268@gmail.com,KW,Jeddah,web,08-09-2020,trial,44,M
usr_000467,محمد,محمد_2626@yahoo.com,EG,,android,2020-01-02T00:00:00,premium_annual,58,M
usr_000468,Zainab,zainab_9842@gmail.com,US,Tabuk,car_play,2022-09-25,trial,30,male
usr_000469,Sultan,sultan_9386@yahoo.com,KW,,smart_speaker,2021-02-09,free,53,m
usr_000470,Fahad,fahad_8516@icloud.com,MA,Tabuk,ios,2023-02-04,trial,34,
usr_000471,أحمد,أحمد_9813@yahoo.com,QA,Jeddah,web,2022-03-06,trial,29,female
usr_000472,سارة,,FR,,smart_speaker,2022-09-26,trial,58,
usr_000473,Omar,omar_6413@outlook.sa,AE,Medina,web,2023-09-27,premium,51,female
usr_000474,Hind,hind_7497@hotmail.com,MA,Abha,web,10/08/2019,premium,63,F
usr_000475,طارق,طارق_2757@gmail.com,AE,Abha,android,2020-08-27,free,48,f
usr_000476,سلطان,سلطان_3947@outlook.sa,JO,Buraidah,android,2023-07-13,trial,58,f
usr_000477,منى,منى_6019@gmail.com,AE,Jeddah,smart_speaker,15/04/2023,premium,,m
usr_000478,طارق,طارق_4889@icloud.com,KW,Jeddah,car_play,2021-01-11,premium,60,M
usr_000479,زينب,زينب_8831@gmail.com,DE,,ios,2024-06-24,premium,60,F
usr_000480,سارة,سارة_2642@gmail.com,LB,Riyadh,ios,2019-06-10,free,39,m
usr_000481,عائشة,,JO,Abha,web,10-14-2021,premium_annual,48,F
usr_000482,Hassan,hassan_9046@hotmail.com,MA,Dammam,car_play,2021-05-31,trial,,male
usr_000483,لمياء,لمياء_6969@hotmail.com,LB,Medina,android,12/02/2024,premium_annual,57,
usr_000484,حسن,حسن_4056@gmail.com,QA,Jeddah,car_play,2023-11-12,trial,,f
usr_000485,Reem,reem_4484@gmail.com,AE,Mecca,smart_speaker,2020-08-22T00:00:00,free,23,F
usr_000486,Hind,hind_9037@yahoo.com,MA,Riyadh,android,2022-11-30,premium_annual,40,F
usr_000487,فهد,فهد_4245@gmail.com,US,Dammam,android,2023-07-08,premium,63,male
usr_000488,Tariq,tariq_7501@hotmail.com,JO,,smart_speaker,2021-10-17T00:00:00,premium_annual,43,m
usr_000489,خالد,خالد_1477@gmail.com,AE,,ios,2022-06-05,premium,21,f
usr_000490,Tariq,tariq_8335@hotmail.com,JO,Taif,ios,2019-02-13T00:00:00,trial,,F
usr_000491,Aisha,aisha_9982@gmail.com,MA,Dammam,car_play,2021-09-27,premium,39,
usr_000492,عمر,عمر_1856@yahoo.com,US,Taif,ios,2024-07-22,premium_annual,34,male
usr_000493,فاطمة,فاطمة_6033@gmail.com,US,Tabuk,android,2021-07-03,premium,39,f
usr_000494,محمد,محمد_1661@outlook.sa,JO,Taif,car_play,2021-02-01,premium,47,M
usr_000495,Fatima,fatima_325@outlook.sa,EG,,web,2023-07-06,premium,27,male
usr_000496,هند,هند_660@hotmail.com,EG,Khobar,ios,23/03/2021,premium,46,f
usr_000497,ياسر,ياسر_8223@outlook.sa,KW,Jeddah,ios,05/06/2020,premium,48,M
usr_000498,هند,هند_4624@outlook.sa,AE,,android,2019-02-02,premium,27,F
usr_000499,Tariq,tariq_3251@outlook.sa,UK,,ios,10/10/2021,premium,53,f
usr_000500,Tariq,tariq_290@icloud.com,BH,Riyadh,smart_speaker,26/02/2021,trial,60,f
usr_000501,Hind,hind_1804@yahoo.com,OM,Khobar,smart_speaker,2023-10-16,premium,19,F
usr_000502,لمياء,لمياء_9938@gmail.com,EG,Abha,web,2021-05-18,premium_annual,22,f
usr_000503,عمر,عمر_9649@icloud.com,MA,Medina,android,2022-09-18,trial,,M
usr_000504,منى,منى_1617@gmail.com,LB,Medina,smart_speaker,2021-02-19,premium,25,M
usr_000505,Mona,mona_1924@outlook.sa,AE,Taif,car_play,23/11/2022,free,33,f
usr_000506,Yasser,yasser_8111@icloud.com,FR,Jeddah,android,18/02/2021,trial,40,m
usr_000507,زينب,زينب_146@icloud.com,JO,Taif,web,2020-10-17,premium_annual,34,f
usr_000508,فهد,فهد_4551@hotmail.com,QA,,ios,2021-09-02,premium,29,m
usr_000509,مريم,مريم_4327@hotmail.com,EG,,web,2023-02-20,premium_annual,56,
usr_000510,محمد,محمد_8805@icloud.com,AE,,smart_speaker,02-19-2022,premium_annual,56,m
usr_000511,ريم,ريم_7110@yahoo.com,KW,,ios,08/06/2023,trial,27,
usr_000512,نورة,نورة_2912@outlook.sa,US,Jeddah,android,01/03/2022,free,45,f
usr_000513,فهد,فهد_1214@outlook.sa,KW,,smart_speaker,2019-03-16,free,36,f
usr_000514,خالد,خالد_1393@hotmail.com,KW,Buraidah,smart_speaker,2020-03-11,premium,46,F
usr_000515,أحمد,أحمد_1685@icloud.com,QA,Tabuk,android,19/05/2020,free,17,F
usr_000516,Sultan,sultan_8058@hotmail.com,AE,Medina,web,2023-04-25T00:00:00,free,23,male
usr_000517,طارق,طارق_2462@yahoo.com,MA,,web,2022-10-03,free,47,f
usr_000518,Fahad,fahad_2402@yahoo.com,KW,Abha,ios,2019-11-09,free,62,male
usr_000519,فاطمة,فاطمة_6945@outlook.sa,UK,,car_play,2023-04-27,premium_annual,57,F
usr_000520,Hind,hind_9037@yahoo.com,MA,Riyadh,android,2024-07-15,premium_annual,40,F
usr_000521,عمر,عمر_5913@hotmail.com,QA,Taif,smart_speaker,27/03/2020,premium,30,M
usr_000522,Tariq,tariq_6090@gmail.com,UK,Buraidah,ios,2019-04-18,trial,26,M
usr_000523,طارق,طارق_2453@hotmail.com,JO,,car_play,02-21-2019,premium_annual,62,male
usr_000524,Noura,noura_8246@hotmail.com,SA,Tabuk,smart_speaker,12/05/2019,premium_annual,48,male
usr_000525,Fahad,fahad_3472@outlook.sa,MA,Tabuk,android,2023-03-27,free,45,female
usr_000526,عمر,عمر_6951@hotmail.com,QA,Jeddah,web,2020-11-06,premium_annual,,male
usr_000527,Hind,,BH,Riyadh,android,2019-02-14T00:00:00,premium_annual,,m
usr_000528,عمر,عمر_4627@outlook.sa,LB,Tabuk,web,06-18-2022,premium,22,male
usr_000529,أحمد,أحمد_4754@hotmail.com,KW,Jeddah,ios,2023-04-15,premium,59,f
usr_000530,حسن,حسن_8574@yahoo.com,JO,,web,08-16-2024,premium_annual,43,M
usr_000531,Zainab,zainab_8152@gmail.com,DE,Medina,car_play,2019-11-04,free,45,male
usr_000532,عبدالله,عبدالله_2936@outlook.sa,QA,,web,28/01/2023,trial,24,M
usr_000533,Fahad,fahad_7223@yahoo.com,LB,,web,03/08/2023,premium_annual,,female
usr_000534,Reem,reem_9189@gmail.com,KW,,web,2019-08-22,trial,41,
usr_000535,منى,منى_8768@outlook.sa,AE,Jeddah,smart_speaker,2020-01-18,trial,37,M
usr_000536,منى,منى_628@icloud.com,KW,,android,04/05/2024,premium,18,m
usr_000537,سارة,سارة_376@outlook.sa,QA,Dammam,ios,2024-04-23,premium,,female
usr_000538,لمياء,لمياء_3016@gmail.com,AE,,smart_speaker,2023-09-16,premium_annual,35,F
usr_000539,Tariq,tariq_5812@icloud.com,EG,,car_play,20/10/2020,premium,,f
usr_000540,منى,منى_2417@outlook.sa,FR,Tabuk,web,07-20-2022,free,24,f
usr_000541,Noura,noura_9846@outlook.sa,BH,Mecca,car_play,2023-09-18,free,39,M
usr_000542,Mona,mona_6784@outlook.sa,OM,Taif,smart_speaker,25/05/2020,premium_annual,27,female
usr_000543,طارق,طارق_4641@icloud.com,FR,Jeddah,ios,2023-04-12,free,55,female
usr_000544,Aisha,aisha_9523@gmail.com,US,Tabuk,android,2020-02-13,premium,51,female
usr_000545,Mona,mona_6766@outlook.sa,SA,,android,2022-12-07,premium_annual,58,male
usr_000546,طارق,طارق_536@gmail.com,SA,Khobar,car_play,2021-09-16,premium_annual,52,female
usr_000547,Zainab,zainab_7031@hotmail.com,US,Dammam,smart_speaker,2023-05-31,premium_annual,43,F
usr_000548,Lamia,lamia_9059@hotmail.com,OM,Jeddah,ios,25/05/2023,trial,,
usr_000549,محمد,محمد_2139@outlook.sa,US,Khobar,android,2019-11-19,premium,30,male
usr_000550,Ahmed,ahmed_4506@gmail.com,KW,Buraidah,ios,2023-03-29,free,54,M
usr_000551,عمر,عمر_3408@outlook.sa,AE,Riyadh,smart_speaker,2020-01-16,free,56,M
usr_000552,Noura,noura_4895@gmail.com,KW,Buraidah,ios,01-21-2024,free,38,female
usr_000553,محمد,محمد_8782@gmail.com,LB,Dammam,android,2020-05-13,premium_annual,29,M
usr_000554,فاطمة,فاطمة_3265@gmail.com,OM,,web,02/06/2020,trial,47,female
usr_000555,Sultan,sultan_9563@icloud.com,QA,Mecca,smart_speaker,2022-02-25T00:00:00,trial,43,m
usr_000556,عبدالله,,SA,,web,2022-12-16,trial,57,m
usr_000557,نورة,,AE,Khobar,web,2022-08-14,premium,23,M
usr_000558,خالد,خالد_3812@icloud.com,AE,Buraidah,android,2024-03-21T00:00:00,premium,33,f
usr_000559,Tariq,tariq_5207@yahoo.com,BH,Abha,smart_speaker,2023-09-24,free,42,M
usr_000560,محمد,محمد_4671@gmail.com,US,,car_play,18/04/2023,free,34,F
usr_000561,محمد,محمد_1138@outlook.sa,AE,,smart_speaker,06-10-2019,premium_annual,64,male
usr_000562,سلطان,سلطان_6127@icloud.com,AE,Riyadh,ios,05/02/2024,premium,36,
usr_000563,Mariam,mariam_81@gmail.com,QA,,ios,2023-02-19,free,,male
usr_000564,نورة,نورة_2258@icloud.com,JO,Khobar,android,04/04/2023,trial,58,M
usr_000565,فاطمة,فاطمة_3701@gmail.com,QA,,ios,2022-02-23T00:00:00,premium_annual,31,f
usr_000566,سارة,سارة_7671@outlook.sa,BH,Khobar,android,20/05/2021,premium_annual,35,f
usr_000567,Yasser,yasser_7413@icloud.com,LB,Tabuk,android,2021-06-15,free,26,f
usr_000568,سلطان,سلطان_1806@hotmail.com,SA,,android,26/08/2020,premium_annual,,f
usr_000569,فهد,فهد_6504@icloud.com,EG,Riyadh,smart_speaker,2022-12-22,premium_annual,19,f
usr_000570,حسن,حسن_4521@icloud.com,MA,Tabuk,ios,2021-02-14,free,23,F
usr_000571,سلطان,سلطان_4514@hotmail.com,MA,Tabuk,smart_speaker,04/09/2021,trial,62,
usr_000572,Hassan,hassan_4719@gmail.com,AE,Buraidah,smart_speaker,2022-11-24,premium_annual,60,F
usr_000573,Fahad,fahad_209@outlook.sa,EG,Dammam,web,2022-09-22,free,64,
usr_000574,ريم,ريم_7743@gmail.com,SA,,car_play,2019-01-05,premium_annual,49,m
usr_000575,Khalid,khalid_7416@outlook.sa,UK,Taif,web,01/06/2022,trial,45,M
usr_000576,عائشة,عائشة_340@hotmail.com,EG,,android,06-06-2024,premium_annual,31,m
usr_000577,Lamia,lamia_8928@outlook.sa,LB,Khobar,web,2023-03-28,trial,33,male
usr_000578,منى,منى_9285@yahoo.com,QA,Riyadh,smart_speaker,2020-05-18T00:00:00,premium,25,m
usr_000579,أحمد,أحمد_3561@yahoo.com,FR,Riyadh,smart_speaker,22/04/2022,premium_annual,,male
usr_000580,Aisha,aisha_9188@hotmail.com,AE,,android,2022-03-06,premium,21,male
usr_000581,سلطان,سلطان_4281@yahoo.com,MA,Buraidah,smart_speaker,02/05/2023,premium_annual,24,f
usr_000582,زينب,زينب_7556@icloud.com,KW,Tabuk,ios,06-03-2022,premium,60,male
usr_000583,مريم,مريم_433@outlook.sa,AE,,car_play,2023-08-08,premium_annual,53,m
usr_000584,ياسر,ياسر_2064@outlook.sa,US,Taif,smart_speaker,04-16-2022,free,,male
usr_000585,Ahmed,ahmed_1990@icloud.com,US,Riyadh,android,2024-05-26,premium,47,F
usr_000586,Mohammed,mohammed_7946@icloud.com,UK,Jeddah,ios,2022-05-17,premium,23,m
usr_000587,أحمد,أحمد_1996@yahoo.com,EG,Dammam,android,09-02-2024,premium_annual,59,female
usr_000588,مريم,مريم_3283@outlook.sa,JO,Jeddah,car_play,2021-09-12,trial,33,female
usr_000589,هند,هند_7489@gmail.com,MA,Buraidah,web,10-07-2023,free,58,m
usr_000590,نورة,نورة_5862@icloud.com,FR,,android,21/02/2024,premium_annual,49,female
usr_000591,فهد,فهد_4561@yahoo.com,EG,Abha,smart_speaker,2022-10-21T00:00:00,trial,27,m
usr_000592,ياسر,ياسر_1108@gmail.com,SA,,android,11-26-2022,premium,,M
usr_000593,نورة,نورة_6293@outlook.sa,AE,Medina,ios,2021-08-27T00:00:00,free,20,female
usr_000594,زينب,زينب_9118@hotmail.com,BH,Abha,web,01-16-2024,premium,26,female
usr_000595,فهد,فهد_86@yahoo.com,DE,Taif,ios,30/01/2020,premium_annual,62,f
usr_000596,عمر,عمر_9154@hotmail.com,DE,Tabuk,smart_speaker,24/04/2024,free,24,
usr_000597,هند,هند_4119@outlook.sa,UK,Dammam,web,09-17-2022,free,31,
usr_000598,لمياء,لمياء_492@gmail.com,OM,Mecca,web,2020-03-30T00:00:00,free,51,
usr_000599,Zainab,,OM,,smart_speaker,2019-10-26,free,46,F
usr_000600,عمر,عمر_7070@outlook.sa,QA,,android,10/09/2024,free,17,
usr_000601,أحمد,أحمد_6343@outlook.sa,UK,Tabuk,car_play,16/03/2019,premium,23,m
usr_000602,عبدالله,عبدالله_9644@gmail.com,BH,Taif,car_play,08-26-2019,free,16,
usr_000603,حسن,حسن_4002@yahoo.com,KW,Abha,ios,2019-06-29,free,,m
usr_000604,هند,هند_6012@icloud.com,QA,,android,2021-06-21,premium_annual,50,m
usr_000605,سارة,سارة_2247@icloud.com,BH,Taif,android,2024-06-14T00:00:00,free,25,M
usr_000606,Lamia,lamia_4555@icloud.com,EG,Jeddah,ios,2024-08-05,premium_annual,40,female
usr_000607,نورة,نورة_7063@icloud.com,SA,Riyadh,car_play,2021-07-08T00:00:00,premium_annual,54,
usr_000608,حسن,حسن_7112@outlook.sa,DE,,ios,2019-04-23,free,62,f
usr_000609,زينب,زينب_8502@yahoo.com,KW,,smart_speaker,10-03-2023,premium,16,male
usr_000610,محمد,محمد_3571@icloud.com,AE,Khobar,ios,2022-10-26,free,20,female
usr_000611,Mariam,mariam_3570@outlook.sa,SA,Jeddah,web,2024-05-20,premium_annual,44,F
usr_000612,نورة,نورة_2407@icloud.com,US,Jeddah,ios,2024-07-20,premium,44,m
usr_000613,Mohammed,mohammed_5790@icloud.com,UK,Mecca,web,2021-11-27,free,,female
usr_000614,Tariq,tariq_1170@outlook.sa,QA,Khobar,car_play,2023-03-02,premium_annual,42,f
usr_000615,أحمد,أحمد_4766@hotmail.com,MA,Buraidah,android,05-08-2019,premium_annual,65,f
usr_000616,Fahad,fahad_6244@gmail.com,AE,,android,2019-05-14T00:00:00,trial,23,
usr_000617,زينب,زينب_4802@hotmail.com,OM,Khobar,android,2022-07-22,trial,23,f
usr_000618,مريم,مريم_8285@gmail.com,OM,Buraidah,android,2023-01-22T00:00:00,trial,30,m
usr_000619,Hind,hind_5597@yahoo.com,AE,Tabuk,car_play,2020-07-19,premium,56,
usr_000620,لمياء,لمياء_9087@outlook.sa,UK,Riyadh,smart_speaker,11-14-2020,free,20,F
usr_000621,Sultan,sultan_5519@yahoo.com,MA,Jeddah,ios,2021-09-15T00:00:00,free,38,female
usr_000622,Zainab,zainab_8346@gmail.com,KW,,car_play,2020-07-05,premium_annual,45,female
usr_000623,Sultan,sultan_3806@yahoo.com,JO,Buraidah,car_play,02-18-2022,trial,40,male
usr_000624,لمياء,لمياء_9424@icloud.com,OM,Medina,android,2021-05-12,free,47,female
usr_000625,Sultan,,KW,Taif,car_play,2021-11-28T00:00:00,premium,,M
usr_000626,هند,هند_9358@outlook.sa,UK,Dammam,smart_speaker,16/04/2019,premium_annual,61,f
usr_000627,Lamia,lamia_1909@yahoo.com,DE,Mecca,ios,2019-12-22T00:00:00,premium_annual,37,male
usr_000628,عائشة,عائشة_5203@hotmail.com,FR,Riyadh,ios,06-07-2019,premium,40,
usr_000629,سارة,سارة_1454@icloud.com,FR,,android,07-27-2024,free,47,m
usr_000630,Fatima,fatima_8692@hotmail.com,QA,,web,08-19-2021,trial,56,female
usr_000631,منى,منى_5332@hotmail.com,US,Dammam,smart_speaker,2022-03-22,premium_annual,38,f
usr_000632,Reem,reem_475@yahoo.com,QA,Tabuk,ios,2024-06-26,premium_annual,36,female
usr_000633,ريم,ريم_5568@gmail.com,QA,Mecca,car_play,2019-08-12,premium,65,f
usr_000634,Mohammed,mohammed_346@outlook.sa,AE,,web,06-13-2020,premium_annual,51,M
usr_000635,Reem,reem_4755@hotmail.com,OM,Mecca,car_play,2023-06-09,premium,18,
usr_000636,Ahmed,ahmed_2572@yahoo.com,QA,Mecca,ios,2023-06-18T00:00:00,premium_annual,40,f
usr_000637,Tariq,tariq_331@gmail.com,UK,,car_play,28/08/2024,premium,,m
usr_000638,محمد,محمد_4951@yahoo.com,JO,Medina,car_play,2022-08-18,trial,43,M
usr_000639,Mariam,mariam_8301@hotmail.com,EG,Abha,smart_speaker,03-10-2022,premium_annual,61,M
usr_000640,هند,هند_5447@hotmail.com,DE,Jeddah,ios,2024-05-06,premium,47,m
usr_000641,زينب,زينب_3809@gmail.com,DE,Tabuk,web,2024-04-23T00:00:00,premium_annual,18,male
usr_000642,Fahad,fahad_7223@yahoo.com,LB,,web,2024-07-18,premium_annual,,female
usr_000643,منى,منى_1863@gmail.com,EG,Taif,smart_speaker,2020-05-12,premium,51,female
usr_000644,Lamia,lamia_8561@yahoo.com,MA,,car_play,2022-04-20,premium,49,f
usr_000645,سارة,سارة_5410@hotmail.com,KW,Abha,ios,2021-10-26,premium_annual,25,female
usr_000646,سلطان,سلطان_8811@outlook.sa,OM,Buraidah,smart_speaker,07/02/2021,premium,,f
usr_000647,طارق,طارق_9576@yahoo.com,OM,Tabuk,web,2022-01-29,premium,,F
usr_000648,عائشة,,OM,Buraidah,car_play,02-24-2020,premium_annual,63,
usr_000649,حسن,حسن_2401@hotmail.com,KW,Riyadh,web,05/06/2021,free,19,F
usr_000650,Reem,reem_9178@outlook.sa,EG,,smart_speaker,2024-08-11T00:00:00,premium_annual,49,male
usr_000651,Tariq,tariq_9184@outlook.sa,JO,Medina,ios,2022-02-11T00:00:00,trial,27,M
usr_000652,نورة,نورة_175@hotmail.com,JO,Mecca,ios,21/02/2021,premium_annual,39,male
usr_000653,عائشة,عائشة_4654@gmail.com,QA,Taif,web,2024-06-06,premium,55,m
usr_000654,Fahad,fahad_1357@outlook.sa,FR,,ios,2020-12-25,trial,19,male
usr_000655,Mohammed,mohammed_5451@yahoo.com,UK,Buraidah,web,03-06-2021,free,41,female
usr_000656,منى,منى_730@yahoo.com,MA,Taif,smart_speaker,2021-12-28,premium,16,male
usr_000657,منى,,AE,Jeddah,android,2019-12-19,premium_annual,17,
usr_000658,ريم,ريم_5043@hotmail.com,UK,,android,2024-02-29,premium_annual,,f
usr_000659,سارة,سارة_4470@hotmail.com,KW,,web,23/08/2023,trial,47,male
usr_000660,زينب,زينب_6319@hotmail.com,LB,Tabuk,web,11-29-2020,premium_annual,60,m
usr_000661,أحمد,أحمد_1890@icloud.com,US,Abha,android,2021-06-12,trial,39,m
usr_000662,Mohammed,,JO,Jeddah,android,2020-03-04,premium_annual,45,m
usr_000663,طارق,طارق_6543@outlook.sa,FR,Khobar,car_play,2024-02-13,premium_annual,41,male
usr_000664,طارق,طارق_4414@icloud.com,EG,Dammam,car_play,07/09/2024,premium,54,f
usr_000665,Ahmed,ahmed_1482@yahoo.com,DE,,web,16/06/2020,trial,45,M
usr_000666,سارة,سارة_7153@gmail.com,UK,Taif,web,2021-01-26T00:00:00,free,38,M
usr_000667,Sultan,sultan_6351@hotmail.com,OM,,android,2024-03-13T00:00:00,trial,34,
usr_000668,حسن,حسن_2919@hotmail.com,OM,Taif,ios,2019-04-21,trial,57,F
usr_000669,ياسر,ياسر_2948@outlook.sa,KW,Tabuk,smart_speaker,2023-11-19,free,42,F
usr_000670,Omar,omar_1662@outlook.sa,DE,,android,19/03/2024,premium_annual,48,female
usr_000671,Hind,hind_6963@yahoo.com,UK,Buraidah,smart_speaker,09-27-2023,premium_annual,61,male
usr_000672,Abdullah,abdullah_2464@gmail.com,OM,,car_play,20/04/2023,premium_annual,55,f
usr_000673,أحمد,أحمد_9820@yahoo.com,QA,Medina,ios,2024-06-28,premium_annual,38,female
usr_000674,أحمد,أحمد_8705@outlook.sa,BH,Taif,ios,02/04/2020,premium,56,female
usr_000675,Aisha,aisha_9324@outlook.sa,SA,Khobar,ios,26/09/2021,premium,62,f
usr_000676,Hind,hind_6923@outlook.sa,SA,Medina,ios,2022-10-15,trial,28,m
usr_000677,Ahmed,ahmed_6132@icloud.com,JO,Tabuk,web,2021-09-25T00:00:00,premium,58,M
usr_000678,Fahad,fahad_4502@yahoo.com,JO,Khobar,ios,2019-03-18,premium,61,male
usr_000679,حسن,حسن_5387@icloud.com,EG,Taif,ios,01/03/2024,premium_annual,38,
usr_000680,Lamia,lamia_6602@gmail.com,US,,ios,2020-11-27,trial,38,M
usr_000681,Mona,mona_7658@gmail.com,KW,Dammam,car_play,2022-04-10,premium_annual,42,
usr_000682,Yasser,yasser_8808@hotmail.com,EG,Jeddah,ios,2024-07-03,trial,23,m
usr_000683,عمر,عمر_3568@outlook.sa,MA,Khobar,ios,2023-07-01,premium_annual,50,female
usr_000684,Mona,mona_2572@hotmail.com,EG,Taif,web,2022-03-18,trial,59,M
usr_000685,محمد,محمد_3674@hotmail.com,MA,Jeddah,car_play,2023-08-08,trial,36,m
usr_000686,Mohammed,mohammed_9853@outlook.sa,LB,Mecca,android,01-08-2020,trial,31,F
usr_000687,منى,منى_7524@hotmail.com,US,Mecca,android,07/05/2019,trial,23,
usr_000688,Abdullah,abdullah_113@gmail.com,US,Taif,smart_speaker,2024-03-08T00:00:00,trial,,female
usr_000689,أحمد,أحمد_4800@outlook.sa,FR,,ios,08/04/2019,premium_annual,48,f
usr_000690,Zainab,zainab_1832@hotmail.com,OM,Khobar,android,2021-12-11,premium,29,male
usr_000691,Lamia,lamia_5611@yahoo.com,UK,Abha,web,2024-07-06,premium_annual,64,F
usr_000692,هند,هند_5025@hotmail.com,MA,Abha,smart_speaker,2023-02-28,premium_annual,60,F
usr_000693,سارة,سارة_9556@yahoo.com,KW,Medina,web,2021-07-22T00:00:00,trial,26,male
usr_000694,Aisha,aisha_7898@hotmail.com,JO,,ios,2024-06-10,free,35,F
usr_000695,Omar,omar_8173@outlook.sa,MA,,ios,2020-05-04,premium,39,f
usr_000696,مريم,مريم_8762@icloud.com,FR,Riyadh,smart_speaker,09-09-2024,premium,63,F
usr_000697,Lamia,lamia_9044@yahoo.com,AE,,ios,2019-06-14,premium,19,F
usr_000698,أحمد,أحمد_5225@gmail.com,BH,Abha,ios,2024-03-16,trial,50,m
usr_000699,Sultan,sultan_7253@hotmail.com,MA,,car_play,27/10/2023,trial,32,
usr_000700,هند,هند_4329@icloud.com,BH,Taif,car_play,02/06/2024,premium_annual,23,
usr_000701,نورة,نورة_1075@outlook.sa,US,Abha,web,2024-04-11,premium,22,
usr_000702,هند,هند_9987@hotmail.com,MA,Khobar,android,2024-04-16,premium,26,
usr_000703,Tariq,tariq_4414@hotmail.com,QA,Medina,web,24/04/2024,premium,62,male
usr_000704,ياسر,ياسر_907@outlook.sa,OM,Dammam,smart_speaker,2023-09-05,premium_annual,,f
usr_000705,طارق,طارق_6266@yahoo.com,LB,Mecca,android,2023-03-10,trial,22,M
usr_000706,Ahmed,ahmed_6391@outlook.sa,BH,Buraidah,car_play,08/04/2024,trial,,M
usr_000707,عبدالله,عبدالله_5318@outlook.sa,FR,Dammam,car_play,30/03/2020,premium_annual,51,M
usr_000708,Fahad,fahad_1115@yahoo.com,FR,Abha,android,2022-04-08,premium,30,female
usr_000709,محمد,محمد_2299@gmail.com,US,Tabuk,smart_speaker,2021-11-26,free,19,m
usr_000710,Khalid,khalid_8828@outlook.sa,QA,Jeddah,ios,2024-08-27T00:00:00,free,65,M
usr_000711,Tariq,tariq_4537@outlook.sa,JO,,android,20/02/2021,premium_annual,,f
usr_000712,Yasser,yasser_9417@yahoo.com,SA,Tabuk,ios,2023-11-07,free,43,F
usr_000713,سارة,,UK,,android,2022-08-30,premium,29,male
usr_000714,Mariam,mariam_5711@gmail.com,OM,,android,11/06/2019,premium,26,female
usr_000715,منى,منى_2018@outlook.sa,SA,Mecca,smart_speaker,2019-04-22,free,41,F
usr_000716,Aisha,aisha_9475@icloud.com,AE,Mecca,ios,16/01/2020,trial,38,f
usr_000717,لمياء,لمياء_8336@gmail.com,JO,Tabuk,smart_speaker,2024-09-07,trial,22,male
usr_000718,عبدالله,عبدالله_6385@outlook.sa,SA,,web,2022-05-16,premium_annual,,
usr_000719,فاطمة,فاطمة_639@gmail.com,MA,,web,2020-09-29,premium_annual,26,female
usr_000720,سلطان,,JO,Tabuk,web,2021-01-13,premium_annual,17,
usr_000721,Ahmed,ahmed_8839@outlook.sa,DE,Taif,android,2020-08-14,premium,38,F
usr_000722,طارق,طارق_8794@outlook.sa,KW,,ios,2024-05-02,premium_annual,32,F
usr_000723,زينب,زينب_3216@hotmail.com,BH,Dammam,android,2020-01-30,free,61,female
usr_000724,هند,هند_5385@outlook.sa,US,Taif,car_play,2021-10-23T00:00:00,premium_annual,24,male
usr_000725,Sarah,sarah_2985@gmail.com,KW,Mecca,android,27/04/2023,trial,52,female
usr_000726,سارة,سارة_7426@icloud.com,QA,Jeddah,web,2023-07-20,premium_annual,27,male
usr_000727,Khalid,khalid_8505@yahoo.com,AE,,smart_speaker,2024-02-13,free,24,M
usr_000728,عمر,عمر_5031@outlook.sa,EG,Jeddah,car_play,2022-04-26,premium,48,F
usr_000729,Omar,omar_8612@icloud.com,DE,Taif,car_play,2021-03-24,free,39,m
usr_000730,نورة,نورة_3708@hotmail.com,LB,,car_play,03-14-2023,trial,33,M
usr_000731,فهد,فهد_4916@gmail.com,AE,Taif,web,05/05/2024,premium,55,m
usr_000732,Reem,reem_6411@hotmail.com,US,Buraidah,android,18/10/2020,premium,20,F
usr_000733,فهد,فهد_4514@yahoo.com,SA,Taif,web,2020-09-13,free,54,female
usr_000734,خالد,خالد_4459@gmail.com,EG,,web,2024-02-05,free,43,m
usr_000735,Reem,reem_8567@gmail.com,AE,,car_play,06-18-2024,premium_annual,58,female
usr_000736,Lamia,lamia_4124@icloud.com,OM,Medina,web,21/02/2022,free,,f
usr_000737,فاطمة,فاطمة_9187@icloud.com,FR,Buraidah,car_play,2021-12-24T00:00:00,trial,,M
usr_000738,حسن,حسن_6912@outlook.sa,UK,,web,2021-09-04T00:00:00,trial,52,
usr_000739,نورة,نورة_396@yahoo.com,AE,Tabuk,ios,16/04/2019,trial,32,male
usr_000740,Khalid,khalid_7508@yahoo.com,DE,,android,01/01/2024,premium_annual,64,male
usr_000741,Reem,reem_5187@yahoo.com,AE,,ios,2022-12-11,trial,47,f
usr_000742,منى,منى_5923@hotmail.com,KW,Jeddah,android,2024-06-11T00:00:00,premium_annual,60,f
usr_000743,حسن,حسن_6630@yahoo.com,KW,,car_play,2021-03-24T00:00:00,premium_annual,40,M
usr_000744,ريم,ريم_7251@gmail.com,BH,Medina,ios,2019-12-03,trial,60,F
usr_000745,هند,هند_3993@gmail.com,FR,Abha,smart_speaker,2021-06-03,premium,49,m
usr_000746,Omar,omar_4319@outlook.sa,OM,Mecca,web,2023-05-05,premium_annual,,f
usr_000747,Zainab,zainab_2110@gmail.com,DE,,smart_speaker,2021-10-08T00:00:00,premium_annual,54,F
usr_000748,أحمد,أحمد_7541@icloud.com,JO,Tabuk,ios,20/03/2024,premium,,female
usr_000749,عمر,عمر_1072@yahoo.com,MA,Riyadh,car_play,28/08/2020,trial,64,F
usr_000750,زينب,زينب_8323@outlook.sa,KW,,car_play,01/06/2022,premium_annual,55,M
usr_000751,نورة,نورة_3189@hotmail.com,MA,,android,18/09/2019,premium,,female
usr_000752,Yasser,yasser_7773@hotmail.com,FR,Jeddah,web,06/05/2023,premium_annual,43,male
usr_000753,Ahmed,ahmed_7052@gmail.com,EG,Tabuk,smart_speaker,2019-12-14,trial,,F
usr_000754,زينب,زينب_9231@yahoo.com,FR,Dammam,android,2022-06-08,trial,29,male
usr_000755,منى,منى_2909@icloud.com,KW,,smart_speaker,03-13-2023,free,50,
usr_000756,نورة,نورة_1634@outlook.sa,BH,Buraidah,web,2021-01-08,trial,51,
usr_000757,عمر,عمر_2317@hotmail.com,FR,Tabuk,ios,2019-09-26T00:00:00,premium_annual,,female
usr_000758,Khalid,khalid_8640@icloud.com,MA,,car_play,2020-01-08,trial,57,F
usr_000759,Tariq,tariq_6624@outlook.sa,EG,Riyadh,smart_speaker,2022-04-14,free,46,m
usr_000760,Ahmed,ahmed_8644@gmail.com,BH,,web,22/03/2022,premium,63,M
usr_000761,Tariq,tariq_8330@icloud.com,FR,Khobar,ios,08-03-2019,premium,,F
usr_000762,ياسر,ياسر_3376@gmail.com,QA,Mecca,web,05/03/2019,premium,30,male
usr_000763,Tariq,tariq_9348@yahoo.com,BH,,web,23/11/2021,trial,42,
usr_000764,محمد,محمد_6480@gmail.com,UK,,android,2024-06-22,premium,,M
usr_000765,نورة,نورة_4203@outlook.sa,QA,Medina,car_play,2021-01-21T00:00:00,premium_annual,23,female
usr_000766,أحمد,أحمد_7684@outlook.sa,AE,Riyadh,smart_speaker,04/06/2020,premium,,f
usr_000767,أحمد,أحمد_8252@hotmail.com,DE,Khobar,ios,08-07-2020,free,37,
usr_000768,هند,هند_8284@gmail.com,BH,Mecca,web,2023-05-22,trial,,female
usr_000769,خالد,خالد_930@gmail.com,US,Taif,car_play,21/10/2020,free,26,f
usr_000770,محمد,محمد_9220@gmail.com,FR,Buraidah,ios,15/08/2021,premium,18,m
usr_000771,حسن,حسن_6337@outlook.sa,UK,Abha,car_play,05-01-2023,premium_annual,56,female
usr_000772,Noura,noura_6365@yahoo.com,KW,Riyadh,smart_speaker,03-20-2022,premium_annual,45,female
usr_000773,ياسر,ياسر_6900@outlook.sa,JO,,smart_speaker,16/12/2022,trial,37,male
usr_000774,حسن,حسن_5955@outlook.sa,LB,,smart_speaker,2021-02-21,premium_annual,29,female
usr_000775,Hassan,hassan_6753@gmail.com,BH,Taif,android,15/05/2022,trial,43,F
usr_000776,زينب,زينب_2554@outlook.sa,MA,,android,06/12/2020,premium,45,F
usr_000777,Abdullah,abdullah_1405@gmail.com,SA,,ios,2019-05-25,premium_annual,36,male
usr_000778,خالد,خالد_9560@outlook.sa,JO,Dammam,web,28/09/2019,premium_annual,51,F
usr_000779,مريم,,UK,,android,2023-08-06,free,25,female
usr_000780,نورة,نورة_327@icloud.com,UK,,web,2024-04-20T00:00:00,trial,27,female
usr_000781,Abdullah,abdullah_2904@hotmail.com,MA,Tabuk,android,15/12/2019,free,58,F
usr_000782,فاطمة,فاطمة_262@icloud.com,MA,Dammam,web,07/12/2019,premium_annual,33,m
usr_000783,Lamia,,OM,Abha,ios,2021-09-05T00:00:00,premium_annual,24,
usr_000784,أحمد,أحمد_4429@outlook.sa,OM,Taif,smart_speaker,04-09-2024,trial,24,male
usr_000785,Khalid,khalid_8337@gmail.com,SA,,ios,2019-12-14,premium,,male
usr_000786,Mohammed,mohammed_221@yahoo.com,FR,,ios,12-24-2019,premium,45,f
usr_000787,Abdullah,abdullah_3041@gmail.com,UK,,ios,2021-03-28,trial,30,F
usr_000788,سارة,سارة_8116@icloud.com,UK,Medina,car_play,2021-02-28,free,48,M
usr_000789,Abdullah,abdullah_3084@hotmail.com,FR,Mecca,android,02-14-2021,trial,53,male
usr_000790,لمياء,لمياء_4612@hotmail.com,AE,Abha,web,09-13-2021,free,43,M
usr_000791,عمر,عمر_9921@gmail.com,MA,Khobar,smart_speaker,07-28-2022,premium_annual,46,male
usr_000792,عمر,,JO,Tabuk,smart_speaker,29/11/2020,trial,25,f
usr_000793,فهد,فهد_6545@yahoo.com,SA,Dammam,android,21/07/2022,premium,17,female
usr_000794,مريم,مريم_4550@hotmail.com,BH,Abha,smart_speaker,10/10/2020,trial,26,female
usr_000795,Hassan,hassan_4741@hotmail.com,BH,Abha,android,2022-08-17,trial,35,f
usr_000796,Hassan,hassan_2121@icloud.com,QA,Khobar,android,2023-10-24,premium_annual,46,M
usr_000797,Khalid,khalid_7802@yahoo.com,LB,Khobar,android,29/08/2022,premium,56,m
usr_000798,فاطمة,فاطمة_318@yahoo.com,LB,,smart_speaker,2021-10-17T00:00:00,premium,21,m
usr_000799,سارة,سارة_4526@hotmail.com,OM,,ios,2024-01-16,trial,56,M
usr_000800,Khalid,khalid_7942@yahoo.com,MA,,android,2020-08-21,premium,54,m
usr_000801,عائشة,عائشة_4628@hotmail.com,DE,Riyadh,web,2021-03-09,premium_annual,34,M
usr_000802,فهد,فهد_7319@outlook.sa,LB,Abha,web,2023-02-18,free,45,male
usr_000803,محمد,محمد_2031@gmail.com,FR,Abha,web,2020-06-10T00:00:00,premium,62,female
usr_000804,Khalid,khalid_9268@icloud.com,SA,,ios,2019-05-22,premium,20,F
usr_000805,عمر,عمر_5851@yahoo.com,AE,Jeddah,smart_speaker,20/08/2021,trial,49,female
usr_000806,سلطان,سلطان_4273@hotmail.com,BH,Taif,ios,28/04/2021,free,60,F
usr_000807,خالد,خالد_6350@outlook.sa,SA,Medina,smart_speaker,17/07/2020,free,60,female
usr_000808,عبدالله,عبدالله_9529@yahoo.com,LB,,android,07-06-2024,trial,50,M
usr_000809,Hassan,hassan_4199@yahoo.com,BH,Medina,smart_speaker,2020-10-16T00:00:00,free,44,M
usr_000810,سلطان,سلطان_3369@hotmail.com,DE,Medina,android,2020-04-06T00:00:00,premium_annual,19,f
usr_000811,نورة,نورة_5472@hotmail.com,JO,,smart_speaker,06-23-2022,premium_annual,41,m
usr_000812,سلطان,سلطان_5@gmail.com,MA,Riyadh,web,14/10/2021,free,40,f
usr_000813,Omar,omar_1247@yahoo.com,EG,Medina,ios,2021-02-20T00:00:00,free,32,female
usr_000814,Fatima,fatima_2861@gmail.com,AE,Mecca,smart_speaker,05-05-2019,premium_annual,60,m
usr_000815,طارق,طارق_7631@outlook.sa,KW,,car_play,05-03-2019,free,65,male
usr_000816,منى,منى_32@gmail.com,FR,Tabuk,car_play,09/02/2021,trial,61,
usr_000817,عمر,عمر_6083@icloud.com,LB,Khobar,smart_speaker,04-19-2024,premium,39,female
usr_000818,طارق,طارق_1417@icloud.com,QA,,web,2023-07-29T00:00:00,premium_annual,44,
usr_000819,مريم,مريم_2613@icloud.com,KW,,android,2020-08-17T00:00:00,trial,,female
usr_000820,Noura,noura_3716@yahoo.com,JO,Khobar,car_play,2021-11-09T00:00:00,trial,41,F
usr_000821,Fahad,fahad_8262@outlook.sa,QA,Jeddah,web,2024-02-12,premium,57,male
usr_000822,عبدالله,عبدالله_1099@yahoo.com,JO,,smart_speaker,10/05/2020,premium_annual,16,f
usr_000823,Zainab,zainab_687@outlook.sa,SA,Khobar,ios,13/05/2024,premium_annual,40,
usr_000824,Fatima,fatima_448@outlook.sa,SA,,ios,2022-12-08,trial,21,M
usr_000825,خالد,خالد_3955@icloud.com,JO,Medina,car_play,2020-01-21,trial,42,M
usr_000826,Mona,mona_1133@icloud.com,KW,Buraidah,smart_speaker,26/04/2019,free,23,f
usr_000827,خالد,خالد_6992@gmail.com,US,Jeddah,android,2019-06-13T00:00:00,trial,16,female
usr_000828,زينب,زينب_8084@hotmail.com,UK,Jeddah,ios,18/01/2021,premium,63,m
usr_000829,Omar,omar_8905@gmail.com,EG,Medina,smart_speaker,2019-03-26,trial,,M
usr_000830,ريم,ريم_2254@gmail.com,SA,Buraidah,android,02/07/2023,premium,50,male
usr_000831,أحمد,أحمد_3806@hotmail.com,KW,Tabuk,ios,2023-08-20,premium_annual,,
usr_000832,فهد,فهد_5236@hotmail.com,FR,Mecca,android,2019-02-06,trial,29,M
usr_000833,فهد,فهد_8354@hotmail.com,FR,,smart_speaker,10-18-2019,free,31,f
usr_000834,Ahmed,ahmed_5251@outlook.sa,SA,Khobar,smart_speaker,02/09/2019,trial,30,f
usr_000835,Noura,,LB,Jeddah,smart_speaker,2023-07-24T00:00:00,free,51,M
usr_000836,خالد,خالد_4973@icloud.com,MA,Medina,smart_speaker,2022-02-24T00:00:00,trial,60,m
usr_000837,فاطمة,فاطمة_5611@icloud.com,LB,Jeddah,web,06/04/2024,premium_annual,34,m
usr_000838,هند,هند_3144@yahoo.com,LB,Medina,web,2021-02-22T00:00:00,trial,28,
usr_000839,Mariam,mariam_5262@hotmail.com,DE,Taif,android,2023-01-20,free,34,f
usr_000840,فاطمة,فاطمة_6144@hotmail.com,EG,Medina,car_play,13/10/2022,trial,25,male
usr_000841,سارة,سارة_4175@outlook.sa,JO,,car_play,2023-05-30,premium_annual,42,F
usr_000842,فاطمة,فاطمة_7163@outlook.sa,OM,Dammam,ios,28/06/2024,premium_annual,19,M
usr_000843,Tariq,tariq_3357@gmail.com,US,Riyadh,ios,2020-01-28,premium_annual,62,male
usr_000844,Omar,omar_3873@hotmail.com,SA,Khobar,android,28/12/2021,premium,40,F
usr_000845,Sultan,sultan_1568@hotmail.com,FR,Mecca,smart_speaker,2022-01-09,premium,30,male
usr_000846,ريم,ريم_1645@gmail.com,EG,,smart_speaker,03/05/2023,premium,40,
usr_000847,عائشة,عائشة_5609@yahoo.com,SA,Buraidah,smart_speaker,2024-07-06T00:00:00,trial,39,F
usr_000848,عمر,عمر_6638@yahoo.com,BH,,android,2021-04-28T00:00:00,trial,46,M
usr_000849,عمر,عمر_5891@outlook.sa,SA,Abha,smart_speaker,2019-03-31,free,38,F
usr_000850,زينب,زينب_8474@icloud.com,LB,,ios,2020-10-09,trial,64,F
usr_000851,عائشة,عائشة_4181@outlook.sa,KW,Tabuk,web,25/07/2019,premium,35,F
usr_000852,فاطمة,فاطمة_6935@hotmail.com,BH,Mecca,car_play,2020-12-21,free,,M
usr_000853,عمر,عمر_2932@hotmail.com,LB,,android,2024-03-09,free,26,
usr_000854,نورة,نورة_793@outlook.sa,KW,,android,2019-08-21,premium_annual,33,female
usr_000855,حسن,حسن_693@gmail.com,EG,Medina,smart_speaker,13/10/2021,trial,41,m
usr_000856,Zainab,zainab_6639@yahoo.com,LB,,android,2022-12-20,trial,18,F
usr_000857,Tariq,tariq_6269@outlook.sa,QA,Khobar,smart_speaker,04-18-2020,premium,29,female
usr_000858,Hind,hind_6494@hotmail.com,KW,Mecca,smart_speaker,07-26-2020,premium_annual,45,f
usr_000859,Sultan,sultan_4841@yahoo.com,SA,Tabuk,smart_speaker,19/08/2020,free,38,
usr_000860,Yasser,yasser_5133@gmail.com,DE,Abha,ios,2024-05-28,premium_annual,43,M
usr_000861,خالد,خالد_4669@yahoo.com,SA,,car_play,2024-02-29T00:00:00,free,64,female
usr_000862,فهد,فهد_6192@yahoo.com,US,,web,03/09/2024,premium,28,M
usr_000863,Sarah,,BH,Dammam,smart_speaker,19/02/2019,premium_annual,29,M
usr_000864,نورة,نورة_8086@gmail.com,AE,Khobar,car_play,2019-09-28T00:00:00,premium_annual,32,m
usr_000865,Zainab,zainab_8521@yahoo.com,DE,Mecca,android,29/09/2020,free,33,male
usr_000866,Hind,hind_4222@gmail.com,FR,Mecca,android,07-30-2019,premium,25,M
usr_000867,نورة,نورة_7884@gmail.com,DE,Riyadh,smart_speaker,10/05/2022,trial,25,female
usr_000868,فاطمة,فاطمة_6494@icloud.com,BH,Mecca,web,2021-08-23,premium,26,male
usr_000869,عبدالله,عبدالله_140@hotmail.com,LB,Jeddah,android,2019-12-06,free,,F
usr_000870,Abdullah,abdullah_663@hotmail.com,QA,Riyadh,car_play,03/01/2023,free,55,M
usr_000871,زينب,زينب_4775@icloud.com,FR,Buraidah,web,01/07/2024,premium,,m
usr_000872,Hind,hind_525@outlook.sa,FR,Dammam,smart_speaker,2024-07-26,trial,48,male
usr_000873,Hind,hind_5352@hotmail.com,BH,Dammam,ios,2021-08-21,free,,M
usr_000874,خالد,خالد_5243@icloud.com,BH,,smart_speaker,2019-10-28T00:00:00,trial,57,f
usr_000875,Omar,omar_2565@outlook.sa,BH,Riyadh,ios,22/04/2024,premium_annual,47,female
usr_000876,Tariq,tariq_5158@icloud.com,FR,Riyadh,android,2020-06-28,premium_annual,47,male
usr_000877,Sarah,sarah_2958@outlook.sa,SA,,web,2024-07-21,premium_annual,39,male
usr_000878,فهد,فهد_5448@icloud.com,QA,Taif,car_play,2024-08-14,premium,62,
usr_000879,منى,منى_730@yahoo.com,OM,Buraidah,ios,04-03-2022,trial,42,female
usr_000880,أحمد,أحمد_3760@icloud.com,QA,Riyadh,car_play,15/01/2024,premium,,
usr_000881,مريم,مريم_6829@gmail.com,LB,,web,2022-01-25T00:00:00,free,53,F
usr_000882,خالد,خالد_2904@icloud.com,US,Tabuk,ios,2023-05-13,premium_annual,46,M
usr_000883,Lamia,lamia_6809@hotmail.com,EG,Dammam,web,2020-11-23T00:00:00,free,34,male
usr_000884,Mohammed,mohammed_3925@gmail.com,DE,,web,2020-05-12,premium,44,male
usr_000885,فاطمة,فاطمة_4560@gmail.com,OM,,web,2024-03-20T00:00:00,premium,28,m
usr_000886,Noura,noura_2389@yahoo.com,KW,Taif,android,2019-12-20,trial,64,f
usr_000887,عائشة,عائشة_6594@hotmail.com,KW,Abha,car_play,2023-11-07T00:00:00,free,63,F
usr_000888,عائشة,عائشة_4611@yahoo.com,DE,Khobar,android,2022-09-09,free,48,F
usr_000889,سلطان,سلطان_9743@icloud.com,LB,,car_play,13/03/2024,premium,51,m
usr_000890,مريم,مريم_6974@yahoo.com,SA,,ios,2022-07-22,premium_annual,24,f
usr_000891,Abdullah,abdullah_8700@yahoo.com,AE,Medina,smart_speaker,2022-10-24,free,,male
usr_000892,سلطان,سلطان_4329@yahoo.com,OM,,android,2020-02-15,premium,21,F
usr_000893,Mariam,mariam_9460@icloud.com,QA,,web,2019-11-23,free,64,M
usr_000894,أحمد,أحمد_2243@gmail.com,AE,,car_play,27/09/2022,free,46,M
usr_000895,نورة,نورة_3034@icloud.com,UK,,ios,2021-10-11,trial,61,F
usr_000896,طارق,طارق_87@icloud.com,QA,Mecca,smart_speaker,18/09/2024,premium,,F
usr_000897,زينب,زينب_6743@icloud.com,QA,Buraidah,ios,2020-07-11,trial,54,female
usr_000898,Zainab,zainab_3021@icloud.com,AE,,android,2021-11-02T00:00:00,premium,30,F
usr_000899,سارة,سارة_1815@gmail.com,EG,Mecca,smart_speaker,2020-04-06,premium,57,
usr_000900,Lamia,lamia_7265@hotmail.com,FR,Mecca,smart_speaker,01/04/2023,premium_annual,58,
usr_000901,طارق,طارق_7596@hotmail.com,SA,,ios,2019-07-20,trial,29,female
usr_000902,محمد,محمد_7754@icloud.com,AE,Khobar,web,2020-12-26,premium,60,
usr_000903,منى,منى_2188@gmail.com,DE,Abha,smart_speaker,19/10/2020,premium,51,m
usr_000904,Lamia,lamia_8463@yahoo.com,UK,Jeddah,car_play,2021-11-09T00:00:00,free,34,male
usr_000905,Aisha,aisha_56@hotmail.com,SA,Taif,smart_speaker,2021-01-19,premium_annual,,F
usr_000906,لمياء,لمياء_9605@hotmail.com,US,Buraidah,car_play,10-07-2023,premium_annual,,female
usr_000907,فاطمة,فاطمة_3729@outlook.sa,LB,Jeddah,ios,2021-09-14T00:00:00,premium,18,F
usr_000908,Reem,reem_3515@hotmail.com,OM,Medina,ios,13/12/2023,trial,33,f
usr_000909,Abdullah,abdullah_4102@icloud.com,LB,,android,2021-08-27,free,33,m
usr_000910,Sarah,sarah_6748@yahoo.com,AE,Buraidah,android,2024-06-28,premium_annual,,f
usr_000911,سلطان,سلطان_9367@gmail.com,US,Dammam,android,2020-11-03,premium,62,F
usr_000912,منى,منى_3697@icloud.com,KW,Mecca,web,03-02-2024,premium_annual,43,F
usr_000913,طارق,طارق_1779@gmail.com,DE,Jeddah,android,24/05/2019,trial,30,f
usr_000914,Noura,noura_9737@icloud.com,US,Abha,smart_speaker,2022-09-13,premium,44,male
usr_000915,هند,هند_6153@icloud.com,JO,,car_play,2019-03-24,free,24,M
usr_000916,ياسر,ياسر_9514@hotmail.com,SA,Taif,android,04-08-2020,premium,19,m
usr_000917,خالد,خالد_8994@hotmail.com,FR,Tabuk,smart_speaker,2020-01-19T00:00:00,premium,30,f
usr_000918,Khalid,khalid_7552@hotmail.com,US,Khobar,ios,2019-11-25T00:00:00,free,65,M
usr_000919,Zainab,zainab_1329@gmail.com,UK,Jeddah,smart_speaker,2020-11-06T00:00:00,premium_annual,,f
usr_000920,Aisha,aisha_4750@yahoo.com,QA,Taif,android,2020-04-16,trial,49,
usr_000921,Ahmed,ahmed_5147@outlook.sa,JO,Tabuk,smart_speaker,2024-08-15,free,,M
usr_000922,Abdullah,abdullah_5923@icloud.com,QA,Tabuk,smart_speaker,2022-11-15,free,25,
usr_000923,نورة,نورة_9451@outlook.sa,UK,Riyadh,smart_speaker,07-20-2019,free,31,female
usr_000924,أحمد,أحمد_4388@gmail.com,AE,,web,2021-01-26,free,49,f
usr_000925,فاطمة,فاطمة_8167@hotmail.com,LB,Mecca,car_play,27/12/2020,free,31,F
usr_000926,هند,هند_6679@yahoo.com,KW,Tabuk,android,2020-11-30,premium_annual,49,female
usr_000927,أحمد,أحمد_6393@yahoo.com,US,Khobar,web,03/12/2019,premium_annual,18,F
usr_000928,محمد,محمد_1387@outlook.sa,EG,Medina,web,2021-02-04,free,62,M
usr_000929,Lamia,lamia_5433@hotmail.com,JO,Riyadh,web,31/12/2020,free,56,M
usr_000930,عائشة,عائشة_4223@icloud.com,OM,,ios,2022-12-25,trial,25,
usr_000931,Sultan,sultan_8920@gmail.com,MA,,android,2024-03-25,free,28,female
usr_000932,طارق,طارق_570@gmail.com,AE,,car_play,2021-07-13,trial,36,female
usr_000933,نورة,نورة_3420@gmail.com,DE,Jeddah,web,02-04-2019,trial,24,
usr_000934,هند,هند_9767@gmail.com,UK,,ios,2024-07-30,premium,55,
usr_000935,Aisha,aisha_9422@yahoo.com,AE,Mecca,android,2019-10-18,trial,37,
usr_000936,نورة,نورة_3533@icloud.com,MA,Jeddah,android,2021-03-08,trial,37,female
usr_000937,مريم,مريم_6673@gmail.com,FR,Riyadh,web,04-19-2022,premium,41,female
usr_000938,Omar,omar_9641@icloud.com,UK,Mecca,web,2020-07-03,trial,59,M
usr_000939,سارة,سارة_1638@hotmail.com,DE,Khobar,web,2024-02-10,free,48,m
usr_000940,Noura,noura_9846@outlook.sa,BH,Mecca,car_play,2024-06-25,free,39,M
usr_000941,ريم,ريم_7814@icloud.com,UK,,android,03-05-2021,trial,,F
usr_000942,Ahmed,ahmed_8314@yahoo.com,MA,Jeddah,web,2019-03-15T00:00:00,premium_annual,17,f
usr_000943,Zainab,zainab_6159@yahoo.com,FR,Buraidah,car_play,2023-09-20,trial,,m
usr_000944,Zainab,zainab_4067@hotmail.com,OM,Medina,ios,23/04/2023,premium_annual,28,F
usr_000945,فهد,فهد_7044@outlook.sa,MA,Riyadh,smart_speaker,2021-07-02,free,46,F
usr_000946,Noura,noura_3538@yahoo.com,LB,,android,2019-05-06T00:00:00,premium,58,m
usr_000947,Hind,hind_51@yahoo.com,EG,,ios,13/03/2019,premium,52,m
usr_000948,عمر,عمر_8922@hotmail.com,EG,Jeddah,car_play,07-22-2023,trial,38,female
usr_000949,Fahad,fahad_3118@icloud.com,OM,Jeddah,web,2020-02-07,premium,41,m
usr_000950,أحمد,أحمد_483@hotmail.com,JO,,ios,09-15-2024,free,48,female
usr_000951,عبدالله,عبدالله_1331@hotmail.com,FR,Riyadh,ios,05/05/2023,free,19,m
usr_000952,طارق,طارق_2904@icloud.com,BH,,smart_speaker,2022-08-09,trial,19,f
usr_000953,طارق,طارق_1417@icloud.com,QA,,web,2024-07-24,premium_annual,44,
usr_000954,Fatima,fatima_6300@gmail.com,KW,Buraidah,ios,08/07/2024,premium_annual,,m
usr_000955,فهد,فهد_5148@yahoo.com,UK,,android,02-03-2024,premium_annual,41,M
usr_000956,Abdullah,abdullah_9879@hotmail.com,SA,Mecca,smart_speaker,2020-11-03,premium,58,male
usr_000957,سارة,سارة_3576@outlook.sa,AE,,car_play,13/11/2022,premium_annual,53,M
usr_000958,أحمد,أحمد_1549@outlook.sa,QA,Riyadh,android,2023-06-09,trial,32,
usr_000959,Fatima,fatima_8412@hotmail.com,KW,Dammam,ios,03/08/2020,trial,53,m
usr_000960,مريم,مريم_5573@outlook.sa,DE,,car_play,2023-09-16T00:00:00,trial,43,
usr_000961,خالد,خالد_6692@gmail.com,OM,Abha,ios,26/12/2020,trial,53,m
usr_000962,أحمد,أحمد_6598@outlook.sa,BH,,car_play,01/02/2024,premium,16,male
usr_000963,عمر,عمر_5373@hotmail.com,AE,,web,12-01-2020,free,50,female
usr_000964,زينب,زينب_2274@yahoo.com,MA,Abha,car_play,14/12/2020,free,50,
usr_000965,Fahad,fahad_620@yahoo.com,DE,Buraidah,android,03-08-2019,trial,54,f
usr_000966,Hassan,hassan_8392@icloud.com,US,Jeddah,web,2022-10-15T00:00:00,premium_annual,50,m
usr_000967,Reem,reem_8913@outlook.sa,JO,Mecca,car_play,02/01/2023,premium,,m
usr_000968,مريم,مريم_8069@outlook.sa,LB,Buraidah,car_play,2024-03-04,trial,61,
usr_000969,أحمد,أحمد_8719@yahoo.com,US,Tabuk,android,2021-03-14T00:00:00,premium,60,male
usr_000970,Zainab,zainab_628@gmail.com,US,Medina,car_play,2022-09-21,premium,37,
usr_000971,ياسر,ياسر_3214@hotmail.com,OM,,car_play,2023-05-30T00:00:00,premium_annual,31,f
usr_000972,Sarah,sarah_8949@icloud.com,AE,Dammam,web,29/06/2021,free,36,F
usr_000973,زينب,زينب_2816@outlook.sa,MA,Mecca,web,07/11/2022,premium_annual,48,M
usr_000974,ياسر,ياسر_9154@yahoo.com,SA,Abha,web,28/06/2024,premium_annual,28,male
usr_000975,Sultan,sultan_7885@icloud.com,JO,Mecca,car_play,2019-11-02,premium_annual,33,
usr_000976,هند,هند_7434@gmail.com,OM,,android,13/06/2022,free,27,male
usr_000977,طارق,طارق_7330@yahoo.com,SA,Buraidah,web,2020-02-03,premium,57,
usr_000978,Noura,noura_7482@outlook.sa,MA,Jeddah,car_play,05-25-2019,trial,54,f
usr_000979,فهد,فهد_5422@icloud.com,DE,,smart_speaker,11-27-2022,trial,,male
usr_000980,نورة,نورة_2265@outlook.sa,UK,Khobar,web,18/02/2022,premium_annual,43,male
usr_000981,هند,هند_1945@gmail.com,DE,Khobar,ios,2020-12-29,premium,16,M
usr_000982,ريم,ريم_1192@hotmail.com,KW,Jeddah,web,2021-07-29,premium_annual,,M
usr_000983,نورة,نورة_1645@yahoo.com,QA,Taif,car_play,10/10/2023,trial,55,f
usr_000984,منى,منى_4796@outlook.sa,KW,,android,2021-06-28,premium_annual,63,f
usr_000985,نورة,نورة_8903@gmail.com,UK,Jeddah,android,10-13-2019,premium,57,M
usr_000986,فاطمة,فاطمة_2624@hotmail.com,UK,Khobar,ios,09-29-2021,premium,41,m
usr_000987,عمر,عمر_9209@yahoo.com,JO,Dammam,car_play,2024-03-16T00:00:00,free,55,M
usr_000988,Yasser,yasser_870@icloud.com,FR,Abha,ios,2021-09-14,trial,45,f
usr_000989,Zainab,zainab_3050@gmail.com,OM,Dammam,car_play,2021-06-08T00:00:00,premium,26,M
usr_000990,فهد,فهد_3875@hotmail.com,OM,Mecca,car_play,25/08/2021,premium,35,male
usr_000991,ياسر,ياسر_4749@hotmail.com,SA,Medina,web,2024-07-12,trial,62,M
usr_000992,زينب,زينب_2857@outlook.sa,AE,Khobar,android,2023-12-03,trial,47,f
usr_000993,مريم,مريم_8503@hotmail.com,KW,Jeddah,android,2022-08-31,premium_annual,62,
usr_000994,مريم,مريم_8011@icloud.com,DE,,smart_speaker,07-02-2019,trial,29,f
usr_000995,Ahmed,ahmed_3310@gmail.com,QA,,android,04/06/2023,trial,52,
usr_000996,Zainab,zainab_1534@gmail.com,DE,Buraidah,android,2020-10-29,premium_annual,21,male
usr_000997,حسن,حسن_3217@gmail.com,MA,Abha,ios,25/09/2024,premium,47,M
usr_000998,نورة,نورة_1935@outlook.sa,EG,Dammam,ios,2020-09-13,free,63,f
usr_000999,Ahmed,ahmed_1982@icloud.com,UK,Dammam,web,14/06/2020,trial,28,m
usr_001000,مريم,مريم_220@hotmail.com,JO,Medina,car_play,2023-04-07,free,34,F
usr_001001,Fahad,fahad_5524@gmail.com,MA,Dammam,android,06/06/2023,premium_annual,17,
usr_001002,Abdullah,abdullah_21@hotmail.com,UK,Buraidah,web,12-04-2022,premium,53,female
usr_001003,عمر,عمر_9007@yahoo.com,LB,Medina,android,02-20-2021,premium,32,M
usr_001004,Fatima,fatima_9783@icloud.com,AE,Taif,smart_speaker,2023-10-02,free,,m
usr_001005,Aisha,aisha_1754@yahoo.com,OM,Dammam,ios,2020-06-02,premium,34,M
usr_001006,Zainab,zainab_7397@yahoo.com,EG,,web,20/07/2023,free,53,f
usr_001007,سلطان,,JO,Jeddah,ios,2021-10-05,free,48,M
usr_001008,سلطان,سلطان_7362@outlook.sa,QA,,ios,2023-08-17T00:00:00,trial,49,M
usr_001009,سلطان,سلطان_5616@gmail.com,JO,Taif,ios,29/08/2020,trial,31,M
usr_001010,عائشة,عائشة_4515@outlook.sa,QA,Tabuk,android,24/03/2022,free,17,M
usr_001011,طارق,طارق_9768@yahoo.com,JO,Jeddah,car_play,26/12/2022,free,58,
usr_001012,Tariq,tariq_6450@outlook.sa,FR,Khobar,car_play,06/12/2023,free,24,f
usr_001013,هند,هند_5413@icloud.com,SA,,ios,08-27-2023,free,47,f
usr_001014,مريم,مريم_1114@icloud.com,DE,Medina,car_play,2021-08-24,free,58,f
usr_001015,زينب,زينب_4877@icloud.com,FR,Tabuk,car_play,2024-08-17,trial,57,M
usr_001016,مريم,مريم_4795@gmail.com,EG,,ios,08-26-2023,premium,34,M
usr_001017,عائشة,عائشة_9683@icloud.com,QA,Jeddah,car_play,25/11/2023,trial,20,f
usr_001018,منى,منى_836@icloud.com,JO,,car_play,2020-07-25T00:00:00,premium,42,M
usr_001019,مريم,مريم_1372@hotmail.com,OM,Buraidah,car_play,2021-11-28T00:00:00,trial,23,M
usr_001020,Aisha,aisha_501@gmail.com,LB,,web,2022-04-01,premium_annual,26,
usr_001021,منى,,JO,,car_play,2021-08-12,premium,,M
usr_001022,Noura,noura_3096@outlook.sa,MA,Buraidah,smart_speaker,04-22-2024,free,58,M
usr_001023,طارق,طارق_9170@icloud.com,KW,Tabuk,car_play,2020-11-08,trial,19,male
usr_001024,Abdullah,abdullah_9519@outlook.sa,AE,Riyadh,smart_speaker,2021-11-25T00:00:00,premium,34,f
usr_001025,Mona,mona_9520@outlook.sa,KW,Riyadh,car_play,14/03/2020,trial,34,
usr_001026,منى,منى_8384@yahoo.com,KW,Riyadh,android,25/10/2023,premium_annual,25,F
usr_001027,مريم,مريم_2049@gmail.com,LB,,android,2023-07-24T00:00:00,premium_annual,50,f
usr_001028,عائشة,عائشة_7294@icloud.com,MA,Riyadh,car_play,2024-05-18,free,,M
usr_001029,حسن,حسن_2675@hotmail.com,UK,Mecca,android,2021-10-13,trial,16,male
usr_001030,سلطان,سلطان_6564@yahoo.com,DE,,ios,2022-08-08,premium,33,
usr_001031,أحمد,أحمد_3167@yahoo.com,QA,Buraidah,smart_speaker,2020-02-03T00:00:00,trial,46,
usr_001032,زينب,زينب_8956@gmail.com,LB,Riyadh,smart_speaker,2021-11-25,trial,25,M
usr_001033,Khalid,khalid_3027@outlook.sa,US,Medina,car_play,04/03/2020,trial,50,m
usr_001034,عائشة,عائشة_6245@icloud.com,QA,Jeddah,web,09/12/2023,premium_annual,36,
usr_001035,فاطمة,فاطمة_5920@hotmail.com,UK,,ios,01-09-2021,premium_annual,46,M
usr_001036,زينب,زينب_4802@hotmail.com,OM,Khobar,android,2023-07-02,trial,23,f
usr_001037,زينب,زينب_4100@hotmail.com,SA,Tabuk,smart_speaker,10/07/2020,premium_annual,63,
usr_001038,محمد,محمد_5092@yahoo.com,EG,,smart_speaker,2023-11-21T00:00:00,trial,17,m
usr_001039,Mohammed,mohammed_6966@hotmail.com,BH,,web,2024-09-05,premium_annual,40,
usr_001040,Ahmed,ahmed_1777@outlook.sa,US,Buraidah,web,10/10/2022,premium,16,f
usr_001041,منى,منى_7016@outlook.sa,UK,Medina,smart_speaker,2020-09-15,premium,55,M
usr_001042,عائشة,عائشة_4116@icloud.com,DE,Tabuk,ios,2020-02-14,free,50,M
usr_001043,Mariam,mariam_2095@hotmail.com,FR,Buraidah,car_play,2024-05-24,premium_annual,16,
usr_001044,Tariq,tariq_1248@hotmail.com,UK,Dammam,ios,13/12/2021,premium,30,f
usr_001045,Mariam,mariam_788@outlook.sa,LB,Dammam,web,2023-04-30,premium_annual,27,male
usr_001046,لمياء,لمياء_5932@yahoo.com,SA,Tabuk,web,2021-08-10T00:00:00,premium_annual,34,f
usr_001047,Fahad,fahad_7332@yahoo.com,DE,Abha,car_play,27/07/2020,free,65,female
usr_001048,محمد,محمد_3140@icloud.com,LB,Dammam,ios,11-12-2020,trial,16,f
usr_001049,سارة,سارة_544@outlook.sa,MA,,android,2019-06-20,premium_annual,48,
usr_001050,Mohammed,mohammed_586@gmail.com,LB,Tabuk,smart_speaker,29/07/2021,trial,48,M
usr_001051,طارق,طارق_877@icloud.com,BH,,web,01-12-2023,free,55,F
usr_001052,حسن,حسن_2021@hotmail.com,LB,Taif,car_play,08-05-2022,premium_annual,63,female
usr_001053,Hassan,hassan_999@yahoo.com,OM,Dammam,smart_speaker,2020-09-26,free,44,f
usr_001054,Hassan,hassan_8855@outlook.sa,UK,Medina,android,02/01/2020,premium,57,F
usr_001055,سلطان,سلطان_9007@outlook.sa,SA,Dammam,car_play,27/02/2020,premium,49,
usr_001056,أحمد,أحمد_1917@gmail.com,KW,Riyadh,ios,18/11/2020,free,40,female
usr_001057,Sultan,sultan_184@icloud.com,AE,,android,2024-05-23,premium_annual,21,male
usr_001058,Reem,reem_1394@icloud.com,LB,,smart_speaker,03-31-2022,premium_annual,64,
usr_001059,Sultan,sultan_572@gmail.com,BH,,ios,2022-07-19,trial,41,F
usr_001060,Zainab,,FR,Riyadh,ios,11/09/2022,trial,58,female
usr_001061,عبدالله,عبدالله_1480@hotmail.com,QA,Abha,car_play,2023-02-28T00:00:00,premium_annual,55,
usr_001062,مريم,مريم_3190@outlook.sa,EG,Medina,car_play,03/03/2019,premium,62,m
usr_001063,مريم,,LB,Buraidah,ios,03-05-2019,trial,59,f
usr_001064,منى,منى_1271@icloud.com,JO,,ios,2023-10-23T00:00:00,premium,21,F
usr_001065,هند,هند_1289@icloud.com,FR,Buraidah,web,2021-02-04,premium,45,male
usr_001066,هند,هند_1479@hotmail.com,JO,Buraidah,android,03-01-2024,free,,f
usr_001067,Tariq,tariq_4363@hotmail.com,KW,Abha,web,08/07/2023,free,61,male
usr_001068,Omar,omar_7965@gmail.com,OM,Taif,android,20/11/2022,free,25,F
usr_001069,Ahmed,ahmed_1039@outlook.sa,BH,,web,2019-03-15,trial,19,female
usr_001070,Aisha,aisha_2670@icloud.com,MA,Medina,ios,2024-04-09T00:00:00,free,,m
usr_001071,فهد,فهد_6877@gmail.com,EG,,car_play,2024-01-28,premium_annual,,M
usr_001072,زينب,زينب_6092@gmail.com,MA,Abha,ios,30/08/2019,free,43,M
usr_001073,زينب,زينب_2231@hotmail.com,SA,Jeddah,smart_speaker,2023-12-10,premium_annual,16,female
usr_001074,Zainab,zainab_5117@icloud.com,UK,Medina,android,12-21-2019,premium,49,female
usr_001075,فاطمة,فاطمة_1894@outlook.sa,FR,,car_play,2021-11-19,premium,28,
usr_001076,خالد,خالد_744@hotmail.com,OM,,car_play,17/10/2019,trial,27,M
usr_001077,عائشة,عائشة_3965@yahoo.com,FR,,smart_speaker,01-14-2023,free,33,m
usr_001078,Mariam,mariam_8248@hotmail.com,LB,Dammam,web,2021-10-26,premium,56,
usr_001079,منى,منى_7280@yahoo.com,UK,Khobar,smart_speaker,2022-09-17,premium_annual,39,female
usr_001080,مريم,مريم_5461@yahoo.com,AE,Medina,ios,09/02/2019,free,22,M
usr_001081,هند,هند_7294@outlook.sa,SA,Dammam,android,20/03/2019,free,55,male
usr_001082,Mohammed,mohammed_1355@hotmail.com,KW,Khobar,car_play,2019-12-07,premium_annual,19,M
usr_001083,سلطان,سلطان_5526@hotmail.com,FR,,android,27/07/2019,premium_annual,57,f
usr_001084,أحمد,,DE,Mecca,android,05-12-2019,trial,19,male
usr_001085,ياسر,ياسر_4717@icloud.com,BH,,ios,2019-09-27,premium,53,M
usr_001086,عائشة,عائشة_4657@gmail.com,AE,Buraidah,ios,28/05/2021,premium,37,m
usr_001087,Zainab,,SA,Jeddah,ios,24/09/2021,free,47,m
usr_001088,ياسر,ياسر_7197@outlook.sa,QA,Mecca,smart_speaker,29/08/2019,premium_annual,24,f
usr_001089,طارق,طارق_9768@yahoo.com,JO,Jeddah,car_play,2022-06-17,free,58,
usr_001090,فهد,فهد_6409@hotmail.com,QA,Taif,web,2023-04-04T00:00:00,premium,56,F
usr_001091,سارة,,KW,Buraidah,car_play,2022-09-20,premium_annual,55,F
usr_001092,ريم,ريم_2230@icloud.com,SA,Khobar,smart_speaker,04-22-2023,premium_annual,52,m
usr_001093,زينب,زينب_6939@yahoo.com,KW,Mecca,android,2020-12-01,trial,27,
usr_001094,عبدالله,عبدالله_4192@outlook.sa,JO,,car_play,2022-12-19,premium,,female
usr_001095,Mariam,mariam_101@hotmail.com,BH,Dammam,ios,2021-07-13T00:00:00,premium,,m
usr_001096,سلطان,سلطان_8244@outlook.sa,BH,Khobar,car_play,01-22-2020,free,36,m
usr_001097,Khalid,khalid_3873@outlook.sa,LB,,car_play,02/07/2019,premium,,female
usr_001098,Lamia,lamia_5435@yahoo.com,FR,Jeddah,car_play,2020-12-07,premium,64,female
usr_001099,ريم,ريم_2217@hotmail.com,SA,Medina,web,2022-04-21T00:00:00,trial,57,F
usr_001100,سارة,سارة_168@hotmail.com,UK,Riyadh,android,01-14-2023,free,19,male
usr_001101,منى,منى_2833@hotmail.com,BH,,android,2024-08-13,free,59,female
usr_001102,Mona,mona_7487@outlook.sa,OM,Buraidah,ios,2021-08-03,premium,20,f
usr_001103,Abdullah,abdullah_7696@yahoo.com,EG,,ios,2023-08-30,premium,49,F
usr_001104,ياسر,ياسر_6421@hotmail.com,KW,Mecca,ios,2022-02-04,trial,48,M
usr_001105,Yasser,yasser_7545@gmail.com,EG,Tabuk,android,2023-09-07,free,41,male
usr_001106,أحمد,أحمد_7225@outlook.sa,EG,,web,2021-11-09,premium,52,female
usr_001107,فهد,فهد_2768@outlook.sa,KW,Jeddah,ios,2020-11-16T00:00:00,premium_annual,32,F
usr_001108,فهد,فهد_1662@icloud.com,FR,Riyadh,car_play,2022-08-06T00:00:00,trial,54,f
usr_001109,Abdullah,abdullah_9844@icloud.com,US,Mecca,android,2022-06-28T00:00:00,premium_annual,24,f
usr_001110,Omar,omar_8711@hotmail.com,BH,Mecca,ios,2023-02-06T00:00:00,premium,,f
usr_001111,منى,منى_6397@icloud.com,US,Khobar,smart_speaker,2021-12-29T00:00:00,trial,62,
usr_001112,ريم,ريم_7154@yahoo.com,MA,Medina,smart_speaker,03-27-2021,trial,54,
usr_001113,هند,هند_6062@gmail.com,LB,Riyadh,car_play,11-20-2019,premium_annual,55,male
usr_001114,ياسر,ياسر_4950@outlook.sa,KW,Mecca,ios,2023-03-01,trial,33,F
usr_001115,ياسر,ياسر_2008@yahoo.com,SA,,web,01/05/2020,premium,26,female
usr_001116,طارق,طارق_3605@outlook.sa,BH,Riyadh,ios,2019-08-17,free,49,
usr_001117,مريم,مريم_7318@gmail.com,LB,Dammam,android,22/11/2019,premium_annual,58,male
usr_001118,فاطمة,فاطمة_797@gmail.com,JO,Dammam,ios,2024-03-01,trial,63,
usr_001119,ياسر,ياسر_5308@outlook.sa,BH,Riyadh,ios,2020-06-24,premium_annual,57,
usr_001120,Mariam,mariam_1031@gmail.com,OM,Taif,ios,2020-09-16T00:00:00,free,,F
usr_001121,Sarah,sarah_1965@outlook.sa,SA,Mecca,car_play,2024-03-11,free,29,
usr_001122,Ahmed,ahmed_3252@gmail.com,BH,Khobar,web,17/07/2024,premium,41,F
usr_001123,Omar,omar_2095@yahoo.com,MA,Mecca,android,08/06/2024,premium,56,f
usr_001124,عمر,عمر_7761@hotmail.com,DE,Dammam,android,14/12/2020,trial,48,male
usr_001125,نورة,,JO,,ios,2024-02-24,premium,28,female
usr_001126,مريم,مريم_3642@icloud.com,US,Dammam,ios,2023-06-12T00:00:00,trial,56,female
usr_001127,لمياء,لمياء_2147@hotmail.com,BH,,android,2021-03-31T00:00:00,premium,26,f
usr_001128,زينب,زينب_2528@hotmail.com,KW,,web,2022-11-18T00:00:00,trial,,F
usr_001129,فاطمة,فاطمة_4009@gmail.com,FR,Taif,ios,2023-05-15,premium_annual,47,male
usr_001130,مريم,مريم_4996@gmail.com,US,Dammam,ios,15/07/2022,free,40,F
usr_001131,فاطمة,فاطمة_5987@outlook.sa,AE,Medina,smart_speaker,2021-07-27,free,32,m
usr_001132,طارق,طارق_4386@gmail.com,AE,Khobar,web,2019-10-03,trial,52,f
usr_001133,منى,منى_8965@outlook.sa,OM,,ios,2021-05-16,trial,24,M
usr_001134,فاطمة,فاطمة_1575@hotmail.com,UK,Dammam,web,03/03/2019,free,52,F
usr_001135,زينب,زينب_8573@outlook.sa,BH,Tabuk,smart_speaker,2024-02-03,trial,54,
usr_001136,خالد,خالد_9450@icloud.com,LB,Taif,smart_speaker,2019-04-26T00:00:00,premium_annual,56,F
usr_001137,Yasser,yasser_5388@yahoo.com,BH,Taif,car_play,2020-04-17,premium_annual,23,F
usr_001138,Fatima,fatima_6196@yahoo.com,QA,Abha,web,2019-04-07,trial,,M
usr_001139,مريم,مريم_7132@outlook.sa,EG,Abha,car_play,09/06/2023,trial,21,female
usr_001140,خالد,خالد_542@gmail.com,EG,Khobar,android,2019-05-19,trial,53,f
usr_001141,Mona,mona_1296@gmail.com,US,Khobar,android,2021-02-02T00:00:00,trial,29,M
usr_001142,منى,منى_6776@hotmail.com,EG,Jeddah,web,10-23-2020,premium_annual,55,
usr_001143,Reem,reem_4892@yahoo.com,DE,Medina,android,08-23-2023,premium_annual,20,
usr_001144,Lamia,lamia_4519@icloud.com,JO,Buraidah,web,2021-09-20T00:00:00,trial,49,
usr_001145,فهد,,UK,,car_play,2022-09-06,premium_annual,,F
usr_001146,نورة,نورة_1887@outlook.sa,DE,Khobar,web,30/12/2023,premium_annual,56,f
usr_001147,محمد,محمد_704@yahoo.com,QA,Medina,smart_speaker,05-29-2020,free,55,F
usr_001148,Sarah,sarah_7561@yahoo.com,FR,Khobar,car_play,2020-07-12T00:00:00,trial,53,male
usr_001149,Hassan,hassan_3579@gmail.com,QA,,car_play,2019-11-20,premium_annual,60,male
usr_001150,سارة,سارة_4860@hotmail.com,BH,,android,2023-02-28,premium,,F
usr_001151,سلطان,سلطان_307@yahoo.com,BH,Buraidah,smart_speaker,2023-07-24,trial,50,
usr_001152,Fahad,fahad_9324@yahoo.com,EG,,ios,07-09-2022,premium,57,M
usr_001153,Hind,hind_3406@yahoo.com,SA,Taif,web,10/02/2021,free,51,m
usr_001154,Noura,noura_3260@hotmail.com,KW,Dammam,car_play,2022-10-11,premium,,M
usr_001155,محمد,محمد_3764@gmail.com,BH,Tabuk,smart_speaker,2021-06-01,trial,,f
usr_001156,Mohammed,mohammed_7169@outlook.sa,KW,,car_play,04/02/2023,premium_annual,36,F
usr_001157,نورة,نورة_3782@icloud.com,LB,,smart_speaker,08-18-2019,premium,29,male
usr_001158,Zainab,zainab_269@gmail.com,JO,,android,10-06-2019,premium,39,M
usr_001159,Sultan,sultan_7804@outlook.sa,OM,,smart_speaker,2024-03-09,free,54,
usr_001160,منى,منى_2525@outlook.sa,US,Taif,ios,2021-07-20T00:00:00,premium,54,M
usr_001161,Aisha,aisha_2416@hotmail.com,JO,Mecca,smart_speaker,2022-02-28,free,22,F
usr_001162,Ahmed,,UK,Buraidah,ios,19/02/2024,free,19,
usr_001163,عمر,عمر_1697@icloud.com,MA,Khobar,android,12/07/2021,premium_annual,64,M
usr_001164,Reem,reem_3610@icloud.com,JO,Riyadh,web,2023-05-08,premium_annual,23,female
usr_001165,ياسر,ياسر_3152@hotmail.com,UK,,car_play,2021-12-03,premium,34,male
usr_001166,عائشة,عائشة_8178@icloud.com,MA,Khobar,ios,06-02-2022,premium_annual,26,M
usr_001167,منى,منى_8141@yahoo.com,MA,,android,2022-07-06,trial,58,F
usr_001168,نورة,نورة_7412@outlook.sa,JO,Dammam,android,2023-08-24,premium_annual,17,female
usr_001169,Fahad,fahad_456@yahoo.com,MA,,android,2020-08-03,premium,23,M
usr_001170,فهد,فهد_9690@yahoo.com,OM,,car_play,2023-08-09T00:00:00,trial,31,female
usr_001171,Noura,noura_701@outlook.sa,EG,Medina,car_play,2022-04-30,free,51,male
usr_001172,زينب,زينب_8757@hotmail.com,UK,,ios,15/06/2019,free,25,M
usr_001173,Sultan,sultan_6103@icloud.com,KW,,car_play,25/09/2024,trial,41,male
usr_001174,أحمد,أحمد_6381@yahoo.com,QA,,ios,12-09-2021,free,27,m
usr_001175,ياسر,ياسر_6582@yahoo.com,FR,Medina,ios,08/07/2022,trial,29,male
usr_001176,سارة,سارة_2999@gmail.com,QA,Riyadh,web,16/08/2020,premium,50,F
usr_001177,أحمد,أحمد_4069@hotmail.com,MA,,car_play,2020-05-02,premium_annual,56,M
usr_001178,محمد,محمد_2755@gmail.com,SA,Mecca,android,05/11/2023,premium_annual,41,F
usr_001179,عائشة,عائشة_3850@icloud.com,UK,Khobar,car_play,2021-01-05T00:00:00,premium,55,F
usr_001180,منى,منى_7146@hotmail.com,FR,Taif,android,06/11/2023,trial,29,F
usr_001181,Mariam,mariam_6595@hotmail.com,EG,Mecca,smart_speaker,12/04/2020,premium_annual,22,M
usr_001182,Hassan,hassan_2497@gmail.com,US,Taif,android,2021-04-03T00:00:00,premium_annual,45,f
usr_001183,فاطمة,فاطمة_8078@outlook.sa,AE,Tabuk,web,2019-03-23T00:00:00,premium,,m
usr_001184,منى,منى_6714@gmail.com,JO,,ios,2020-06-05T00:00:00,premium_annual,42,m
usr_001185,Mohammed,mohammed_2469@outlook.sa,EG,Tabuk,car_play,2020-12-30,trial,55,
usr_001186,حسن,حسن_8311@icloud.com,MA,,android,01-10-2024,premium_annual,54,male
usr_001187,مريم,مريم_6673@gmail.com,FR,Riyadh,web,2020-07-23,premium,41,female
usr_001188,عمر,عمر_9355@yahoo.com,EG,Taif,android,2024-08-01,premium_annual,45,F
usr_001189,زينب,زينب_8789@icloud.com,AE,,web,07/11/2022,free,36,M
usr_001190,نورة,نورة_1938@gmail.com,KW,Abha,ios,10/02/2019,trial,51,m
usr_001191,سلطان,سلطان_3629@gmail.com,LB,,car_play,2021-10-31T00:00:00,premium,18,male
usr_001192,Hind,,LB,,smart_speaker,2024-05-16,trial,25,f
usr_001193,Yasser,yasser_1669@icloud.com,FR,,web,2022-11-13,premium,,male
usr_001194,Mariam,mariam_4821@outlook.sa,JO,Taif,smart_speaker,2021-02-23,free,49,female
usr_001195,سارة,سارة_7008@yahoo.com,UK,Mecca,web,05-08-2019,premium_annual,32,F
usr_001196,ياسر,ياسر_6132@hotmail.com,QA,,smart_speaker,2023-09-25,premium,24,M
usr_001197,طارق,,FR,Buraidah,ios,10/05/2024,premium_annual,56,f
usr_001198,Hind,hind_8867@yahoo.com,US,,web,2024-05-21,premium,36,F
usr_001199,فاطمة,فاطمة_1341@hotmail.com,QA,Khobar,android,2021-07-11,free,54,M
usr_001200,Abdullah,abdullah_7739@hotmail.com,DE,Abha,smart_speaker,2021-01-27T00:00:00,premium,33,m
usr_001201,نورة,نورة_2965@icloud.com,US,Khobar,android,2022-08-08,premium_annual,23,m
usr_001202,أحمد,أحمد_8669@gmail.com,OM,Jeddah,web,2019-09-30,trial,33,female
usr_001203,عائشة,عائشة_4847@gmail.com,FR,,smart_speaker,08-01-2020,free,35,f
usr_001204,ريم,ريم_8001@icloud.com,LB,Mecca,ios,2021-04-12,premium,20,f
usr_001205,أحمد,أحمد_8405@outlook.sa,LB,Dammam,car_play,16/01/2021,free,27,female
usr_001206,عبدالله,عبدالله_5136@hotmail.com,AE,Medina,smart_speaker,23/01/2021,premium_annual,29,male
usr_001207,سلطان,سلطان_5837@outlook.sa,US,Medina,web,20/02/2020,trial,63,female
usr_001208,Reem,reem_3440@outlook.sa,KW,Buraidah,web,25/09/2019,trial,43,male
usr_001209,Sultan,sultan_791@icloud.com,MA,Abha,android,04-29-2019,free,30,
usr_001210,Hind,hind_4711@hotmail.com,US,Medina,car_play,08-05-2023,premium_annual,58,m
usr_001211,زينب,زينب_5711@icloud.com,KW,,ios,01/07/2024,free,20,female
usr_001212,Hind,hind_8665@icloud.com,BH,Abha,ios,2019-10-31T00:00:00,trial,,male
usr_001213,Mohammed,mohammed_1355@hotmail.com,KW,Khobar,car_play,2020-02-27,premium_annual,19,M
usr_001214,Mariam,mariam_1870@gmail.com,MA,Abha,car_play,2022-10-31,free,37,m
usr_001215,Mona,mona_7668@icloud.com,SA,Dammam,car_play,2020-11-14,trial,53,F
usr_001216,Mariam,mariam_339@outlook.sa,UK,Khobar,android,06/07/2022,premium,17,f
usr_001217,مريم,مريم_2059@icloud.com,JO,Khobar,web,02-12-2019,free,43,M
usr_001218,Ahmed,ahmed_4644@yahoo.com,SA,,web,2024-08-19,premium,29,female
usr_001219,ياسر,ياسر_2292@outlook.sa,AE,Khobar,car_play,2024-07-25,trial,29,male
usr_001220,طارق,طارق_1481@yahoo.com,US,,smart_speaker,09-29-2022,premium,,male
usr_001221,Sultan,sultan_1660@outlook.sa,QA,Buraidah,ios,21/11/2022,premium,31,female
usr_001222,Yasser,yasser_6716@gmail.com,OM,,web,2023-09-24,premium,40,
usr_001223,سلطان,سلطان_7567@yahoo.com,US,,web,08-16-2023,premium_annual,32,M
usr_001224,سارة,سارة_136@yahoo.com,KW,Mecca,smart_speaker,2020-07-08,premium,48,
usr_001225,زينب,زينب_3767@icloud.com,OM,,ios,31/01/2024,trial,18,female
usr_001226,نورة,نورة_8285@icloud.com,DE,,car_play,15/01/2019,trial,36,
usr_001227,منى,منى_2225@outlook.sa,AE,Mecca,ios,2022-09-08T00:00:00,trial,51,M
usr_001228,سارة,سارة_9678@icloud.com,DE,Jeddah,car_play,24/05/2019,trial,46,female
usr_001229,فاطمة,فاطمة_7365@gmail.com,FR,Mecca,ios,2021-05-28,free,23,male
usr_001230,فهد,فهد_6487@hotmail.com,OM,Dammam,ios,2019-04-05,premium_annual,,
usr_001231,Omar,omar_7377@outlook.sa,KW,Medina,ios,2019-05-23T00:00:00,free,,f
usr_001232,ريم,ريم_9025@gmail.com,SA,Buraidah,web,01-13-2022,free,25,F
usr_001233,ياسر,ياسر_4191@icloud.com,EG,Dammam,web,2024-04-28,free,35,
usr_001234,سلطان,سلطان_1768@icloud.com,FR,Riyadh,android,26/05/2021,premium_annual,43,M
usr_001235,نورة,نورة_919@hotmail.com,DE,Buraidah,web,2023-06-24,premium,42,f
usr_001236,منى,منى_7796@icloud.com,OM,Jeddah,smart_speaker,2019-05-08,premium,52,M
usr_001237,أحمد,أحمد_7397@hotmail.com,KW,Mecca,car_play,02/01/2020,trial,63,m
usr_001238,لمياء,لمياء_5181@yahoo.com,UK,Jeddah,smart_speaker,06/05/2020,free,51,
usr_001239,أحمد,أحمد_2371@hotmail.com,DE,Dammam,android,2022-06-08,premium_annual,57,female
usr_001240,Fahad,fahad_279@icloud.com,QA,Abha,smart_speaker,10/01/2022,premium,17,F
usr_001241,Fatima,fatima_6701@gmail.com,US,Medina,car_play,2021-07-09,free,59,F
usr_001242,أحمد,أحمد_2154@gmail.com,AE,Jeddah,web,2022-12-07T00:00:00,free,43,m
usr_001243,مريم,مريم_7012@icloud.com,US,Mecca,smart_speaker,22/08/2023,trial,16,m
usr_001244,مريم,مريم_1452@icloud.com,AE,Abha,web,2021-08-03,premium,,male
usr_001245,فهد,فهد_3234@yahoo.com,BH,Medina,car_play,2021-04-05,trial,18,m
usr_001246,طارق,طارق_3072@hotmail.com,UK,,android,2023-08-08T00:00:00,free,28,f
usr_001247,سارة,سارة_3569@gmail.com,SA,Taif,car_play,08/09/2022,trial,34,f
usr_001248,عائشة,عائشة_9368@icloud.com,AE,Jeddah,smart_speaker,20/01/2019,free,,
usr_001249,فاطمة,فاطمة_3303@outlook.sa,UK,,car_play,2021-08-20,trial,55,M
usr_001250,عبدالله,عبدالله_8973@outlook.sa,JO,,smart_speaker,2022-05-14T00:00:00,premium,,M
usr_001251,سلطان,سلطان_4003@outlook.sa,AE,,car_play,17/10/2021,free,58,m
usr_001252,سارة,سارة_4470@hotmail.com,KW,,web,2022-07-02,trial,47,male
usr_001253,لمياء,لمياء_6627@outlook.sa,JO,Riyadh,ios,2021-10-22T00:00:00,free,33,f
usr_001254,فهد,فهد_3646@icloud.com,JO,Medina,ios,2024-09-07,premium,41,F
usr_001255,زينب,زينب_306@yahoo.com,AE,Buraidah,smart_speaker,2024-08-03,trial,42,m
usr_001256,Mariam,,UK,Taif,ios,01-23-2020,trial,56,F
usr_001257,أحمد,أحمد_997@outlook.sa,MA,Riyadh,web,2023-06-17,trial,19,M
usr_001258,نورة,نورة_3286@hotmail.com,MA,,smart_speaker,21/12/2019,free,24,M
usr_001259,Tariq,tariq_5327@hotmail.com,FR,,web,2024-07-31T00:00:00,premium_annual,18,male
usr_001260,محمد,محمد_1755@icloud.com,AE,Riyadh,web,13/05/2022,trial,56,F
usr_001261,طارق,طارق_1362@outlook.sa,EG,Dammam,web,12-03-2022,free,24,
usr_001262,Yasser,yasser_5753@outlook.sa,KW,,web,10/09/2023,free,55,female
usr_001263,Hind,hind_7755@outlook.sa,FR,Dammam,car_play,2022-01-09,free,39,M
usr_001264,زينب,زينب_7920@yahoo.com,KW,Khobar,web,09-21-2024,premium,35,f
usr_001265,طارق,طارق_4142@icloud.com,UK,,android,12-22-2019,premium_annual,27,M
usr_001266,حسن,حسن_8079@hotmail.com,LB,Taif,android,2020-05-21,trial,58,female
usr_001267,عائشة,عائشة_2929@gmail.com,LB,Buraidah,smart_speaker,23/03/2022,free,41,male
usr_001268,نورة,نورة_6080@yahoo.com,BH,Medina,ios,29/06/2019,premium,17,M
usr_001269,ريم,ريم_8138@hotmail.com,AE,,car_play,2023-10-03,trial,,M
usr_001270,مريم,,MA,,ios,2020-03-06,free,,male
usr_001271,Reem,reem_1753@outlook.sa,UK,Abha,car_play,2024-04-28,trial,,f
usr_001272,Omar,omar_835@icloud.com,QA,Medina,smart_speaker,2020-09-29,premium_annual,16,f
usr_001273,نورة,نورة_1956@gmail.com,JO,,car_play,2021-07-04,trial,16,female
usr_001274,طارق,طارق_1734@outlook.sa,SA,Taif,ios,2021-07-17T00:00:00,trial,25,F
usr_001275,سلطان,سلطان_8774@hotmail.com,JO,Mecca,ios,2021-10-26,trial,51,
usr_001276,مريم,مريم_6003@yahoo.com,JO,,car_play,2022-03-20,free,,f
usr_001277,فاطمة,فاطمة_3729@outlook.sa,LB,Jeddah,ios,2020-07-28,premium,18,F
usr_001278,حسن,حسن_1940@hotmail.com,MA,,web,2022-12-31T00:00:00,premium,,M
usr_001279,محمد,محمد_3565@hotmail.com,OM,Taif,web,19/01/2019,premium,29,f
usr_001280,هند,هند_8248@gmail.com,BH,Medina,ios,2020-07-14,trial,20,
usr_001281,عبدالله,عبدالله_6178@outlook.sa,UK,Taif,smart_speaker,2020-02-18T00:00:00,premium_annual,31,F
usr_001282,محمد,محمد_1942@yahoo.com,JO,Dammam,smart_speaker,01-18-2020,trial,23,male
usr_001283,عبدالله,عبدالله_7358@outlook.sa,OM,,android,14/07/2020,premium,64,m
usr_001284,Hassan,hassan_7568@hotmail.com,BH,,ios,07-06-2019,premium,34,female
usr_001285,عمر,عمر_1060@outlook.sa,AE,Mecca,ios,2024-04-03,trial,40,
usr_001286,أحمد,أحمد_3548@gmail.com,JO,Mecca,car_play,2021-07-30T00:00:00,free,44,male
usr_001287,نورة,نورة_9219@hotmail.com,OM,Tabuk,car_play,2021-01-11T00:00:00,trial,44,F
usr_001288,ياسر,ياسر_3390@hotmail.com,JO,,android,07-11-2020,premium_annual,51,female
usr_001289,Fatima,fatima_9952@gmail.com,EG,,ios,02/11/2023,premium_annual,49,female
usr_001290,Lamia,lamia_99@yahoo.com,DE,Taif,car_play,02-26-2023,premium,52,female
usr_001291,Khalid,khalid_3144@yahoo.com,EG,Abha,car_play,2021-11-20,trial,37,male
usr_001292,عائشة,عائشة_4255@hotmail.com,FR,Mecca,smart_speaker,2019-04-24,premium,29,F
usr_001293,سلطان,سلطان_1229@outlook.sa,FR,Abha,smart_speaker,2020-08-26,free,22,female
usr_001294,لمياء,لمياء_9052@outlook.sa,MA,Riyadh,web,2023-03-04,premium,43,m
usr_001295,نورة,نورة_6771@icloud.com,DE,Jeddah,web,05/02/2021,premium,33,female
usr_001296,محمد,محمد_3540@gmail.com,EG,,smart_speaker,20/01/2024,free,59,M
usr_001297,لمياء,لمياء_6173@icloud.com,BH,,smart_speaker,02-23-2024,premium,44,female
usr_001298,Khalid,khalid_4262@gmail.com,KW,,car_play,17/06/2023,premium_annual,54,F
usr_001299,عبدالله,عبدالله_2623@icloud.com,AE,,android,13/07/2024,premium_annual,35,
usr_001300,خالد,خالد_2813@outlook.sa,FR,Medina,web,09-16-2023,premium,32,m
usr_001301,محمد,محمد_6860@outlook.sa,OM,,ios,2023-11-17T00:00:00,premium,,M
usr_001302,عبدالله,عبدالله_6086@yahoo.com,FR,Riyadh,web,2019-07-10,premium_annual,18,m
usr_001303,نورة,نورة_108@hotmail.com,BH,Riyadh,android,27/02/2021,premium_annual,37,male
usr_001304,أحمد,أحمد_3704@outlook.sa,MA,Taif,car_play,2022-10-14,premium_annual,29,m
usr_001305,ريم,ريم_6458@hotmail.com,MA,Riyadh,car_play,10-26-2020,free,63,f
usr_001306,زينب,زينب_943@outlook.sa,DE,Buraidah,smart_speaker,01-11-2022,premium_annual,55,m
usr_001307,منى,منى_5063@icloud.com,OM,Jeddah,ios,2021-03-22,trial,65,
usr_001308,سلطان,سلطان_9601@hotmail.com,KW,Jeddah,android,2024-01-10T00:00:00,free,30,f
usr_001309,Yasser,yasser_4127@outlook.sa,AE,,android,09-14-2024,free,43,M
usr_001310,فهد,فهد_4432@gmail.com,BH,Jeddah,ios,2022-01-05,premium_annual,37,male
usr_001311,سلطان,سلطان_4908@hotmail.com,US,,car_play,25/07/2020,trial,53,female
usr_001312,Fahad,fahad_1531@icloud.com,LB,Medina,web,2021-10-26,free,63,M
usr_001313,ياسر,ياسر_9414@hotmail.com,BH,,android,03/11/2023,trial,38,
usr_001314,Lamia,lamia_940@icloud.com,OM,Khobar,car_play,02/04/2022,premium,50,F
usr_001315,نورة,نورة_295@icloud.com,QA,Dammam,car_play,2020-07-06T00:00:00,premium,29,
usr_001316,نورة,نورة_3008@yahoo.com,SA,,car_play,2020-11-22T00:00:00,premium,58,f
usr_001317,لمياء,لمياء_2954@gmail.com,AE,,android,2021-02-11,premium,33,M
usr_001318,Tariq,tariq_6463@hotmail.com,FR,Riyadh,android,02-25-2019,trial,32,
usr_001319,هند,هند_645@gmail.com,UK,Jeddah,ios,01-28-2021,free,31,male
usr_001320,زينب,زينب_3641@outlook.sa,FR,Riyadh,smart_speaker,19/01/2020,free,25,female
usr_001321,Ahmed,ahmed_7767@outlook.sa,FR,Medina,android,2023-09-09,premium_annual,,m
usr_001322,طارق,طارق_2403@hotmail.com,US,Mecca,smart_speaker,02/10/2023,free,,
usr_001323,Sultan,sultan_6375@yahoo.com,QA,,web,2020-07-16,free,28,female
usr_001324,طارق,طارق_519@outlook.sa,FR,Medina,car_play,2023-01-22,premium_annual,18,
usr_001325,Sultan,sultan_8383@icloud.com,JO,Jeddah,smart_speaker,2022-09-04,premium,60,F
usr_001326,لمياء,لمياء_1275@outlook.sa,KW,Khobar,smart_speaker,2023-12-29,premium_annual,48,
usr_001327,هند,هند_8783@yahoo.com,UK,Dammam,smart_speaker,2019-02-14,free,45,F
usr_001328,Mohammed,mohammed_9759@yahoo.com,BH,Khobar,web,2019-09-16,trial,33,F
usr_001329,Ahmed,ahmed_9529@hotmail.com,JO,Medina,smart_speaker,07/03/2019,free,57,f
usr_001330,منى,منى_840@outlook.sa,UK,Taif,smart_speaker,08/12/2021,premium_annual,32,female
usr_001331,عبدالله,عبدالله_6026@yahoo.com,UK,Khobar,car_play,2023-07-14T00:00:00,free,25,female
usr_001332,منى,,SA,Mecca,web,2022-06-15,trial,43,M
usr_001333,طارق,طارق_9702@icloud.com,BH,Tabuk,smart_speaker,2023-12-25T00:00:00,trial,17,
usr_001334,Tariq,tariq_6723@outlook.sa,MA,Jeddah,car_play,19/01/2021,free,44,m
usr_001335,سارة,سارة_9383@outlook.sa,BH,Dammam,car_play,2019-07-11T00:00:00,trial,17,f
usr_001336,فهد,فهد_1933@outlook.sa,SA,Taif,smart_speaker,24/05/2022,free,41,f
usr_001337,Yasser,yasser_2669@icloud.com,US,,ios,2019-09-08,trial,53,m
usr_001338,Zainab,zainab_8791@hotmail.com,JO,Dammam,smart_speaker,25/11/2019,premium_annual,65,F
usr_001339,هند,هند_4300@hotmail.com,EG,Dammam,ios,2019-01-25T00:00:00,premium,53,m
usr_001340,حسن,حسن_316@gmail.com,QA,Buraidah,car_play,2022-08-31,trial,40,m
usr_001341,عمر,عمر_4235@icloud.com,LB,Medina,android,2023-12-04,premium_annual,31,
usr_001342,مريم,مريم_1830@outlook.sa,JO,Riyadh,smart_speaker,2019-11-05,trial,33,f
usr_001343,لمياء,لمياء_9518@hotmail.com,FR,Jeddah,web,2019-08-01,free,44,
usr_001344,هند,هند_697@outlook.sa,SA,Taif,car_play,2020-10-01,free,20,female
usr_001345,هند,هند_4902@icloud.com,OM,,ios,2023-08-26T00:00:00,free,49,m
usr_001346,طارق,,EG,,ios,02/02/2022,trial,26,
usr_001347,Reem,reem_1967@outlook.sa,SA,Dammam,smart_speaker,2020-06-30,premium,32,male
usr_001348,Khalid,khalid_8552@outlook.sa,SA,Riyadh,web,2021-01-23,premium,58,male
usr_001349,Mona,mona_5968@hotmail.com,SA,Medina,car_play,2020-10-01,trial,61,M
usr_001350,هند,هند_3970@outlook.sa,OM,Medina,ios,01-04-2019,premium_annual,60,
usr_001351,Lamia,lamia_267@hotmail.com,FR,Medina,car_play,13/02/2023,premium,61,m
usr_001352,سارة,سارة_2084@hotmail.com,EG,Tabuk,smart_speaker,2023-06-27,trial,20,F
usr_001353,أحمد,أحمد_4204@hotmail.com,MA,Dammam,android,2020-12-14,trial,24,M
usr_001354,عمر,عمر_6177@icloud.com,MA,,car_play,07-30-2023,premium,63,m
usr_001355,Yasser,yasser_9110@icloud.com,JO,,smart_speaker,2024-05-09,premium,65,female
usr_001356,فهد,فهد_1214@outlook.sa,KW,,smart_speaker,2021-01-06,free,36,f
usr_001357,أحمد,أحمد_7642@outlook.sa,KW,,ios,2019-09-30T00:00:00,premium_annual,58,F
usr_001358,عائشة,عائشة_9420@outlook.sa,OM,Taif,smart_speaker,2020-04-29T00:00:00,premium,,m
usr_001359,محمد,محمد_5399@icloud.com,UK,Riyadh,car_play,08/07/2020,premium,30,M
usr_001360,Lamia,lamia_9154@icloud.com,EG,Buraidah,car_play,02-24-2020,free,39,female
usr_001361,طارق,,LB,Khobar,smart_speaker,2019-01-12T00:00:00,premium,57,f
usr_001362,سلطان,سلطان_2677@yahoo.com,BH,,android,12/06/2022,trial,36,
usr_001363,عمر,عمر_1018@hotmail.com,EG,Buraidah,android,2020-11-25T00:00:00,free,37,
usr_001364,منى,منى_661@hotmail.com,QA,,web,06/06/2024,premium_annual,44,male
usr_001365,Mariam,mariam_6816@hotmail.com,DE,Jeddah,ios,24/12/2023,trial,20,
usr_001366,ريم,ريم_2728@icloud.com,MA,Medina,web,03/01/2023,trial,32,M
usr_001367,عبدالله,عبدالله_1564@yahoo.com,FR,Medina,car_play,11-11-2022,trial,31,m
usr_001368,زينب,زينب_4028@gmail.com,UK,Medina,ios,2019-07-27T00:00:00,premium_annual,64,F
usr_001369,Zainab,zainab_6269@outlook.sa,DE,Riyadh,android,2019-04-09,premium_annual,50,m
usr_001370,Mariam,mariam_8856@gmail.com,KW,Dammam,car_play,2019-03-28,premium_annual,,female
usr_001371,Khalid,khalid_6841@hotmail.com,BH,Mecca,car_play,2021-04-14T00:00:00,trial,17,m
usr_001372,Hassan,hassan_9149@outlook.sa,SA,Riyadh,ios,09-01-2024,free,62,
usr_001373,Yasser,yasser_1643@gmail.com,OM,Taif,web,2020-08-17,free,41,F
usr_001374,منى,منى_2604@hotmail.com,SA,Buraidah,smart_speaker,10/07/2023,free,33,male
usr_001375,Fahad,fahad_3223@gmail.com,JO,,web,2019-08-21,trial,55,m
usr_001376,أحمد,أحمد_7684@outlook.sa,AE,Riyadh,smart_speaker,2024-06-29,premium,,f
usr_001377,ياسر,ياسر_8470@outlook.sa,SA,Riyadh,smart_speaker,2024-01-11,premium,,female
usr_001378,Abdullah,abdullah_7028@yahoo.com,FR,Taif,car_play,2020-06-13T00:00:00,free,,F
usr_001379,فهد,فهد_382@icloud.com,QA,Mecca,smart_speaker,2019-04-29,premium_annual,60,m
usr_001380,Ahmed,ahmed_812@icloud.com,UK,Riyadh,android,03/02/2021,trial,47,male
usr_001381,هند,هند_9124@icloud.com,QA,Khobar,android,2020-07-15T00:00:00,free,17,f
usr_001382,فاطمة,فاطمة_5611@icloud.com,LB,Jeddah,web,2021-05-19,premium_annual,34,m
usr_001383,Hind,hind_8877@outlook.sa,SA,Medina,smart_speaker,2023-09-17,premium,41,M
usr_001384,محمد,محمد_1164@yahoo.com,BH,Jeddah,smart_speaker,02-08-2023,premium,56,M
usr_001385,نورة,نورة_4189@yahoo.com,AE,Buraidah,web,2019-09-11T00:00:00,premium_annual,32,M
usr_001386,Mona,mona_9561@gmail.com,OM,,ios,03/08/2022,free,49,f
usr_001387,طارق,طارق_5409@outlook.sa,AE,Mecca,web,07-16-2023,trial,58,m
usr_001388,Fatima,fatima_7767@gmail.com,LB,Riyadh,ios,30/01/2021,premium,54,male
usr_001389,فهد,فهد_3447@icloud.com,FR,Medina,ios,2024-05-16,premium,24,male
usr_001390,زينب,زينب_3062@yahoo.com,KW,Mecca,car_play,2024-02-28,premium,50,
usr_001391,سلطان,سلطان_4119@gmail.com,AE,Mecca,android,2021-01-16,premium,34,F
usr_001392,Mohammed,mohammed_7918@yahoo.com,FR,Jeddah,web,2020-09-03,premium_annual,24,female
usr_001393,ريم,ريم_2037@gmail.com,SA,,smart_speaker,2019-10-12,premium_annual,29,f
usr_001394,Lamia,lamia_4519@icloud.com,JO,Buraidah,web,2020-09-20,trial,49,
usr_001395,أحمد,أحمد_5490@icloud.com,OM,Taif,web,2019-08-03T00:00:00,premium,21,f
usr_001396,طارق,,LB,Abha,smart_speaker,07-24-2024,premium,16,
usr_001397,Omar,omar_6612@yahoo.com,EG,,web,20/02/2021,trial,54,female
usr_001398,Mariam,mariam_4552@icloud.com,DE,Buraidah,car_play,07/06/2024,trial,,f
usr_001399,طارق,طارق_7152@yahoo.com,BH,Mecca,car_play,2021-04-30,premium_annual,22,F
usr_001400,Sultan,sultan_5400@icloud.com,QA,Khobar,android,2019-11-02,premium_annual,,f
usr_001401,سارة,سارة_9693@icloud.com,UK,,smart_speaker,2020-10-31,premium_annual,56,F
usr_001402,عائشة,عائشة_8212@icloud.com,KW,,android,06/07/2024,premium,57,m
usr_001403,عائشة,عائشة_811@outlook.sa,UK,Mecca,web,2022-04-03T00:00:00,premium_annual,45,f
usr_001404,منى,منى_4413@icloud.com,DE,,android,22/08/2022,premium,55,
usr_001405,فهد,فهد_6836@gmail.com,EG,Riyadh,ios,2019-09-01T00:00:00,trial,36,f
usr_001406,عمر,عمر_8087@yahoo.com,AE,,android,2023-06-21,premium_annual,33,M
usr_001407,Fahad,fahad_4771@gmail.com,OM,Tabuk,web,08-27-2023,premium_annual,25,F
usr_001408,Mohammed,mohammed_2355@hotmail.com,BH,Taif,smart_speaker,2024-04-18,free,30,
usr_001409,ريم,,SA,,web,18/09/2019,premium_annual,29,m
usr_001410,مريم,مريم_3660@gmail.com,MA,,web,2019-07-18,free,58,m
usr_001411,زينب,زينب_7979@hotmail.com,FR,Dammam,car_play,05-02-2024,premium_annual,39,female
usr_001412,Yasser,yasser_8064@yahoo.com,LB,,ios,2022-12-20T00:00:00,premium_annual,56,F
usr_001413,طارق,طارق_18@hotmail.com,UK,Medina,android,2019-07-04T00:00:00,free,21,male
usr_001414,هند,هند_2517@gmail.com,BH,Abha,smart_speaker,2019-03-13,trial,43,female
usr_001415,طارق,طارق_4380@icloud.com,UK,Riyadh,car_play,2022-06-18T00:00:00,premium,36,
usr_001416,ريم,ريم_2758@outlook.sa,SA,,web,2023-09-18,trial,64,male
usr_001417,منى,منى_3154@gmail.com,EG,Buraidah,android,09/05/2021,free,49,
usr_001418,Omar,omar_5569@icloud.com,QA,Taif,car_play,2020-08-23,free,25,F
usr_001419,حسن,حسن_8235@icloud.com,SA,,android,2024-04-24,premium,52,M
usr_001420,لمياء,لمياء_8883@outlook.sa,SA,Taif,web,21/10/2023,trial,53,male
usr_001421,زينب,زينب_8599@gmail.com,FR,,car_play,09/07/2022,free,63,F
usr_001422,منى,منى_3679@gmail.com,DE,Medina,web,2019-08-27,trial,58,male
usr_001423,فهد,فهد_3897@icloud.com,EG,Dammam,ios,2024-05-15,free,37,f
usr_001424,Mariam,mariam_8569@outlook.sa,FR,Jeddah,car_play,25/09/2020,premium,17,f
usr_001425,Ahmed,ahmed_7450@icloud.com,KW,Dammam,car_play,2019-05-31,premium,54,F
usr_001426,Hassan,hassan_7441@gmail.com,BH,,ios,2023-11-24T00:00:00,trial,45,m
usr_001427,منى,منى_218@outlook.sa,JO,Jeddah,android,2021-02-21T00:00:00,premium,37,male
usr_001428,عبدالله,عبدالله_8599@outlook.sa,MA,Mecca,car_play,2023-01-04,premium_annual,33,male
usr_001429,عبدالله,عبدالله_5102@gmail.com,QA,,ios,05-07-2021,free,30,f
usr_001430,Yasser,yasser_8747@icloud.com,AE,,car_play,21/08/2022,trial,44,m
usr_001431,Lamia,lamia_5852@outlook.sa,LB,Tabuk,smart_speaker,05-24-2022,premium_annual,,
usr_001432,سارة,سارة_2208@icloud.com,OM,Abha,car_play,30/03/2019,premium,38,m
usr_001433,Reem,reem_1712@icloud.com,EG,,android,2020-08-26T00:00:00,free,21,male
usr_001434,هند,هند_1483@outlook.sa,FR,,web,2021-07-17,free,56,f
usr_001435,منى,منى_3397@yahoo.com,QA,,smart_speaker,2023-05-13,premium_annual,62,M
usr_001436,Fatima,fatima_4387@icloud.com,AE,Abha,ios,06/03/2022,premium_annual,,F
usr_001437,Hind,hind_1621@hotmail.com,DE,,web,10-22-2019,trial,19,f
usr_001438,Fahad,fahad_9691@hotmail.com,LB,Mecca,android,2019-04-16T00:00:00,free,43,
usr_001439,Noura,noura_1910@icloud.com,BH,Abha,smart_speaker,04-24-2023,free,40,female
usr_001440,أحمد,أحمد_2203@hotmail.com,KW,Mecca,web,2021-09-12T00:00:00,free,,F
usr_001441,منى,منى_1183@yahoo.com,KW,Medina,smart_speaker,2019-03-08,free,17,m
usr_001442,ياسر,ياسر_5907@outlook.sa,QA,Tabuk,ios,14/09/2019,free,31,female
usr_001443,Yasser,,MA,,android,01-01-2023,trial,40,
usr_001444,نورة,نورة_5481@yahoo.com,AE,,android,17/08/2022,premium_annual,59,male
usr_001445,هند,هند_7682@hotmail.com,BH,Khobar,web,2021-07-25,trial,60,M
usr_001446,عائشة,عائشة_3698@hotmail.com,SA,Khobar,smart_speaker,2021-04-09,free,24,M
usr_001447,منى,منى_8120@outlook.sa,EG,Mecca,ios,2022-08-12T00:00:00,premium_annual,19,M
usr_001448,عبدالله,عبدالله_4099@hotmail.com,EG,Tabuk,android,12/12/2019,free,16,female
usr_001449,Khalid,khalid_6935@yahoo.com,KW,Abha,ios,2023-07-19,trial,57,
usr_001450,عبدالله,عبدالله_6100@yahoo.com,KW,,android,2021-03-21,free,19,F
usr_001451,Khalid,khalid_310@yahoo.com,FR,Medina,ios,05/10/2022,free,25,M
usr_001452,Zainab,zainab_2322@gmail.com,AE,,smart_speaker,02/08/2022,trial,29,
usr_001453,خالد,خالد_3803@icloud.com,KW,Dammam,ios,2019-06-03,premium_annual,57,M
usr_001454,Sultan,sultan_3404@yahoo.com,LB,Mecca,car_play,2019-07-09,free,57,F
usr_001455,Noura,noura_3986@icloud.com,QA,Tabuk,web,23/04/2020,premium_annual,35,F
usr_001456,Noura,noura_4321@icloud.com,LB,Mecca,web,20/10/2023,premium,62,
usr_001457,Reem,reem_4534@icloud.com,LB,Khobar,android,23/04/2024,trial,38,female
usr_001458,خالد,خالد_9220@gmail.com,QA,Tabuk,android,2023-07-14,premium_annual,56,m
usr_001459,عمر,عمر_3591@hotmail.com,EG,,web,07/03/2020,premium,44,
usr_001460,Khalid,khalid_3415@icloud.com,MA,Tabuk,android,2022-07-25,premium_annual,25,male
usr_001461,زينب,زينب_2470@yahoo.com,AE,Jeddah,android,2023-05-10T00:00:00,trial,60,female
usr_001462,خالد,خالد_8196@outlook.sa,BH,Riyadh,smart_speaker,2022-03-19,free,50,F
usr_001463,عمر,عمر_3680@icloud.com,AE,Taif,android,2019-11-13,trial,,F
usr_001464,نورة,نورة_67@gmail.com,QA,Tabuk,smart_speaker,04-04-2023,free,24,female
usr_001465,Zainab,zainab_4880@outlook.sa,EG,Medina,android,2023-06-20,premium,60,male
usr_001466,منى,منى_2273@icloud.com,FR,,web,2021-02-22T00:00:00,free,52,male
usr_001467,Zainab,zainab_7540@gmail.com,MA,Riyadh,smart_speaker,2023-04-19,premium,30,m
usr_001468,زينب,زينب_452@gmail.com,EG,,android,26/11/2020,premium_annual,18,
usr_001469,طارق,طارق_7898@hotmail.com,US,Jeddah,web,01/06/2021,free,50,
usr_001470,سارة,سارة_618@gmail.com,QA,,ios,2023-11-14T00:00:00,free,34,m
usr_001471,Noura,noura_634@hotmail.com,LB,Tabuk,smart_speaker,30/06/2022,free,50,M
usr_001472,سارة,سارة_4225@icloud.com,UK,,web,2022-04-10,premium_annual,19,F
usr_001473,سلطان,سلطان_7958@icloud.com,AE,Taif,smart_speaker,2024-05-12T00:00:00,free,,
usr_001474,Sultan,sultan_9552@yahoo.com,FR,,android,2020-07-07,premium_annual,58,
usr_001475,سلطان,سلطان_2172@icloud.com,JO,,web,2019-12-28,premium_annual,47,f
usr_001476,عائشة,عائشة_6038@outlook.sa,EG,Tabuk,android,22/11/2023,free,21,M
usr_001477,زينب,زينب_4691@hotmail.com,BH,Jeddah,web,2023-04-02,premium_annual,20,f
usr_001478,طارق,طارق_3040@outlook.sa,AE,Medina,web,30/07/2019,premium_annual,36,F
usr_001479,Hind,hind_7972@gmail.com,UK,Taif,car_play,2020-07-23,premium_annual,38,female
usr_001480,Mohammed,mohammed_6050@gmail.com,MA,,web,2021-06-23,trial,58,female
usr_001481,طارق,,BH,Tabuk,ios,2020-08-22,trial,19,male
usr_001482,منى,منى_5063@icloud.com,OM,Jeddah,ios,2022-05-16,trial,65,
usr_001483,حسن,حسن_967@yahoo.com,DE,,smart_speaker,14/08/2023,premium,16,female
usr_001484,فهد,فهد_9048@hotmail.com,KW,Dammam,web,10-22-2020,free,46,male
usr_001485,عبدالله,عبدالله_640@icloud.com,QA,Jeddah,android,2019-05-11,premium_annual,22,f
usr_001486,منى,منى_2386@hotmail.com,DE,Buraidah,android,2022-07-11,free,43,male
usr_001487,أحمد,أحمد_9811@outlook.sa,LB,Dammam,car_play,2024-06-27,free,17,male
usr_001488,عبدالله,عبدالله_5455@hotmail.com,DE,,ios,11/09/2022,premium_annual,51,female
usr_001489,عائشة,عائشة_9101@icloud.com,BH,Mecca,web,30/05/2019,trial,51,f
usr_001490,Sultan,sultan_3636@icloud.com,UK,,smart_speaker,04-17-2020,premium_annual,31,
usr_001491,Omar,omar_9706@icloud.com,QA,Riyadh,car_play,11-11-2022,premium_annual,63,M
usr_001492,Aisha,aisha_9958@icloud.com,EG,Jeddah,ios,2023-01-11,trial,45,F
usr_001493,Khalid,khalid_7416@outlook.sa,UK,Taif,web,2019-07-04,trial,45,M
usr_001494,منى,منى_9285@yahoo.com,QA,Riyadh,smart_speaker,2024-06-06,premium,25,m
usr_001495,فهد,فهد_4105@hotmail.com,BH,Riyadh,ios,2021-01-24,premium_annual,,f
usr_001496,Yasser,yasser_9837@gmail.com,OM,Khobar,smart_speaker,2021-10-07,premium_annual,53,M
usr_001497,لمياء,لمياء_2696@yahoo.com,JO,Mecca,android,01/04/2023,premium,37,f
usr_001498,Fahad,fahad_8608@outlook.sa,BH,Riyadh,android,12/08/2022,trial,60,m
usr_001499,Fahad,fahad_434@yahoo.com,AE,Taif,android,2020-10-04,free,31,m
usr_001500,Mohammed,,KW,,ios,2024-04-28,premium,30,m
usr_001501,فهد,فهد_739@outlook.sa,AE,Riyadh,ios,07/01/2023,premium,29,male
usr_001502,محمد,محمد_3012@icloud.com,US,Jeddah,smart_speaker,2019-01-09T00:00:00,premium,37,female
usr_001503,Hind,hind_41@outlook.sa,MA,,android,2022-12-20T00:00:00,premium,,
usr_001504,Mona,,DE,Khobar,smart_speaker,2023-04-27,premium_annual,34,
usr_001505,Omar,omar_3209@icloud.com,UK,,ios,26/04/2022,trial,43,female
usr_001506,محمد,محمد_9429@hotmail.com,LB,Khobar,smart_speaker,09/09/2023,free,20,
usr_001507,مريم,مريم_7239@gmail.com,EG,Abha,smart_speaker,2020-04-11,premium,24,F
usr_001508,فهد,فهد_6203@icloud.com,UK,Taif,web,2020-09-28,trial,47,M
usr_001509,محمد,محمد_4012@outlook.sa,FR,Mecca,car_play,2021-02-27,premium,60,f
usr_001510,Yasser,yasser_3420@hotmail.com,JO,,car_play,2024-08-19,premium_annual,58,m
usr_001511,Khalid,khalid_3446@icloud.com,KW,Jeddah,web,21/10/2019,free,38,F
usr_001512,Omar,omar_1043@hotmail.com,JO,Medina,web,21/06/2021,premium_annual,31,female
usr_001513,Tariq,tariq_4263@icloud.com,JO,Buraidah,smart_speaker,04-30-2023,premium,52,male
usr_001514,Zainab,zainab_2124@icloud.com,EG,Taif,web,2019-01-24T00:00:00,free,59,M
usr_001515,ريم,ريم_5236@gmail.com,MA,Mecca,web,04/01/2021,premium_annual,20,F
usr_001516,سارة,سارة_4796@outlook.sa,JO,Riyadh,web,01-18-2019,premium_annual,62,m
usr_001517,سارة,سارة_3772@icloud.com,LB,Medina,smart_speaker,2019-08-01T00:00:00,premium,28,female
usr_001518,ياسر,ياسر_8000@outlook.sa,DE,,ios,2022-01-09T00:00:00,trial,56,F
usr_001519,فهد,فهد_2483@gmail.com,FR,,ios,2019-01-18,premium_annual,33,F
usr_001520,سارة,سارة_6929@outlook.sa,US,Riyadh,car_play,13/04/2021,premium,60,m
usr_001521,خالد,خالد_4149@icloud.com,QA,,car_play,27/04/2021,premium,,male
usr_001522,حسن,حسن_6056@gmail.com,MA,,web,2021-02-08,free,16,M
usr_001523,عائشة,عائشة_984@icloud.com,SA,Taif,car_play,2024-04-30,free,56,M
usr_001524,عائشة,عائشة_5570@gmail.com,US,Khobar,android,28/11/2022,free,57,F
usr_001525,Mohammed,mohammed_1690@outlook.sa,LB,,smart_speaker,06-22-2019,premium_annual,47,
usr_001526,Sultan,sultan_6633@icloud.com,LB,Mecca,smart_speaker,25/09/2020,free,22,male
usr_001527,زينب,زينب_9360@outlook.sa,FR,,smart_speaker,2023-09-27,premium_annual,61,m
usr_001528,Khalid,khalid_461@yahoo.com,LB,Mecca,web,2024-05-05,premium_annual,20,m
usr_001529,ريم,ريم_4055@icloud.com,US,Taif,android,2023-02-22,premium_annual,41,f
usr_001530,أحمد,أحمد_1091@yahoo.com,LB,,smart_speaker,2024-05-28,trial,54,
usr_001531,عائشة,عائشة_5587@hotmail.com,KW,,smart_speaker,01-27-2019,premium,40,female
usr_001532,نورة,نورة_3533@icloud.com,MA,Jeddah,android,2019-10-03,trial,37,female
usr_001533,نورة,نورة_7927@outlook.sa,JO,Jeddah,ios,2021-07-05T00:00:00,premium_annual,24,f
usr_001534,عبدالله,عبدالله_2400@gmail.com,SA,,web,2019-09-09T00:00:00,premium,59,male
usr_001535,Sultan,sultan_7000@gmail.com,US,Abha,ios,2024-01-06,trial,55,female
usr_001536,حسن,حسن_9985@outlook.sa,LB,,android,24/07/2023,premium_annual,17,M
usr_001537,لمياء,لمياء_3332@yahoo.com,US,Abha,web,2022-03-11,free,28,M
usr_001538,ريم,ريم_6904@gmail.com,DE,Abha,car_play,2022-03-11,free,,male
usr_001539,Fahad,fahad_6866@gmail.com,SA,Dammam,smart_speaker,2023-06-14T00:00:00,premium_annual,61,F
usr_001540,هند,هند_8317@icloud.com,UK,Abha,ios,12/04/2021,premium,52,female
usr_001541,Yasser,yasser_4648@hotmail.com,DE,Mecca,ios,31/08/2024,trial,58,female
usr_001542,زينب,زينب_2728@outlook.sa,US,Riyadh,ios,26/09/2022,free,63,f
usr_001543,Yasser,yasser_287@yahoo.com,AE,Taif,web,30/05/2022,premium_annual,25,female
usr_001544,Khalid,khalid_6895@hotmail.com,EG,Mecca,ios,2021-03-22,free,19,f
usr_001545,منى,منى_8537@gmail.com,UK,Medina,car_play,2021-08-19,free,57,F
usr_001546,Abdullah,abdullah_4763@gmail.com,QA,Buraidah,smart_speaker,2021-01-11,premium_annual,58,f
usr_001547,Tariq,tariq_8519@gmail.com,OM,,car_play,2020-07-15T00:00:00,premium_annual,60,male
usr_001548,عمر,عمر_8987@hotmail.com,US,,android,2019-12-28T00:00:00,free,43,female
usr_001549,Fahad,fahad_6918@icloud.com,BH,Tabuk,web,26/05/2020,free,22,female
usr_001550,فهد,فهد_8697@icloud.com,DE,,smart_speaker,21/07/2024,premium,49,f
usr_001551,ياسر,ياسر_2817@icloud.com,KW,Tabuk,smart_speaker,2020-10-23,trial,60,m
usr_001552,ياسر,ياسر_5323@hotmail.com,KW,Buraidah,car_play,2023-06-15,free,53,m
usr_001553,طارق,طارق_9739@hotmail.com,QA,Mecca,smart_speaker,2020-08-08,premium_annual,41,male
usr_001554,Hind,hind_2045@outlook.sa,AE,,smart_speaker,10-24-2019,premium_annual,53,F
usr_001555,عبدالله,عبدالله_8756@icloud.com,JO,Jeddah,web,06-12-2023,trial,,
usr_001556,منى,منى_9195@outlook.sa,OM,Riyadh,android,2021-01-11,free,53,F
usr_001557,Abdullah,abdullah_8310@outlook.sa,FR,Abha,web,10-24-2022,premium,17,female
usr_001558,سارة,سارة_1951@icloud.com,SA,Riyadh,ios,2021-02-13T00:00:00,trial,17,F
usr_001559,Zainab,zainab_7393@yahoo.com,BH,Medina,ios,11-29-2021,premium_annual,60,M
usr_001560,Fatima,fatima_4190@gmail.com,UK,Abha,android,2023-02-14,premium_annual,32,male
usr_001561,Mariam,mariam_8790@outlook.sa,OM,,car_play,2023-04-09,premium,33,m
usr_001562,Omar,omar_8963@outlook.sa,US,Tabuk,smart_speaker,2021-07-25,premium,41,
usr_001563,عائشة,عائشة_7717@gmail.com,LB,,web,03-02-2024,premium,57,female
usr_001564,Tariq,tariq_9783@yahoo.com,FR,Khobar,ios,25/09/2021,premium_annual,19,male
usr_001565,محمد,محمد_838@outlook.sa,BH,Buraidah,android,13/03/2024,free,44,F
usr_001566,عمر,,LB,,ios,2022-07-13,trial,51,male
usr_001567,خالد,خالد_380@hotmail.com,LB,Mecca,web,2019-01-20T00:00:00,premium,24,female
usr_001568,Khalid,khalid_3082@gmail.com,DE,,ios,06/07/2024,free,58,male
usr_001569,Lamia,lamia_2442@icloud.com,EG,,smart_speaker,01-26-2021,premium,38,M
usr_001570,خالد,خالد_1315@yahoo.com,US,,ios,2022-12-04,free,36,M
usr_001571,Khalid,khalid_3604@outlook.sa,UK,Tabuk,android,10/11/2022,trial,22,female
usr_001572,Khalid,khalid_7793@yahoo.com,EG,,android,29/07/2020,trial,22,F
usr_001573,محمد,محمد_9653@icloud.com,SA,Mecca,ios,12-16-2023,trial,31,m
usr_001574,خالد,خالد_9670@icloud.com,KW,,android,2022-10-06,trial,59,
usr_001575,Aisha,aisha_9111@icloud.com,SA,Khobar,ios,2022-02-22,premium_annual,19,F
usr_001576,فهد,فهد_9060@hotmail.com,DE,,ios,09/02/2023,premium,46,male
usr_001577,خالد,خالد_4798@icloud.com,SA,,web,09-19-2019,premium,49,
usr_001578,Noura,noura_9589@outlook.sa,JO,Jeddah,web,2019-12-13,free,59,m
usr_001579,خالد,خالد_1053@outlook.sa,BH,,car_play,2020-06-02T00:00:00,free,25,f
usr_001580,زينب,,EG,Jeddah,web,29/09/2020,trial,45,female
usr_001581,منى,منى_4785@yahoo.com,FR,Buraidah,ios,2024-01-23,premium_annual,19,male
usr_001582,ياسر,ياسر_8532@hotmail.com,LB,Buraidah,ios,2020-12-28,premium,35,f
usr_001583,ياسر,ياسر_774@hotmail.com,US,,web,2024-08-22,free,62,
usr_001584,عبدالله,عبدالله_8790@hotmail.com,BH,,car_play,11-26-2022,free,,F
usr_001585,ريم,ريم_4601@outlook.sa,SA,Medina,android,07-08-2022,premium,,F
usr_001586,Abdullah,abdullah_6337@icloud.com,AE,,smart_speaker,2021-03-17T00:00:00,premium,16,F
usr_001587,Hassan,hassan_207@outlook.sa,UK,Medina,smart_speaker,2021-10-02,trial,18,M
usr_001588,Fatima,fatima_145@outlook.sa,AE,Medina,car_play,2020-02-13T00:00:00,premium_annual,17,
usr_001589,عبدالله,عبدالله_1805@icloud.com,DE,Medina,web,27/01/2019,premium_annual,39,female
usr_001590,Mona,mona_7009@outlook.sa,AE,Abha,ios,15/04/2020,trial,43,F
usr_001591,Mona,mona_8912@hotmail.com,SA,Abha,android,2023-04-13T00:00:00,trial,,m
usr_001592,هند,هند_6239@gmail.com,QA,Tabuk,smart_speaker,2020-07-26,premium,29,f
usr_001593,Tariq,tariq_1586@yahoo.com,KW,Jeddah,web,2019-10-21T00:00:00,premium,30,M
usr_001594,لمياء,,EG,Buraidah,smart_speaker,12-08-2021,trial,29,female
usr_001595,Reem,reem_6580@hotmail.com,UK,,web,2024-06-15T00:00:00,premium,25,
usr_001596,حسن,حسن_3655@yahoo.com,AE,Medina,ios,25/08/2019,trial,59,F
usr_001597,سلطان,سلطان_8497@hotmail.com,SA,Jeddah,smart_speaker,2020-10-04T00:00:00,trial,46,male
usr_001598,Fatima,fatima_4668@icloud.com,MA,Buraidah,ios,29/10/2021,premium_annual,24,M
usr_001599,Omar,omar_8467@gmail.com,LB,Jeddah,ios,2022-10-07T00:00:00,trial,,F
usr_001600,طارق,طارق_3279@gmail.com,KW,Khobar,web,23/09/2021,trial,63,
usr_001601,مريم,مريم_8309@gmail.com,AE,Mecca,car_play,2021-06-11,free,26,f
usr_001602,طارق,طارق_8090@yahoo.com,BH,,android,23/02/2019,free,60,F
usr_001603,أحمد,أحمد_744@yahoo.com,UK,Riyadh,android,11/09/2022,trial,54,male
usr_001604,Reem,reem_9793@icloud.com,LB,,ios,2022-10-31,premium,33,f
usr_001605,Khalid,khalid_1735@outlook.sa,DE,Buraidah,android,2022-08-12T00:00:00,premium_annual,20,f
usr_001606,Sultan,sultan_2986@hotmail.com,EG,,ios,2023-09-21,trial,54,male
usr_001607,سلطان,سلطان_5144@outlook.sa,BH,,car_play,2021-10-27T00:00:00,premium,,
usr_001608,Tariq,tariq_5012@yahoo.com,DE,Abha,android,2019-07-08T00:00:00,premium_annual,18,m
usr_001609,عبدالله,عبدالله_6858@outlook.sa,LB,Mecca,android,2021-02-09,trial,43,female
usr_001610,Mohammed,mohammed_2954@yahoo.com,KW,Dammam,web,16/07/2021,free,49,
usr_001611,ريم,ريم_7109@yahoo.com,QA,,ios,2021-10-03,free,35,male
usr_001612,محمد,محمد_2578@yahoo.com,BH,,web,2022-01-13T00:00:00,free,35,female
usr_001613,Khalid,khalid_6825@yahoo.com,SA,Buraidah,web,10-11-2023,free,38,F
usr_001614,Fahad,fahad_4917@yahoo.com,AE,Buraidah,ios,06-28-2022,premium,20,f
usr_001615,زينب,زينب_9727@hotmail.com,SA,Dammam,android,12-30-2021,trial,40,female
usr_001616,مريم,مريم_6287@gmail.com,MA,Jeddah,car_play,22/11/2022,premium,17,
usr_001617,ياسر,ياسر_6958@hotmail.com,LB,,web,2020-09-01T00:00:00,trial,35,f
usr_001618,Aisha,aisha_6247@outlook.sa,MA,Riyadh,car_play,2020-02-24,trial,39,
usr_001619,حسن,حسن_2189@icloud.com,OM,Abha,web,24/12/2020,premium,17,m
usr_001620,Fatima,fatima_136@hotmail.com,MA,Buraidah,smart_speaker,2023-03-09,premium_annual,36,m
usr_001621,سلطان,سلطان_9003@icloud.com,BH,Buraidah,car_play,03/07/2019,premium_annual,51,m
usr_001622,Aisha,aisha_7105@outlook.sa,JO,Buraidah,car_play,2023-07-05,premium_annual,42,f
usr_001623,Tariq,tariq_9573@gmail.com,AE,,car_play,02/04/2019,trial,21,M
usr_001624,ياسر,ياسر_7872@yahoo.com,EG,Khobar,ios,2024-01-10T00:00:00,premium_annual,,f
usr_001625,منى,منى_7524@hotmail.com,US,Mecca,android,2021-12-30,trial,23,
usr_001626,زينب,زينب_3758@outlook.sa,OM,Dammam,web,2023-08-03T00:00:00,premium,43,M
usr_001627,أحمد,أحمد_2131@yahoo.com,SA,,android,2020-05-24T00:00:00,premium_annual,47,female
usr_001628,Reem,reem_8476@yahoo.com,MA,Tabuk,car_play,20/10/2019,free,28,male
usr_001629,Fahad,fahad_7198@icloud.com,MA,Khobar,ios,11-22-2019,premium,,male
usr_001630,عائشة,عائشة_6162@outlook.sa,SA,,smart_speaker,28/06/2024,premium_annual,19,F
usr_001631,حسن,حسن_6186@hotmail.com,BH,Jeddah,android,23/11/2021,premium,44,f
usr_001632,Sultan,sultan_7316@yahoo.com,QA,,smart_speaker,12/01/2024,trial,27,f
usr_001633,Aisha,aisha_9082@icloud.com,JO,,web,2022-07-06,trial,39,m
usr_001634,Khalid,khalid_2267@icloud.com,OM,,smart_speaker,14/03/2022,trial,17,
usr_001635,فهد,فهد_370@outlook.sa,EG,Jeddah,web,2022-02-26,trial,35,M
usr_001636,زينب,زينب_954@gmail.com,US,,car_play,2021-05-01,premium_annual,42,male
usr_001637,Khalid,khalid_4001@icloud.com,DE,Tabuk,web,04/04/2022,premium,27,F
usr_001638,Ahmed,ahmed_4264@outlook.sa,SA,,car_play,2019-02-25,free,,f
usr_001639,Abdullah,abdullah_1289@icloud.com,UK,,car_play,01-21-2023,trial,21,M
usr_001640,عبدالله,عبدالله_5112@yahoo.com,JO,Jeddah,car_play,2022-02-07,trial,58,M
usr_001641,Yasser,yasser_8972@hotmail.com,UK,Khobar,android,2023-06-26,premium_annual,54,m
usr_001642,Reem,reem_3794@gmail.com,UK,Dammam,smart_speaker,2022-02-05,trial,17,male
usr_001643,فهد,فهد_1100@yahoo.com,SA,Mecca,ios,2023-09-26,trial,35,female
usr_001644,عائشة,,QA,Medina,android,2020-01-05,free,54,male
usr_001645,Reem,reem_8267@outlook.sa,US,Khobar,ios,2020-11-12,trial,47,female
usr_001646,سارة,سارة_142@hotmail.com,OM,Mecca,web,2023-02-10,trial,50,
usr_001647,Sultan,sultan_8012@icloud.com,MA,Buraidah,car_play,2023-02-02T00:00:00,free,49,male
usr_001648,عائشة,عائشة_1813@outlook.sa,JO,Buraidah,android,2023-03-17,premium,22,m
usr_001649,أحمد,أحمد_910@hotmail.com,LB,Medina,smart_speaker,11/01/2020,premium,61,m
usr_001650,ريم,ريم_853@icloud.com,UK,,android,24/02/2023,free,25,female
usr_001651,Lamia,lamia_8463@yahoo.com,UK,Jeddah,car_play,2023-07-21,free,34,male
usr_001652,Sultan,sultan_778@icloud.com,UK,Buraidah,car_play,2019-12-27T00:00:00,premium_annual,36,male
usr_001653,Hind,hind_1961@icloud.com,UK,,car_play,26/08/2022,free,55,
usr_001654,Sultan,sultan_376@outlook.sa,AE,,smart_speaker,2019-12-03,trial,21,M
usr_001655,لمياء,لمياء_2196@gmail.com,EG,Tabuk,car_play,26/06/2020,premium,21,f
usr_001656,Zainab,zainab_6250@hotmail.com,SA,Medina,smart_speaker,10/04/2023,free,16,male
usr_001657,فهد,فهد_9032@outlook.sa,SA,,android,12-11-2022,premium,,f
usr_001658,سارة,سارة_9118@outlook.sa,AE,Khobar,ios,2020-06-11,premium_annual,61,
usr_001659,Fahad,,SA,,ios,05/04/2019,premium_annual,27,
usr_001660,Lamia,lamia_7392@outlook.sa,UK,,web,2022-05-15T00:00:00,free,17,male
usr_001661,Lamia,lamia_3347@gmail.com,AE,,web,26/05/2023,premium_annual,24,F
usr_001662,حسن,حسن_3894@gmail.com,BH,Riyadh,smart_speaker,2023-04-10T00:00:00,premium,24,
usr_001663,لمياء,لمياء_7897@icloud.com,QA,Abha,ios,2023-04-15,free,17,F
usr_001664,Mariam,mariam_2761@icloud.com,QA,Buraidah,ios,2022-08-14,premium_annual,52,f
usr_001665,زينب,زينب_5873@gmail.com,UK,Mecca,ios,08/06/2020,premium_annual,24,f
usr_001666,Yasser,yasser_8663@outlook.sa,FR,,smart_speaker,2024-09-22T00:00:00,premium,26,male
usr_001667,Mohammed,mohammed_1816@icloud.com,BH,Khobar,android,2020-11-05,free,48,m
usr_001668,طارق,طارق_8114@icloud.com,SA,Tabuk,web,2023-09-27T00:00:00,premium_annual,30,female
usr_001669,عمر,عمر_3288@gmail.com,JO,Khobar,web,08-23-2020,premium,60,m
usr_001670,Hind,hind_8628@outlook.sa,US,,android,2019-09-21T00:00:00,trial,64,M
usr_001671,حسن,حسن_6657@yahoo.com,DE,Khobar,smart_speaker,10-02-2022,premium_annual,55,female
usr_001672,سارة,سارة_5751@icloud.com,FR,Jeddah,smart_speaker,2019-07-24T00:00:00,premium,21,
usr_001673,لمياء,لمياء_8872@hotmail.com,QA,,car_play,2020-08-15,premium,42,m
usr_001674,Ahmed,ahmed_1357@icloud.com,SA,Mecca,android,11-21-2023,premium_annual,20,
usr_001675,فاطمة,فاطمة_1710@yahoo.com,OM,Tabuk,ios,2023-06-23,premium_annual,25,female
usr_001676,Yasser,yasser_2258@outlook.sa,KW,Khobar,android,30/12/2021,trial,35,m
usr_001677,فهد,فهد_8214@yahoo.com,UK,Jeddah,web,2022-11-30T00:00:00,premium_annual,57,
usr_001678,سارة,سارة_4860@hotmail.com,BH,,android,2022-08-23,premium,,F
usr_001679,Khalid,khalid_1347@icloud.com,UK,Jeddah,car_play,2019-04-02,free,39,male
usr_001680,هند,هند_9897@hotmail.com,OM,Jeddah,smart_speaker,2022-05-09T00:00:00,premium_annual,27,m
usr_001681,منى,منى_7117@yahoo.com,EG,,car_play,2024-05-03,free,39,male
usr_001682,Hind,hind_3648@outlook.sa,LB,Abha,ios,2021-05-11T00:00:00,premium_annual,52,F
usr_001683,ريم,ريم_4890@gmail.com,OM,Buraidah,smart_speaker,2019-08-09,trial,19,f
usr_001684,ريم,ريم_4715@icloud.com,QA,Jeddah,web,10-30-2021,trial,38,male
usr_001685,ياسر,ياسر_8749@yahoo.com,US,Mecca,car_play,2024-06-21,premium_annual,25,m
usr_001686,حسن,حسن_4939@outlook.sa,OM,,ios,2022-11-10T00:00:00,trial,25,
usr_001687,ريم,ريم_3497@yahoo.com,JO,Riyadh,smart_speaker,03/03/2021,free,53,female
usr_001688,Reem,reem_4766@gmail.com,LB,Khobar,car_play,2024-06-26,premium_annual,49,f
usr_001689,منى,منى_417@hotmail.com,MA,,ios,07/07/2023,free,,male
usr_001690,Yasser,yasser_7537@icloud.com,DE,Buraidah,ios,2023-12-01,trial,60,m
usr_001691,فهد,فهد_1800@yahoo.com,MA,,android,2020-02-05,trial,59,F
usr_001692,عمر,عمر_8638@icloud.com,EG,Riyadh,smart_speaker,2021-09-10,premium,50,F
usr_001693,Sarah,sarah_120@gmail.com,QA,Buraidah,smart_speaker,15/11/2022,premium_annual,56,male
usr_001694,زينب,,DE,,ios,2021-07-10T00:00:00,premium_annual,17,F
usr_001695,Reem,reem_5968@outlook.sa,FR,Dammam,smart_speaker,02-12-2024,free,37,F
usr_001696,Abdullah,abdullah_2319@icloud.com,FR,,smart_speaker,2021-12-19T00:00:00,trial,22,M
usr_001697,Noura,noura_5281@hotmail.com,DE,Jeddah,car_play,16/12/2021,trial,50,m
usr_001698,خالد,خالد_7398@yahoo.com,US,Tabuk,web,2022-06-07,premium,59,
usr_001699,Mariam,mariam_5614@gmail.com,BH,Abha,android,2020-02-04,free,25,M
usr_001700,ياسر,ياسر_6860@icloud.com,UK,,web,2020-02-24,trial,34,female
usr_001701,خالد,خالد_4374@gmail.com,AE,Abha,android,2021-09-25,premium,16,F
usr_001702,فاطمة,فاطمة_758@icloud.com,SA,,smart_speaker,07/04/2022,trial,50,F
usr_001703,فاطمة,فاطمة_1077@outlook.sa,KW,,smart_speaker,2024-06-02T00:00:00,premium,,m
usr_001704,Reem,reem_733@hotmail.com,FR,Tabuk,web,17/05/2023,premium_annual,32,m
usr_001705,ريم,ريم_9982@gmail.com,EG,,web,06-01-2019,free,62,f
usr_001706,Hassan,,AE,Khobar,car_play,13/04/2020,free,50,F
usr_001707,Reem,reem_1098@icloud.com,BH,Tabuk,android,2020-04-27,premium_annual,41,
usr_001708,عائشة,عائشة_7463@yahoo.com,DE,Riyadh,android,2019-04-13,premium,39,m
usr_001709,عمر,عمر_7351@hotmail.com,DE,Jeddah,smart_speaker,2019-12-05T00:00:00,premium_annual,32,female
usr_001710,عبدالله,عبدالله_2467@icloud.com,BH,Buraidah,web,11-30-2019,premium_annual,56,m
usr_001711,فاطمة,فاطمة_1335@outlook.sa,UK,Riyadh,web,2024-02-02,trial,19,m
usr_001712,عبدالله,عبدالله_6426@yahoo.com,LB,,car_play,14/04/2023,premium_annual,44,female
usr_001713,طارق,طارق_994@gmail.com,EG,Medina,web,2023-07-12,trial,58,
usr_001714,ريم,ريم_2901@yahoo.com,MA,,smart_speaker,26/08/2021,premium_annual,47,male
usr_001715,Ahmed,ahmed_9612@yahoo.com,UK,,smart_speaker,24/02/2022,premium,50,M
usr_001716,منى,منى_9738@icloud.com,OM,,web,2020-10-26,trial,23,M
usr_001717,منى,منى_5932@yahoo.com,US,,smart_speaker,20/04/2024,premium_annual,48,m
usr_001718,لمياء,لمياء_406@hotmail.com,MA,Taif,web,04-27-2022,trial,38,f
usr_001719,عائشة,عائشة_2167@outlook.sa,DE,Riyadh,car_play,29/07/2023,trial,45,female
usr_001720,ريم,ريم_8143@outlook.sa,MA,Abha,ios,07-23-2023,free,,female
usr_001721,Ahmed,ahmed_6667@icloud.com,US,,web,06/02/2021,premium,28,f
usr_001722,ياسر,ياسر_370@outlook.sa,FR,,ios,2021-07-30,trial,32,f
usr_001723,Sarah,sarah_5588@outlook.sa,LB,,web,09/11/2022,premium,21,F
usr_001724,Lamia,lamia_4159@icloud.com,FR,Medina,car_play,2023-04-16,trial,37,F
usr_001725,عمر,عمر_5736@yahoo.com,KW,Riyadh,web,02-10-2019,premium,42,
usr_001726,منى,منى_8919@outlook.sa,SA,Riyadh,android,04/10/2023,premium,31,M
usr_001727,طارق,طارق_3422@icloud.com,DE,Dammam,car_play,2022-08-28,trial,65,female
usr_001728,نورة,نورة_5075@icloud.com,OM,,android,2019-11-09,free,58,m
usr_001729,نورة,نورة_8879@icloud.com,LB,Riyadh,ios,2021-08-18,premium_annual,,M
usr_001730,محمد,محمد_2411@hotmail.com,UK,,ios,2019-11-21,free,47,male
usr_001731,حسن,حسن_2253@gmail.com,SA,,web,02/02/2022,trial,45,male
usr_001732,نورة,نورة_833@hotmail.com,FR,,ios,2024-01-07,trial,65,male
usr_001733,زينب,,JO,Mecca,car_play,2021-02-11,premium,61,f
usr_001734,حسن,حسن_2516@hotmail.com,KW,Jeddah,web,29/11/2021,premium_annual,22,m
usr_001735,فاطمة,فاطمة_2167@gmail.com,MA,Jeddah,car_play,2023-11-06T00:00:00,premium,,
usr_001736,Mona,mona_62@yahoo.com,MA,Mecca,smart_speaker,2020-09-03,premium_annual,53,M
usr_001737,Sultan,sultan_1267@outlook.sa,FR,Buraidah,smart_speaker,04/03/2023,free,26,M
usr_001738,Hind,hind_3007@yahoo.com,LB,,android,2020-03-29T00:00:00,trial,24,male
usr_001739,Reem,reem_7115@outlook.sa,JO,Medina,web,2024-04-08T00:00:00,premium,28,f
usr_001740,سلطان,سلطان_5531@outlook.sa,DE,,web,2023-03-22,premium,59,f
usr_001741,Reem,,US,Medina,android,2019-07-12T00:00:00,premium_annual,42,M
usr_001742,فاطمة,فاطمة_6803@hotmail.com,QA,,smart_speaker,2022-12-22,trial,60,
usr_001743,حسن,حسن_3784@gmail.com,MA,,web,2019-05-16,free,59,male
usr_001744,Noura,noura_2987@outlook.sa,QA,,web,2020-04-10T00:00:00,trial,37,female
usr_001745,Reem,reem_3563@yahoo.com,MA,Medina,smart_speaker,2020-05-30T00:00:00,premium_annual,52,m
usr_001746,Fatima,fatima_7810@gmail.com,OM,Buraidah,ios,06/09/2023,premium,65,F
usr_001747,سارة,سارة_2348@icloud.com,MA,Riyadh,ios,2019-02-13,trial,45,female
usr_001748,فاطمة,فاطمة_4087@yahoo.com,OM,Riyadh,web,2020-08-19T00:00:00,premium,23,female
usr_001749,Lamia,lamia_9354@hotmail.com,MA,Mecca,car_play,2023-12-20T00:00:00,trial,33,male
usr_001750,فاطمة,فاطمة_9142@hotmail.com,OM,Mecca,car_play,21/11/2022,free,31,M
usr_001751,ريم,ريم_6933@yahoo.com,AE,,android,05-02-2021,premium_annual,32,M
usr_001752,أحمد,أحمد_5312@gmail.com,EG,Mecca,android,17/09/2021,premium_annual,,M
usr_001753,زينب,زينب_4371@gmail.com,QA,Medina,web,04/08/2024,trial,21,m
usr_001754,أحمد,أحمد_7968@icloud.com,AE,Mecca,web,06/08/2022,free,63,F
usr_001755,Fatima,fatima_1804@yahoo.com,UK,Khobar,web,08/10/2019,trial,41,female
usr_001756,محمد,محمد_7055@gmail.com,UK,Jeddah,car_play,2022-02-11,premium_annual,61,female
usr_001757,عبدالله,عبدالله_5123@gmail.com,QA,Khobar,car_play,01-04-2019,trial,38,f
usr_001758,Tariq,tariq_393@icloud.com,SA,,car_play,02/06/2021,free,21,male
usr_001759,فاطمة,فاطمة_8413@icloud.com,LB,Taif,car_play,05/06/2021,premium,,
usr_001760,عائشة,عائشة_7752@icloud.com,UK,Taif,web,04-11-2020,trial,18,male
usr_001761,نورة,نورة_8586@gmail.com,SA,Dammam,smart_speaker,18/10/2020,premium,62,f
usr_001762,سارة,سارة_7506@hotmail.com,OM,Riyadh,smart_speaker,2024-01-07,premium,61,
usr_001763,Aisha,aisha_9805@icloud.com,US,,web,28/06/2023,free,38,male
usr_001764,زينب,زينب_579@outlook.sa,EG,Tabuk,smart_speaker,2023-05-07,premium_annual,,m
usr_001765,طارق,,US,Khobar,smart_speaker,2023-10-07,premium,31,
usr_001766,فهد,فهد_267@gmail.com,KW,Khobar,smart_speaker,12-03-2023,premium_annual,29,F
usr_001767,مريم,مريم_7882@gmail.com,MA,,smart_speaker,12/02/2020,free,51,female
usr_001768,عمر,عمر_4753@yahoo.com,OM,Riyadh,web,2019-08-24T00:00:00,premium_annual,18,m
usr_001769,فاطمة,فاطمة_6578@outlook.sa,BH,Abha,android,2021-05-05,premium_annual,41,F
usr_001770,أحمد,أحمد_451@gmail.com,MA,Mecca,web,15/10/2021,premium,55,F
usr_001771,Zainab,zainab_6763@yahoo.com,QA,Tabuk,android,11-28-2023,trial,38,M
usr_001772,Ahmed,ahmed_69@hotmail.com,KW,Dammam,android,02/09/2022,premium_annual,,female
usr_001773,عمر,عمر_8498@icloud.com,UK,Medina,ios,2021-01-25,premium,48,M
usr_001774,Sarah,sarah_9489@hotmail.com,JO,Medina,web,04-15-2020,trial,18,m
usr_001775,Hind,hind_4961@yahoo.com,KW,Dammam,web,2022-08-15,premium,50,
usr_001776,عبدالله,عبدالله_4919@yahoo.com,SA,Jeddah,ios,2024-03-05,free,40,f
usr_001777,Hassan,hassan_4073@icloud.com,EG,Jeddah,ios,12-15-2021,premium_annual,21,
usr_001778,Yasser,yasser_9819@hotmail.com,QA,,smart_speaker,2020-05-27,premium,18,F
usr_001779,سلطان,سلطان_9214@gmail.com,QA,Khobar,ios,10-13-2019,premium,56,M
usr_001780,زينب,زينب_4504@gmail.com,DE,,smart_speaker,01-19-2023,trial,58,
usr_001781,Yasser,yasser_4453@yahoo.com,JO,Dammam,smart_speaker,2022-12-19,premium_annual,46,m
usr_001782,منى,منى_4351@yahoo.com,MA,Buraidah,car_play,2019-04-22,trial,,F
usr_001783,ياسر,ياسر_4923@gmail.com,SA,,ios,29/03/2022,premium,64,
usr_001784,ياسر,ياسر_3956@gmail.com,US,,ios,06/07/2019,free,54,female
usr_001785,ياسر,ياسر_4729@gmail.com,SA,Medina,car_play,2021-07-14,trial,35,m
usr_001786,عائشة,عائشة_1137@outlook.sa,SA,,android,17/01/2022,trial,17,M
usr_001787,ريم,ريم_7873@yahoo.com,MA,,car_play,26/12/2023,premium,18,female
usr_001788,Ahmed,ahmed_4556@icloud.com,SA,Jeddah,web,30/09/2023,premium_annual,38,male
usr_001789,Tariq,tariq_5611@yahoo.com,KW,Jeddah,smart_speaker,2022-05-26,free,62,F
usr_001790,زينب,زينب_9562@hotmail.com,EG,Khobar,android,08-15-2019,trial,63,m
usr_001791,Fahad,fahad_4474@icloud.com,JO,,android,2022-05-27,premium,51,
usr_001792,Fahad,fahad_7851@outlook.sa,LB,Jeddah,web,2021-09-24T00:00:00,free,31,male
usr_001793,Tariq,tariq_97@yahoo.com,OM,Jeddah,smart_speaker,2023-12-09,premium,45,m
usr_001794,ياسر,ياسر_9625@icloud.com,MA,Khobar,web,07-12-2020,trial,29,
usr_001795,محمد,محمد_3782@icloud.com,UK,Dammam,smart_speaker,09-04-2022,free,41,female
usr_001796,حسن,حسن_2845@outlook.sa,SA,Jeddah,ios,13/08/2019,free,,male
usr_001797,Hassan,hassan_8426@gmail.com,KW,,android,22/11/2021,free,,f
usr_001798,Yasser,yasser_9388@icloud.com,SA,,car_play,25/05/2022,trial,28,f
usr_001799,منى,منى_4015@outlook.sa,FR,,web,2020-05-26,premium_annual,20,m
usr_001800,Mohammed,,DE,Tabuk,web,07-11-2020,free,20,f
usr_001801,Tariq,tariq_9955@hotmail.com,EG,Khobar,car_play,2021-12-08,free,45,female
usr_001802,Reem,reem_2944@yahoo.com,KW,,car_play,05/10/2019,premium,56,
usr_001803,لمياء,لمياء_9913@icloud.com,MA,Dammam,android,11/09/2021,premium_annual,55,female
usr_001804,Tariq,tariq_8883@outlook.sa,LB,Jeddah,ios,2021-10-14,premium_annual,30,F
usr_001805,فاطمة,فاطمة_7847@gmail.com,FR,Khobar,car_play,2019-04-11T00:00:00,free,40,f
usr_001806,فهد,,EG,,smart_speaker,30/12/2022,premium,27,f
usr_001807,عبدالله,عبدالله_8769@gmail.com,KW,Khobar,car_play,2022-08-20T00:00:00,trial,30,f
usr_001808,Khalid,khalid_5674@gmail.com,MA,,android,2024-06-25,premium_annual,33,f
usr_001809,Mona,mona_195@hotmail.com,UK,Dammam,web,23/05/2023,trial,45,
usr_001810,محمد,محمد_237@icloud.com,SA,Mecca,ios,2020-10-18,premium,26,f
usr_001811,نورة,نورة_1813@gmail.com,JO,Taif,car_play,2024-03-25T00:00:00,premium,,f
usr_001812,محمد,محمد_7733@hotmail.com,SA,Abha,ios,30/11/2022,premium_annual,46,male
usr_001813,Sarah,sarah_6481@yahoo.com,AE,Khobar,web,2023-10-27,premium_annual,,f
usr_001814,هند,هند_6679@yahoo.com,KW,Tabuk,android,2019-05-18,premium_annual,49,female
usr_001815,أحمد,أحمد_2516@icloud.com,BH,Mecca,web,2020-06-12,premium,56,male
usr_001816,Zainab,zainab_2320@icloud.com,SA,,ios,04-14-2020,trial,30,M
usr_001817,سارة,سارة_24@yahoo.com,OM,Medina,ios,2022-06-05,free,43,female
usr_001818,خالد,,AE,Jeddah,smart_speaker,23/03/2022,trial,53,female
usr_001819,محمد,محمد_5208@gmail.com,US,Tabuk,car_play,28/01/2020,trial,,f
usr_001820,ريم,ريم_2665@hotmail.com,US,,car_play,2023-03-06T00:00:00,free,51,F
usr_001821,Hind,hind_8142@outlook.sa,KW,,android,2019-08-23,premium_annual,,M
usr_001822,طارق,طارق_2975@outlook.sa,JO,,car_play,22/08/2022,premium,30,M
usr_001823,عمر,عمر_8744@icloud.com,SA,,car_play,2019-03-23,trial,50,female
usr_001824,ريم,ريم_6029@yahoo.com,UK,,web,06-21-2020,premium,,f
usr_001825,سارة,سارة_7360@icloud.com,DE,Riyadh,web,28/12/2019,premium_annual,25,female
usr_001826,زينب,زينب_5844@icloud.com,MA,Riyadh,ios,2023-05-13,premium_annual,26,F
usr_001827,عائشة,عائشة_3208@yahoo.com,JO,Jeddah,android,2023-03-20,premium,,female
usr_001828,Zainab,zainab_9901@outlook.sa,MA,,car_play,2021-10-06T00:00:00,premium,56,male
usr_001829,Aisha,aisha_5780@hotmail.com,LB,Taif,car_play,12/06/2024,trial,22,m
usr_001830,Ahmed,ahmed_9314@gmail.com,US,Mecca,smart_speaker,2023-06-10T00:00:00,premium_annual,55,
usr_001831,Hind,hind_4541@gmail.com,FR,,smart_speaker,31/10/2021,trial,26,f
usr_001832,منى,منى_5811@icloud.com,AE,Riyadh,web,2021-08-09,premium,57,m
usr_001833,حسن,حسن_9377@outlook.sa,OM,Khobar,smart_speaker,2019-08-10T00:00:00,premium,47,male
usr_001834,عبدالله,عبدالله_7358@outlook.sa,OM,,android,2021-06-13,premium,64,m
usr_001835,سارة,سارة_6356@icloud.com,KW,Mecca,car_play,07-07-2024,premium_annual,31,F
usr_001836,Reem,reem_1426@hotmail.com,FR,Tabuk,web,2019-06-27T00:00:00,premium,31,male
usr_001837,أحمد,أحمد_3087@hotmail.com,KW,Abha,smart_speaker,2021-12-11T00:00:00,free,55,male
usr_001838,Ahmed,ahmed_2438@gmail.com,SA,Abha,web,2024-01-24T00:00:00,free,35,male
usr_001839,محمد,محمد_9429@hotmail.com,LB,Khobar,smart_speaker,2020-04-13,free,20,
usr_001840,Noura,,US,Riyadh,web,28/02/2020,trial,42,m
usr_001841,خالد,خالد_9514@yahoo.com,SA,Tabuk,android,2023-02-23T00:00:00,premium_annual,47,female
usr_001842,Fatima,fatima_6717@hotmail.com,MA,,ios,2021-08-08,premium_annual,42,M
usr_001843,ياسر,ياسر_2329@outlook.sa,MA,Dammam,android,27/09/2021,free,39,male
usr_001844,Mona,,OM,Dammam,ios,2023-11-04,free,29,male
usr_001845,Sultan,sultan_6266@hotmail.com,UK,Mecca,android,05-02-2024,premium,56,
usr_001846,خالد,خالد_3676@gmail.com,JO,Dammam,smart_speaker,2020-08-23T00:00:00,free,51,F
usr_001847,Khalid,khalid_4688@icloud.com,LB,Taif,car_play,2024-02-03,trial,51,F
usr_001848,Noura,noura_6905@icloud.com,LB,Medina,web,16/04/2019,trial,39,m
usr_001849,Tariq,tariq_319@outlook.sa,FR,,smart_speaker,23/02/2019,premium,32,
usr_001850,Fatima,fatima_8108@icloud.com,LB,Abha,ios,2024-03-22T00:00:00,premium_annual,46,female
usr_001851,Fahad,fahad_8942@yahoo.com,KW,Riyadh,car_play,10/08/2024,premium,25,female
usr_001852,محمد,محمد_5597@hotmail.com,FR,Taif,smart_speaker,2020-05-04,free,62,f
usr_001853,Yasser,yasser_6194@yahoo.com,JO,,car_play,01/11/2019,premium_annual,25,female
usr_001854,عمر,عمر_3904@yahoo.com,US,Jeddah,smart_speaker,2021-12-11,free,,m
usr_001855,محمد,محمد_1942@outlook.sa,SA,Tabuk,smart_speaker,22/03/2019,free,18,female
usr_001856,ريم,ريم_3686@outlook.sa,LB,Abha,car_play,14/03/2022,trial,25,f
usr_001857,زينب,,US,Jeddah,smart_speaker,2019-10-03,premium_annual,,F
usr_001858,نورة,نورة_3763@icloud.com,KW,Riyadh,android,29/03/2022,trial,55,
usr_001859,Hassan,hassan_6919@yahoo.com,MA,,smart_speaker,2022-09-29,premium_annual,64,F
usr_001860,Noura,noura_921@yahoo.com,AE,Jeddah,web,11-22-2021,premium,18,
usr_001861,Hassan,hassan_3765@outlook.sa,DE,Tabuk,car_play,22/02/2024,trial,23,f
usr_001862,عبدالله,عبدالله_7501@yahoo.com,MA,Khobar,car_play,04/08/2022,premium_annual,41,m
usr_001863,خالد,خالد_8247@outlook.sa,KW,Riyadh,web,08-27-2019,trial,37,M
usr_001864,منى,منى_9686@gmail.com,AE,,ios,2021-09-24T00:00:00,free,49,male
usr_001865,Khalid,khalid_9773@hotmail.com,FR,Mecca,web,2024-09-26,trial,58,F
usr_001866,Mariam,mariam_137@gmail.com,KW,Tabuk,web,24/03/2021,premium,47,f
usr_001867,Aisha,aisha_7935@icloud.com,FR,Buraidah,android,02/11/2020,free,34,female
usr_001868,هند,هند_2860@icloud.com,BH,,ios,06-03-2022,trial,32,f
usr_001869,مريم,مريم_777@yahoo.com,OM,,car_play,2021-01-20T00:00:00,premium,43,m
usr_001870,Khalid,khalid_4804@yahoo.com,OM,Abha,web,03-03-2024,free,16,M
usr_001871,محمد,محمد_5379@icloud.com,EG,Abha,web,2021-05-22,free,53,F
usr_001872,لمياء,لمياء_8651@yahoo.com,DE,Buraidah,android,04-22-2019,trial,58,male
usr_001873,فهد,,DE,Tabuk,web,2023-07-05,premium_annual,36,F
usr_001874,Hind,hind_3954@hotmail.com,SA,Abha,android,16/01/2024,trial,,female
usr_001875,عبدالله,عبدالله_1723@hotmail.com,US,Taif,ios,2022-12-13T00:00:00,trial,27,m
usr_001876,ياسر,ياسر_3390@hotmail.com,JO,,android,2022-08-27,premium_annual,51,female
usr_001877,عبدالله,عبدالله_2808@icloud.com,UK,Tabuk,car_play,21/12/2020,free,36,
usr_001878,عائشة,عائشة_2562@icloud.com,QA,Riyadh,web,06-24-2022,premium,,M
usr_001879,نورة,نورة_3435@hotmail.com,SA,Tabuk,smart_speaker,02-29-2024,trial,24,
usr_001880,فهد,فهد_8671@outlook.sa,UK,Riyadh,android,16/10/2022,premium,,female
usr_001881,مريم,مريم_3729@hotmail.com,QA,Khobar,web,2019-01-30,trial,43,F
usr_001882,أحمد,أحمد_917@yahoo.com,OM,Taif,web,2024-01-30T00:00:00,trial,24,
usr_001883,Mohammed,mohammed_5115@hotmail.com,DE,Dammam,web,2024-01-10T00:00:00,premium_annual,42,m
usr_001884,Hind,hind_1709@gmail.com,EG,Taif,car_play,02-20-2024,free,53,female
usr_001885,Khalid,khalid_6228@icloud.com,SA,Medina,car_play,21/05/2023,premium_annual,43,female
usr_001886,Noura,noura_4644@icloud.com,MA,Taif,smart_speaker,10-16-2019,trial,,f
usr_001887,Tariq,tariq_4499@gmail.com,JO,Taif,car_play,16/02/2022,premium_annual,21,F
usr_001888,سلطان,سلطان_3954@icloud.com,JO,Tabuk,android,26/09/2024,premium,43,m
usr_001889,محمد,محمد_1917@yahoo.com,FR,Abha,web,2019-11-07,premium,45,M
usr_001890,Abdullah,abdullah_5223@outlook.sa,OM,Buraidah,web,26/09/2024,trial,53,f
usr_001891,Mohammed,mohammed_5614@yahoo.com,US,Tabuk,android,2023-02-28,free,35,m
usr_001892,حسن,حسن_5653@hotmail.com,UK,Khobar,android,11-01-2019,free,58,
usr_001893,عبدالله,عبدالله_9999@hotmail.com,AE,Khobar,smart_speaker,2022-07-07,premium_annual,36,F
usr_001894,ياسر,ياسر_4294@outlook.sa,BH,Taif,android,07-09-2020,premium_annual,28,
usr_001895,Hind,hind_4682@gmail.com,UK,,car_play,2020-11-21,premium,43,F
usr_001896,عبدالله,عبدالله_9039@gmail.com,OM,,android,10-23-2021,premium_annual,36,m
usr_001897,ريم,ريم_2521@yahoo.com,QA,Jeddah,car_play,2021-11-01T00:00:00,free,23,F
usr_001898,سارة,سارة_3512@icloud.com,DE,Tabuk,android,2023-02-11,trial,42,M
usr_001899,Fahad,fahad_425@hotmail.com,MA,Mecca,car_play,2020-04-20,free,18,M
usr_001900,Hassan,hassan_832@icloud.com,LB,Jeddah,car_play,2020-10-28,trial,35,
usr_001901,Zainab,zainab_592@icloud.com,KW,Mecca,android,17/03/2020,premium_annual,51,f
usr_001902,Yasser,yasser_8013@gmail.com,QA,,ios,2023-11-01T00:00:00,trial,,
usr_001903,Fatima,fatima_4761@gmail.com,OM,,ios,2024-09-04,free,29,
usr_001904,Lamia,lamia_9707@yahoo.com,EG,Abha,ios,2022-01-20,premium_annual,46,
usr_001905,فهد,فهد_5868@outlook.sa,KW,Tabuk,android,2024-02-02T00:00:00,free,28,f
usr_001906,منى,منى_508@hotmail.com,DE,,car_play,08-13-2019,trial,29,M
usr_001907,Yasser,yasser_6508@icloud.com,BH,,android,2023-07-08,premium,45,M
usr_001908,Zainab,,QA,Taif,smart_speaker,2019-02-06,premium,29,male
usr_001909,Fatima,fatima_4804@yahoo.com,UK,Taif,car_play,2022-10-14,premium,57,F
usr_001910,عائشة,عائشة_5326@icloud.com,FR,Khobar,car_play,11/07/2024,premium_annual,38,male
usr_001911,Sarah,sarah_5093@icloud.com,FR,Mecca,smart_speaker,20/09/2023,trial,29,m
usr_001912,ريم,ريم_8715@gmail.com,SA,Mecca,smart_speaker,02-27-2021,premium_annual,49,male
usr_001913,ريم,ريم_8047@gmail.com,KW,Mecca,ios,24/12/2021,trial,26,m
usr_001914,سلطان,سلطان_1818@yahoo.com,QA,,web,2022-05-21,trial,23,f
usr_001915,مريم,مريم_6246@gmail.com,AE,Riyadh,android,08/10/2019,trial,,m
usr_001916,لمياء,لمياء_6211@yahoo.com,QA,Tabuk,car_play,2022-10-31T00:00:00,premium,64,male
usr_001917,Mohammed,,DE,Khobar,web,02/01/2020,premium_annual,38,f
usr_001918,طارق,طارق_2256@hotmail.com,JO,,android,2019-12-20T00:00:00,trial,46,male
usr_001919,عائشة,عائشة_3798@icloud.com,OM,Riyadh,car_play,2021-04-30,premium_annual,56,female
usr_001920,Hassan,hassan_9398@gmail.com,EG,Khobar,ios,2019-05-01T00:00:00,free,,female
usr_001921,عائشة,عائشة_4127@icloud.com,QA,Abha,smart_speaker,2021-09-12,free,,female
usr_001922,Sultan,sultan_4996@hotmail.com,MA,,web,05/10/2022,premium_annual,40,female
usr_001923,Omar,omar_7130@hotmail.com,JO,Taif,ios,05-03-2024,free,63,f
usr_001924,Khalid,khalid_9586@hotmail.com,BH,Jeddah,smart_speaker,2022-03-11,premium,26,female
usr_001925,Ahmed,ahmed_869@gmail.com,JO,Taif,ios,09/01/2020,premium,55,male
usr_001926,لمياء,لمياء_9278@yahoo.com,LB,Medina,android,2021-09-07,premium,38,
usr_001927,Fatima,fatima_2769@icloud.com,DE,Khobar,smart_speaker,07/04/2021,trial,51,M
usr_001928,منى,منى_7740@gmail.com,FR,Taif,car_play,2023-03-30T00:00:00,premium,62,M
usr_001929,محمد,محمد_7990@icloud.com,AE,Tabuk,ios,2022-02-11,free,41,male
usr_001930,Aisha,aisha_3951@gmail.com,DE,Khobar,web,27/02/2020,premium,35,
usr_001931,Noura,noura_3952@outlook.sa,UK,Medina,car_play,2022-10-10T00:00:00,trial,19,female
usr_001932,مريم,,KW,,smart_speaker,01-24-2020,trial,53,M
usr_001933,عائشة,عائشة_3698@hotmail.com,SA,Khobar,smart_speaker,2023-01-23,free,24,M
usr_001934,زينب,زينب_347@outlook.sa,SA,,smart_speaker,2024-04-18T00:00:00,free,48,
usr_001935,فاطمة,فاطمة_576@icloud.com,LB,Taif,web,09/07/2021,premium,60,female
usr_001936,Omar,omar_972@outlook.sa,DE,Medina,web,21/12/2020,trial,24,female
usr_001937,سلطان,سلطان_7320@icloud.com,QA,Buraidah,web,2024-09-19,free,18,F
usr_001938,نورة,,BH,Dammam,smart_speaker,2019-09-07,premium_annual,39,female
usr_001939,Mona,mona_4226@gmail.com,UK,Khobar,ios,2019-05-16,trial,25,f
usr_001940,خالد,خالد_9142@hotmail.com,JO,,car_play,2023-02-16,free,,
usr_001941,Sarah,sarah_3181@hotmail.com,JO,Mecca,web,2023-07-30T00:00:00,premium,38,f
usr_001942,نورة,نورة_3052@yahoo.com,DE,Jeddah,ios,2021-06-16T00:00:00,premium,61,female
usr_001943,سارة,سارة_4113@gmail.com,BH,,ios,2022-07-02,premium_annual,30,
usr_001944,عمر,عمر_6532@gmail.com,KW,Abha,car_play,2021-05-12,free,30,female
usr_001945,Sultan,sultan_7824@outlook.sa,MA,Taif,ios,2023-03-03,trial,61,male
usr_001946,مريم,مريم_3645@outlook.sa,MA,Tabuk,web,28/01/2020,free,61,F
usr_001947,عمر,عمر_3346@yahoo.com,UK,,car_play,2023-10-22,premium,52,M
usr_001948,Aisha,aisha_3567@hotmail.com,AE,Riyadh,android,2024-04-03,premium,,m
usr_001949,Abdullah,abdullah_490@hotmail.com,OM,Tabuk,smart_speaker,15/11/2022,trial,65,M
usr_001950,هند,هند_9311@icloud.com,US,Mecca,android,2024-04-13,premium_annual,21,f
usr_001951,Yasser,yasser_2768@hotmail.com,AE,Buraidah,smart_speaker,2020-08-23,premium,44,male
usr_001952,Hassan,hassan_4736@gmail.com,BH,Khobar,web,19/11/2021,premium_annual,43,
usr_001953,أحمد,أحمد_2452@gmail.com,SA,Abha,android,02/07/2024,trial,30,f
usr_001954,نورة,نورة_2786@hotmail.com,QA,,smart_speaker,04/03/2024,premium_annual,54,M
usr_001955,Hind,hind_8991@icloud.com,EG,Riyadh,smart_speaker,17/05/2019,premium,63,F
usr_001956,Aisha,aisha_5856@icloud.com,OM,Medina,ios,2021-03-20T00:00:00,trial,19,
usr_001957,Omar,omar_9163@gmail.com,SA,Abha,android,2022-04-13,premium_annual,52,
usr_001958,مريم,مريم_934@yahoo.com,KW,Buraidah,ios,15/08/2021,premium_annual,38,M
usr_001959,زينب,زينب_8662@icloud.com,LB,Abha,web,15/01/2024,premium,38,M
usr_001960,خالد,خالد_947@hotmail.com,BH,Buraidah,car_play,2019-06-16,trial,54,f
usr_001961,عائشة,عائشة_6647@icloud.com,OM,Jeddah,android,08-09-2021,free,40,M
usr_001962,Tariq,tariq_4764@outlook.sa,EG,Medina,car_play,14/09/2022,free,41,male
usr_001963,نورة,نورة_2907@gmail.com,DE,Mecca,car_play,2019-12-02T00:00:00,trial,38,m
usr_001964,هند,هند_2010@yahoo.com,LB,Mecca,android,07-01-2019,premium_annual,50,female
usr_001965,Mohammed,mohammed_2742@icloud.com,OM,,smart_speaker,07-16-2022,premium,16,M
usr_001966,مريم,مريم_1518@yahoo.com,LB,Jeddah,car_play,2024-03-22,premium_annual,65,m
usr_001967,محمد,محمد_4951@yahoo.com,JO,Medina,car_play,2023-03-31,trial,43,M
usr_001968,سارة,سارة_2670@icloud.com,UK,,web,27/08/2020,free,60,M
usr_001969,سارة,سارة_4579@icloud.com,OM,Dammam,ios,07-29-2020,premium_annual,,M
usr_001970,عائشة,عائشة_9105@yahoo.com,EG,Abha,web,2024-04-13T00:00:00,free,22,M
usr_001971,Reem,reem_976@outlook.sa,MA,,web,2020-06-21,free,47,f
usr_001972,Abdullah,abdullah_8881@gmail.com,AE,Dammam,android,2019-07-16,premium,27,male
usr_001973,فهد,فهد_976@outlook.sa,DE,Jeddah,web,2024-07-21T00:00:00,premium_annual,51,f
usr_001974,Zainab,,SA,,web,2023-05-04,free,21,M
usr_001975,سلطان,سلطان_6635@yahoo.com,DE,Taif,ios,2023-09-26,premium_annual,42,
usr_001976,Lamia,lamia_625@icloud.com,FR,Tabuk,car_play,2024-08-08,premium_annual,52,male
usr_001977,Aisha,aisha_570@outlook.sa,FR,Abha,web,2022-09-23,premium_annual,54,m
usr_001978,أحمد,أحمد_7981@yahoo.com,KW,Medina,ios,2022-11-27,premium_annual,55,f
usr_001979,Noura,noura_5181@hotmail.com,US,,car_play,2023-12-20T00:00:00,premium_annual,64,female
usr_001980,عائشة,عائشة_6568@gmail.com,JO,,smart_speaker,03-16-2022,premium_annual,16,F
usr_001981,ياسر,ياسر_6340@hotmail.com,DE,,smart_speaker,2023-05-09,trial,,F
usr_001982,Hassan,hassan_6768@outlook.sa,US,Tabuk,web,06-27-2023,trial,47,f
usr_001983,Sarah,sarah_1422@hotmail.com,OM,Dammam,android,29/07/2024,premium_annual,63,female
usr_001984,Abdullah,abdullah_7416@hotmail.com,AE,Riyadh,web,06-19-2022,premium,,male
usr_001985,عمر,عمر_6779@gmail.com,OM,Buraidah,android,2020-05-02,premium_annual,31,F
usr_001986,Zainab,zainab_4438@yahoo.com,UK,Jeddah,web,12-15-2019,free,17,
usr_001987,Mona,mona_7893@icloud.com,DE,Medina,ios,03-17-2021,premium,,M
usr_001988,محمد,محمد_699@icloud.com,EG,Medina,android,11-27-2019,trial,45,m
usr_001989,هند,هند_5683@hotmail.com,EG,Medina,car_play,26/08/2024,premium,64,female
usr_001990,Sarah,sarah_5357@gmail.com,AE,,car_play,09/06/2020,premium,37,M
usr_001991,فاطمة,فاطمة_2603@gmail.com,QA,Abha,smart_speaker,2021-02-03T00:00:00,trial,61,M
usr_001992,فهد,فهد_912@outlook.sa,OM,Mecca,smart_speaker,08-12-2024,premium_annual,22,male
usr_001993,Abdullah,abdullah_4210@yahoo.com,BH,Jeddah,ios,2024-05-23,trial,,male
usr_001994,Omar,omar_7559@yahoo.com,QA,,android,2023-04-14T00:00:00,free,55,
usr_001995,Zainab,zainab_7388@hotmail.com,MA,Buraidah,smart_speaker,2021-09-22,free,,
usr_001996,حسن,حسن_9825@outlook.sa,OM,,car_play,2021-07-15T00:00:00,premium_annual,61,female
usr_001997,فهد,فهد_1895@yahoo.com,MA,Abha,car_play,27/09/2024,premium_annual,43,F
usr_001998,نورة,نورة_2743@hotmail.com,BH,,web,2021-05-12,premium_annual,44,M
usr_001999,Aisha,aisha_3578@outlook.sa,LB,Abha,smart_speaker,2022-07-02,trial,45,M
usr_002000,محمد,محمد_7362@outlook.sa,UK,Taif,android,12-17-2022,free,27,
usr_002001,مريم,مريم_2704@outlook.sa,LB,,smart_speaker,2024-08-24,premium,61,
usr_002002,Omar,omar_9605@outlook.sa,MA,Riyadh,smart_speaker,2022-05-11T00:00:00,trial,41,M
usr_002003,خالد,خالد_8537@yahoo.com,MA,,car_play,2021-12-19,free,49,f
usr_002004,لمياء,لمياء_2971@gmail.com,SA,,android,06/02/2020,trial,21,female
usr_002005,Lamia,lamia_8668@gmail.com,AE,Khobar,car_play,07-12-2021,premium_annual,63,
usr_002006,سارة,سارة_1711@hotmail.com,DE,,android,07/10/2021,trial,47,F
usr_002007,عمر,عمر_9159@outlook.sa,AE,Medina,ios,08/02/2023,trial,54,M
usr_002008,فاطمة,فاطمة_2135@hotmail.com,BH,Riyadh,smart_speaker,2022-05-04,trial,17,M
usr_002009,محمد,محمد_5044@yahoo.com,KW,,smart_speaker,2022-10-01,premium_annual,26,
usr_002010,عائشة,عائشة_6452@gmail.com,DE,,web,2019-12-23T00:00:00,trial,17,male
usr_002011,محمد,,MA,,smart_speaker,2024-05-25,trial,40,female
usr_002012,نورة,نورة_3174@outlook.sa,KW,Mecca,android,2020-04-29T00:00:00,free,40,m
usr_002013,عمر,عمر_5930@outlook.sa,MA,Abha,smart_speaker,2024-04-04,free,59,male
usr_002014,Sarah,sarah_2997@outlook.sa,SA,,car_play,2024-03-25T00:00:00,trial,42,m
usr_002015,Aisha,aisha_5621@icloud.com,JO,Khobar,car_play,2019-05-24T00:00:00,trial,46,
usr_002016,Tariq,tariq_4487@yahoo.com,JO,Tabuk,android,2021-03-07T00:00:00,premium,47,f
usr_002017,Aisha,aisha_7282@outlook.sa,EG,Buraidah,web,12-16-2021,trial,38,male
usr_002018,Fahad,fahad_4149@gmail.com,DE,Abha,smart_speaker,2022-08-02T00:00:00,premium,16,m
usr_002019,Lamia,lamia_5453@gmail.com,BH,Khobar,web,2021-07-18,free,46,m
usr_002020,Zainab,zainab_3089@hotmail.com,UK,Mecca,smart_speaker,2023-03-04,trial,63,m
usr_002021,منى,منى_3425@gmail.com,DE,,ios,2019-04-30,premium_annual,,female
usr_002022,أحمد,أحمد_2313@outlook.sa,OM,Taif,smart_speaker,05-01-2019,trial,34,female
usr_002023,Ahmed,ahmed_4058@hotmail.com,FR,,android,03/06/2023,trial,52,m
usr_002024,Abdullah,abdullah_875@gmail.com,SA,Abha,smart_speaker,03-07-2022,free,50,M
usr_002025,فاطمة,فاطمة_3313@icloud.com,BH,,ios,2024-03-05,trial,,male
usr_002026,فاطمة,فاطمة_8653@icloud.com,BH,,ios,01/03/2023,premium_annual,65,f
usr_002027,Fatima,fatima_5475@outlook.sa,DE,Abha,ios,2023-07-11,free,54,F
usr_002028,فهد,فهد_3074@outlook.sa,JO,Buraidah,car_play,13/06/2021,premium_annual,22,f
usr_002029,خالد,,JO,Riyadh,smart_speaker,12/08/2024,premium_annual,17,
usr_002030,Hind,hind_7232@icloud.com,UK,Mecca,ios,19/04/2021,premium,65,male
usr_002031,Lamia,lamia_2119@outlook.sa,KW,Buraidah,ios,2019-01-30T00:00:00,premium,44,m
usr_002032,عبدالله,عبدالله_7013@outlook.sa,UK,Buraidah,car_play,2021-11-15T00:00:00,premium_annual,33,M
usr_002033,نورة,نورة_552@outlook.sa,US,,smart_speaker,04-09-2019,free,37,F
usr_002034,Hassan,hassan_9800@icloud.com,EG,Mecca,ios,04/06/2019,premium,38,
usr_002035,زينب,زينب_1923@yahoo.com,QA,,ios,2019-05-01,premium,29,F
usr_002036,مريم,مريم_5348@gmail.com,SA,Mecca,ios,01-03-2023,premium,64,f
usr_002037,Ahmed,ahmed_9284@hotmail.com,SA,,web,2020-05-24,premium_annual,61,female
usr_002038,Sarah,sarah_9616@icloud.com,UK,Khobar,web,06-11-2024,premium,22,male
usr_002039,لمياء,لمياء_2155@icloud.com,OM,,ios,2020-07-19T00:00:00,premium_annual,39,male
usr_002040,خالد,خالد_9696@gmail.com,BH,Taif,ios,21/11/2019,trial,55,male
usr_002041,هند,هند_8397@icloud.com,QA,Jeddah,web,2022-10-18,free,24,f
usr_002042,Mohammed,mohammed_7269@outlook.sa,MA,,web,2021-08-30,premium_annual,65,F
usr_002043,فهد,فهد_2500@outlook.sa,JO,,web,11/09/2019,trial,44,f
usr_002044,سلطان,سلطان_2068@hotmail.com,LB,Medina,car_play,2023-02-24,premium,46,m
usr_002045,Hassan,hassan_4657@icloud.com,FR,Tabuk,smart_speaker,17/09/2022,premium_annual,22,female
usr_002046,خالد,خالد_5965@icloud.com,BH,Riyadh,android,24/06/2024,trial,32,m
usr_002047,فاطمة,فاطمة_6510@yahoo.com,BH,,web,2020-09-18,premium_annual,60,f
usr_002048,هند,هند_5973@yahoo.com,LB,Medina,web,2019-07-22,premium_annual,37,
usr_002049,مريم,مريم_3518@hotmail.com,OM,,smart_speaker,2020-05-18T00:00:00,trial,19,m
usr_002050,طارق,طارق_833@yahoo.com,BH,Jeddah,web,11/01/2020,premium_annual,51,male
usr_002051,مريم,مريم_6287@gmail.com,DE,,android,2021-08-06T00:00:00,free,42,M
usr_002052,Ahmed,ahmed_6039@yahoo.com,DE,,android,11/04/2019,free,,male
usr_002053,Sarah,sarah_3889@hotmail.com,MA,Abha,car_play,16/05/2019,free,16,f
usr_002054,Abdullah,abdullah_9169@icloud.com,MA,Medina,web,25/11/2020,trial,64,
usr_002055,Fahad,fahad_130@icloud.com,BH,Jeddah,android,23/01/2022,premium_annual,65,female
usr_002056,محمد,محمد_4222@outlook.sa,US,Dammam,smart_speaker,11/06/2022,trial,44,m
usr_002057,هند,هند_4467@icloud.com,MA,Tabuk,car_play,2024-04-27,trial,35,male
usr_002058,خالد,,EG,Dammam,android,2022-10-03T00:00:00,premium_annual,,F
usr_002059,زينب,زينب_6367@outlook.sa,EG,Taif,ios,2023-03-17T00:00:00,free,50,F
usr_002060,مريم,مريم_8039@hotmail.com,KW,,android,12/07/2020,trial,47,f
usr_002061,طارق,طارق_8060@yahoo.com,UK,,car_play,09-21-2019,premium_annual,31,M
usr_002062,Mona,mona_6544@yahoo.com,FR,,car_play,26/08/2022,trial,16,M
usr_002063,Fatima,fatima_6953@yahoo.com,US,Buraidah,web,09/06/2023,premium,30,F
usr_002064,لمياء,لمياء_4149@hotmail.com,SA,Dammam,ios,2022-12-25,trial,45,f
usr_002065,زينب,زينب_1519@icloud.com,LB,Riyadh,web,2022-08-27,trial,22,F
usr_002066,لمياء,لمياء_3073@hotmail.com,FR,Buraidah,car_play,23/07/2019,trial,42,f
usr_002067,Fahad,fahad_3395@hotmail.com,LB,Tabuk,ios,2019-07-15,free,47,M
usr_002068,هند,هند_9509@outlook.sa,OM,Riyadh,web,2021-12-30,premium,61,F
usr_002069,Sarah,sarah_5187@icloud.com,FR,Medina,ios,2020-04-08,trial,63,f
usr_002070,فهد,فهد_2293@gmail.com,EG,Abha,web,14/02/2019,premium_annual,28,
usr_002071,ريم,,KW,Mecca,ios,2020-09-26,premium,42,male
usr_002072,طارق,طارق_5830@yahoo.com,LB,Dammam,web,2023-07-04T00:00:00,trial,37,F
usr_002073,Fahad,fahad_7450@yahoo.com,AE,Khobar,smart_speaker,2024-04-21,trial,,m
usr_002074,Abdullah,abdullah_8562@gmail.com,FR,Buraidah,android,10-18-2019,premium,39,
usr_002075,هند,هند_9548@yahoo.com,AE,,smart_speaker,26/02/2023,premium_annual,19,female
usr_002076,لمياء,,US,Taif,web,2021-07-19,premium_annual,52,M
usr_002077,هند,هند_8920@icloud.com,SA,,ios,2019-09-23,free,28,male
usr_002078,ريم,ريم_107@yahoo.com,JO,,web,2023-09-03,premium_annual,60,
usr_002079,لمياء,لمياء_3823@outlook.sa,JO,Dammam,ios,2022-02-28,trial,,f
usr_002080,Hassan,hassan_2780@icloud.com,US,,android,28/10/2022,premium,56,
usr_002081,سلطان,سلطان_7439@outlook.sa,MA,Riyadh,web,03-13-2023,free,63,F
usr_002082,أحمد,أحمد_1917@gmail.com,KW,Riyadh,ios,2019-09-16,free,40,female
usr_002083,عمر,عمر_4850@yahoo.com,FR,Khobar,car_play,2022-05-13,premium,39,female
usr_002084,Mohammed,mohammed_9447@yahoo.com,EG,Riyadh,smart_speaker,2023-04-15,premium_annual,57,f
usr_002085,فهد,,AE,Taif,ios,10-17-2020,free,,m
usr_002086,Mohammed,,US,Riyadh,android,2022-02-14,premium,41,f
usr_002087,فاطمة,فاطمة_8123@gmail.com,AE,Buraidah,smart_speaker,06/03/2024,premium,48,F
usr_002088,محمد,محمد_8043@outlook.sa,BH,Buraidah,web,2023-07-02,trial,52,f
usr_002089,سلطان,,EG,Buraidah,smart_speaker,2019-06-01,premium_annual,58,m
usr_002090,لمياء,لمياء_8601@outlook.sa,US,Khobar,car_play,09/03/2020,free,62,M
usr_002091,حسن,حسن_3912@yahoo.com,FR,,car_play,01/03/2022,premium_annual,35,F
usr_002092,فهد,فهد_592@gmail.com,MA,Tabuk,web,2020-05-23,trial,23,F
usr_002093,Zainab,zainab_3100@hotmail.com,OM,Riyadh,android,18/09/2023,free,51,female
usr_002094,ريم,ريم_5398@yahoo.com,KW,Dammam,ios,09/05/2024,premium,33,
usr_002095,ياسر,ياسر_9682@icloud.com,BH,Khobar,ios,2021-02-02,trial,26,
usr_002096,خالد,خالد_133@hotmail.com,MA,Abha,web,2024-02-28T00:00:00,free,46,f
usr_002097,فهد,فهد_4936@hotmail.com,QA,Mecca,web,2021-04-14,premium,60,M
usr_002098,Mona,mona_2588@gmail.com,MA,Riyadh,android,07-30-2020,trial,39,female
usr_002099,ياسر,ياسر_7547@gmail.com,DE,Khobar,web,2020-02-16,free,64,male
usr_002100,سلطان,سلطان_991@gmail.com,SA,Abha,car_play,2022-01-21,trial,28,male
usr_002101,عائشة,عائشة_1164@icloud.com,LB,,car_play,2019-01-06,trial,55,f
usr_002102,خالد,خالد_3443@icloud.com,QA,,ios,10-02-2021,free,,f
usr_002103,Tariq,tariq_4691@hotmail.com,EG,Khobar,web,2020-01-14T00:00:00,premium_annual,26,M
usr_002104,Noura,noura_2361@hotmail.com,MA,Abha,ios,2023-05-14,trial,34,F
usr_002105,Lamia,lamia_7738@gmail.com,UK,Tabuk,ios,26/10/2022,premium,49,
usr_002106,خالد,خالد_2187@gmail.com,QA,Jeddah,android,19/03/2020,free,26,male
usr_002107,Khalid,khalid_7146@yahoo.com,US,,car_play,20/06/2019,premium_annual,28,F
usr_002108,حسن,حسن_1104@yahoo.com,EG,Khobar,car_play,2020-07-29T00:00:00,free,55,M
usr_002109,Hind,hind_9710@hotmail.com,KW,Buraidah,ios,2020-12-28T00:00:00,free,26,m
usr_002110,عائشة,عائشة_5929@outlook.sa,MA,Buraidah,ios,2019-12-11,premium_annual,42,male
usr_002111,هند,هند_704@hotmail.com,SA,Taif,web,06/05/2019,premium_annual,48,m
usr_002112,Fahad,fahad_7592@hotmail.com,DE,Mecca,smart_speaker,10-31-2019,trial,36,m
usr_002113,Khalid,khalid_3136@hotmail.com,UK,Riyadh,ios,21/05/2020,free,49,male
usr_002114,Reem,reem_4749@hotmail.com,LB,Riyadh,android,2020-11-30,premium,63,male
usr_002115,Noura,noura_165@hotmail.com,OM,Medina,android,2019-12-01,premium,44,
usr_002116,Hassan,hassan_3243@icloud.com,DE,Tabuk,smart_speaker,06-27-2022,trial,50,f
usr_002117,هند,هند_849@gmail.com,BH,,ios,2022-10-16T00:00:00,premium_annual,17,f
usr_002118,منى,منى_2254@yahoo.com,QA,Khobar,web,15/08/2020,free,58,m
usr_002119,Reem,reem_9518@icloud.com,OM,Mecca,car_play,2023-11-15T00:00:00,free,26,
usr_002120,Mona,mona_9000@outlook.sa,LB,Riyadh,web,12/11/2020,premium,30,male
usr_002121,عبدالله,,US,Dammam,ios,13/02/2023,premium,35,f
usr_002122,عمر,عمر_101@icloud.com,LB,,web,14/01/2019,premium_annual,55,m
usr_002123,طارق,طارق_2053@gmail.com,BH,Riyadh,web,2024-08-28T00:00:00,premium_annual,,
usr_002124,خالد,خالد_1652@hotmail.com,FR,,android,2023-02-27,free,55,M
usr_002125,سلطان,سلطان_425@icloud.com,EG,Khobar,ios,22/12/2022,premium,43,F
usr_002126,Lamia,lamia_1064@outlook.sa,BH,Dammam,android,2022-10-04T00:00:00,premium,42,
usr_002127,Sarah,sarah_2827@hotmail.com,US,,ios,2019-06-11T00:00:00,premium,44,M
usr_002128,هند,هند_7261@yahoo.com,KW,,ios,2021-07-31,free,44,f
usr_002129,Sarah,sarah_1153@gmail.com,QA,Mecca,android,08-01-2024,free,50,m
usr_002130,Mohammed,mohammed_439@hotmail.com,FR,,ios,28/11/2021,free,42,male
usr_002131,عائشة,عائشة_2508@yahoo.com,AE,,ios,2019-07-02,free,24,m
usr_002132,سارة,سارة_3011@gmail.com,QA,Buraidah,smart_speaker,2024-04-11,free,24,M
usr_002133,سارة,,KW,Tabuk,web,13/11/2021,free,17,male
usr_002134,خالد,خالد_6003@yahoo.com,UK,Medina,android,27/03/2021,free,64,F
usr_002135,Mona,mona_2138@gmail.com,JO,Jeddah,car_play,2023-09-30T00:00:00,trial,45,female
usr_002136,عبدالله,عبدالله_2111@hotmail.com,MA,Taif,car_play,21/05/2024,premium,57,f
usr_002137,زينب,زينب_4144@yahoo.com,OM,,smart_speaker,31/01/2022,free,45,
usr_002138,زينب,زينب_6599@yahoo.com,UK,Mecca,ios,2019-05-06,premium_annual,36,m
usr_002139,ياسر,,OM,,web,08-25-2022,premium,53,F
usr_002140,Mona,mona_139@hotmail.com,SA,,ios,2022-07-10,premium_annual,51,f
usr_002141,Omar,omar_5515@hotmail.com,US,Medina,ios,10/01/2023,trial,49,f
usr_002142,Fahad,fahad_1735@gmail.com,UK,Dammam,ios,05/11/2020,premium_annual,,
usr_002143,سلطان,سلطان_7268@yahoo.com,US,Riyadh,web,12-12-2020,free,17,f
usr_002144,طارق,طارق_2066@yahoo.com,QA,,smart_speaker,24/01/2022,free,52,m
usr_002145,محمد,محمد_3784@hotmail.com,KW,Riyadh,web,18/08/2024,premium_annual,64,M
usr_002146,Lamia,lamia_9843@gmail.com,DE,Riyadh,web,2024-05-31T00:00:00,premium,22,
usr_002147,زينب,زينب_2636@yahoo.com,JO,Taif,ios,2020-08-07,free,59,F
usr_002148,ريم,ريم_1372@yahoo.com,OM,Khobar,ios,2022-03-27,free,39,m
usr_002149,منى,منى_4437@hotmail.com,UK,,web,2021-10-03,trial,46,male
usr_002150,فهد,فهد_5165@gmail.com,US,Mecca,ios,16/09/2022,free,32,M
usr_002151,محمد,محمد_8009@gmail.com,BH,,car_play,2020-07-17,premium,,M
usr_002152,طارق,طارق_7172@hotmail.com,UK,,android,20/06/2022,premium_annual,36,
usr_002153,Hassan,hassan_9354@icloud.com,QA,Dammam,smart_speaker,2022-07-04,free,37,male
usr_002154,فهد,فهد_6578@icloud.com,KW,,car_play,2022-07-21,premium_annual,,M
usr_002155,Noura,noura_3138@hotmail.com,BH,Khobar,car_play,2022-06-27T00:00:00,premium,48,M
usr_002156,محمد,محمد_5507@gmail.com,DE,Riyadh,smart_speaker,03/12/2020,free,56,
usr_002157,Omar,omar_2963@yahoo.com,UK,,smart_speaker,04-22-2022,trial,34,
usr_002158,أحمد,أحمد_800@outlook.sa,SA,Taif,car_play,2023-10-16,premium,50,female
usr_002159,Fatima,fatima_7580@icloud.com,BH,,car_play,04/02/2023,premium_annual,34,f
usr_002160,نورة,نورة_5906@yahoo.com,DE,,android,2021-11-07T00:00:00,trial,,
usr_002161,Lamia,lamia_7680@gmail.com,JO,Tabuk,android,01/08/2020,premium_annual,22,f
usr_002162,أحمد,أحمد_3787@icloud.com,QA,Buraidah,car_play,10/06/2021,premium_annual,25,female
usr_002163,Fatima,fatima_9692@yahoo.com,MA,Medina,web,07/01/2020,premium_annual,63,male
usr_002164,سارة,سارة_1790@outlook.sa,UK,,android,2020-04-20,trial,49,F
usr_002165,حسن,,FR,Dammam,smart_speaker,2019-04-07,trial,42,
usr_002166,ياسر,ياسر_5511@yahoo.com,AE,Taif,smart_speaker,2019-06-15,premium,23,M
usr_002167,حسن,حسن_2654@gmail.com,JO,,web,2020-06-21T00:00:00,premium_annual,26,
usr_002168,لمياء,لمياء_2992@hotmail.com,MA,Medina,android,17/09/2023,premium,45,F
usr_002169,Zainab,zainab_3066@gmail.com,FR,,ios,2023-09-10,free,,female
usr_002170,ريم,ريم_7251@gmail.com,BH,Medina,ios,2021-11-21,trial,60,F
usr_002171,منى,منى_3637@gmail.com,US,,web,2021-03-07,free,29,
usr_002172,فهد,فهد_7805@hotmail.com,QA,,web,2021-07-21,premium_annual,,
usr_002173,Mohammed,mohammed_8610@hotmail.com,EG,Riyadh,ios,03-09-2023,free,27,M
usr_002174,ريم,ريم_9769@yahoo.com,MA,Riyadh,android,2022-02-17T00:00:00,premium,36,
usr_002175,منى,منى_485@hotmail.com,KW,Taif,car_play,2020-04-15,free,16,m
usr_002176,Lamia,lamia_1995@hotmail.com,SA,Taif,car_play,24/11/2020,trial,38,m
usr_002177,زينب,زينب_1589@yahoo.com,OM,Buraidah,smart_speaker,01-21-2019,premium,41,female
usr_002178,سلطان,سلطان_4720@hotmail.com,SA,Mecca,car_play,2022-10-21T00:00:00,premium_annual,36,M
usr_002179,سارة,سارة_4848@icloud.com,FR,Buraidah,web,01/05/2023,free,61,
usr_002180,عمر,عمر_8732@yahoo.com,JO,Jeddah,ios,09-15-2023,free,43,female
usr_002181,Mona,mona_8815@icloud.com,OM,Abha,ios,2021-08-25,free,33,m
usr_002182,حسن,حسن_8545@hotmail.com,QA,,smart_speaker,2021-12-25,free,16,male
usr_002183,عائشة,عائشة_7325@yahoo.com,EG,,android,2022-11-12T00:00:00,trial,53,F
usr_002184,سارة,,AE,Tabuk,smart_speaker,2020-10-13,premium,25,
usr_002185,Zainab,zainab_5717@icloud.com,AE,Dammam,web,2024-02-19,premium,40,female
usr_002186,Khalid,khalid_8047@icloud.com,BH,Buraidah,ios,2019-01-04,premium,,male
usr_002187,طارق,طارق_3605@outlook.sa,BH,Riyadh,ios,2023-08-02,free,49,
usr_002188,Reem,reem_4056@outlook.sa,SA,,web,02-11-2020,free,58,female
usr_002189,منى,منى_7155@hotmail.com,FR,Khobar,smart_speaker,2023-04-12,trial,16,f
usr_002190,عائشة,عائشة_2446@yahoo.com,DE,Abha,web,2023-11-26,free,47,m
usr_002191,Hassan,hassan_8244@icloud.com,JO,Mecca,web,2020-03-21,premium,,F
usr_002192,زينب,زينب_391@gmail.com,JO,Jeddah,android,10-14-2020,premium,16,male
usr_002193,لمياء,لمياء_1810@outlook.sa,US,Tabuk,ios,2024-06-01T00:00:00,premium_annual,51,m
usr_002194,ياسر,ياسر_8054@outlook.sa,DE,,web,24/06/2022,trial,40,female
usr_002195,خالد,خالد_2289@icloud.com,EG,Khobar,android,05-29-2020,free,19,male
usr_002196,Mona,mona_5908@yahoo.com,UK,Dammam,ios,06-20-2024,trial,,f
usr_002197,Reem,,DE,Riyadh,ios,03-29-2024,trial,24,male
usr_002198,أحمد,أحمد_3179@gmail.com,LB,Buraidah,android,2019-12-26T00:00:00,premium,21,M
usr_002199,خالد,خالد_5622@icloud.com,JO,Dammam,web,2021-10-27,premium_annual,41,M
usr_002200,Omar,omar_7452@icloud.com,BH,Abha,car_play,02-17-2024,premium,45,f
usr_002201,Reem,reem_3332@icloud.com,UK,,web,11-05-2023,trial,20,female
usr_002202,Zainab,zainab_1817@outlook.sa,KW,Tabuk,car_play,05-17-2020,premium_annual,42,f
usr_002203,فاطمة,فاطمة_8653@icloud.com,BH,,ios,2022-04-05,premium_annual,65,f
usr_002204,Ahmed,ahmed_5126@hotmail.com,FR,Taif,smart_speaker,2019-11-12T00:00:00,premium,24,M
usr_002205,Yasser,yasser_2811@yahoo.com,FR,,web,2022-12-12,trial,25,M
usr_002206,Omar,omar_598@icloud.com,KW,Dammam,smart_speaker,2021-08-23,premium,59,m
usr_002207,حسن,حسن_8636@yahoo.com,AE,Dammam,ios,2024-07-18,premium,49,male
usr_002208,حسن,حسن_3480@hotmail.com,KW,Buraidah,car_play,2022-02-20,trial,,male
usr_002209,حسن,حسن_198@outlook.sa,JO,Taif,android,2019-12-19,premium,60,f
usr_002210,ريم,ريم_8021@outlook.sa,OM,Abha,smart_speaker,25/06/2024,free,44,male
usr_002211,سلطان,سلطان_2945@outlook.sa,EG,Khobar,android,03-13-2020,premium,52,f
usr_002212,سلطان,سلطان_3403@yahoo.com,FR,,android,2019-10-10T00:00:00,free,46,m
usr_002213,Fatima,fatima_3096@hotmail.com,UK,,car_play,25/03/2022,free,54,
usr_002214,منى,منى_5680@icloud.com,BH,Khobar,web,25/03/2020,trial,21,male
usr_002215,Ahmed,ahmed_6416@yahoo.com,MA,Riyadh,web,2021-02-04,premium_annual,32,F
usr_002216,Zainab,zainab_6856@icloud.com,AE,Dammam,ios,10-18-2020,free,25,F
usr_002217,عائشة,,OM,Jeddah,ios,2024-03-06,premium,64,male
usr_002218,Sarah,sarah_2303@yahoo.com,LB,,smart_speaker,09-03-2019,trial,37,male
usr_002219,Reem,reem_4740@yahoo.com,DE,Mecca,android,2024-03-09T00:00:00,premium,40,male
usr_002220,طارق,طارق_3289@yahoo.com,AE,Abha,android,09-24-2019,premium_annual,64,M
usr_002221,ياسر,ياسر_5882@icloud.com,OM,,smart_speaker,2023-06-10T00:00:00,premium_annual,16,M
usr_002222,Fahad,fahad_2988@icloud.com,FR,Medina,car_play,08/01/2024,premium_annual,21,M
usr_002223,فاطمة,فاطمة_9632@yahoo.com,FR,,smart_speaker,2021-12-23,premium,41,female
usr_002224,أحمد,,FR,Taif,ios,26/10/2023,premium,25,F
usr_002225,Fahad,fahad_5102@hotmail.com,MA,Buraidah,web,2023-01-21T00:00:00,free,,f
usr_002226,حسن,حسن_2845@outlook.sa,SA,Jeddah,ios,2019-05-02,free,,male
usr_002227,ياسر,ياسر_7061@outlook.sa,EG,Taif,android,09-30-2020,trial,16,f
usr_002228,Mohammed,mohammed_8674@yahoo.com,OM,Khobar,smart_speaker,2022-12-29,premium,27,female
usr_002229,نورة,نورة_7993@hotmail.com,US,,smart_speaker,07/08/2020,premium,19,f
usr_002230,لمياء,,EG,Khobar,ios,2021-09-13,premium_annual,63,female
usr_002231,مريم,,UK,Abha,car_play,10/06/2023,premium,32,m
usr_002232,طارق,طارق_5309@outlook.sa,DE,Medina,web,15/01/2023,free,50,F
usr_002233,زينب,زينب_3124@yahoo.com,JO,Jeddah,android,24/04/2019,premium,47,m
usr_002234,نورة,نورة_2621@gmail.com,AE,Jeddah,car_play,2019-01-10,premium_annual,16,f
usr_002235,سارة,سارة_3971@outlook.sa,US,,android,04/06/2021,free,16,m
usr_002236,طارق,طارق_7929@hotmail.com,SA,,android,15/05/2020,premium_annual,31,M
usr_002237,محمد,محمد_1724@icloud.com,US,,ios,26/02/2019,trial,37,
usr_002238,لمياء,لمياء_3584@icloud.com,DE,Khobar,ios,19/06/2022,premium_annual,47,male
usr_002239,فاطمة,فاطمة_2305@icloud.com,KW,,web,2024-01-27T00:00:00,free,,F
usr_002240,زينب,زينب_1869@hotmail.com,FR,Jeddah,smart_speaker,04-07-2021,free,,
usr_002241,Omar,omar_3063@outlook.sa,EG,Dammam,ios,2020-07-22,premium,,M
usr_002242,سارة,سارة_2744@outlook.sa,JO,Jeddah,ios,04-03-2022,trial,23,M
usr_002243,Mohammed,,AE,Taif,smart_speaker,2020-07-09,premium_annual,43,female
usr_002244,خالد,خالد_3420@gmail.com,QA,,ios,05-09-2022,premium_annual,20,m
usr_002245,لمياء,لمياء_8222@yahoo.com,KW,Tabuk,smart_speaker,02/08/2022,trial,,
usr_002246,ريم,ريم_389@outlook.sa,EG,Medina,ios,2019-01-29,premium_annual,30,male
usr_002247,منى,منى_9748@outlook.sa,BH,,android,10-31-2020,premium,23,
usr_002248,سارة,سارة_4189@gmail.com,EG,,smart_speaker,07/10/2020,free,,m
usr_002249,فاطمة,فاطمة_4476@outlook.sa,DE,Jeddah,smart_speaker,2022-07-13,free,33,m
usr_002250,Mariam,mariam_6645@hotmail.com,US,Dammam,web,2023-11-20,free,58,m
usr_002251,Mariam,mariam_8540@gmail.com,MA,Jeddah,ios,11-25-2019,premium_annual,37,f
usr_002252,زينب,زينب_6539@gmail.com,AE,Buraidah,android,2022-10-17,free,35,male
usr_002253,Ahmed,ahmed_2113@hotmail.com,US,Riyadh,web,26/03/2024,premium_annual,35,female
usr_002254,Ahmed,ahmed_5789@icloud.com,US,Taif,web,15/02/2021,trial,39,f
usr_002255,خالد,خالد_7744@gmail.com,KW,,web,17/02/2021,free,55,F
usr_002256,Hind,hind_8745@yahoo.com,QA,Abha,android,16/06/2022,premium,64,female
usr_002257,Yasser,yasser_2721@hotmail.com,JO,Mecca,android,2023-09-02,premium_annual,40,f
usr_002258,أحمد,أحمد_1912@yahoo.com,UK,,ios,03-07-2021,premium_annual,28,male
usr_002259,Aisha,aisha_9120@outlook.sa,KW,,android,2020-12-02,premium_annual,34,male
usr_002260,هند,هند_2414@gmail.com,AE,Khobar,web,09/06/2022,premium_annual,52,male
usr_002261,هند,هند_6203@hotmail.com,LB,Khobar,ios,2022-05-10,premium,23,female
usr_002262,Hind,hind_2917@icloud.com,MA,,smart_speaker,2021-10-27,premium,62,F
usr_002263,زينب,زينب_1938@yahoo.com,BH,,ios,2024-07-23,trial,23,male
usr_002264,Fatima,fatima_9320@hotmail.com,US,,ios,2021-06-21,premium_annual,51,F
usr_002265,Abdullah,abdullah_2299@yahoo.com,EG,,android,04-16-2019,trial,59,
usr_002266,Tariq,tariq_218@outlook.sa,EG,,car_play,10-18-2019,trial,17,female
usr_002267,Fahad,fahad_1047@icloud.com,JO,Riyadh,smart_speaker,24/02/2020,premium_annual,,M
usr_002268,نورة,نورة_5218@gmail.com,KW,,android,24/02/2020,free,16,male
usr_002269,Aisha,,AE,,ios,08-30-2023,trial,32,f
usr_002270,Hassan,hassan_9905@outlook.sa,LB,,android,2023-06-07,free,57,M
usr_002271,فاطمة,فاطمة_3651@outlook.sa,KW,Taif,smart_speaker,2021-11-20,free,38,m
usr_002272,Hassan,hassan_4478@outlook.sa,OM,Tabuk,android,2022-08-12,trial,54,m
usr_002273,فاطمة,فاطمة_9844@icloud.com,FR,,smart_speaker,05/08/2024,trial,46,male
usr_002274,Mariam,mariam_1694@yahoo.com,SA,,android,21/01/2022,free,37,
usr_002275,Yasser,yasser_6972@gmail.com,FR,Mecca,web,06/08/2023,premium_annual,41,M
usr_002276,هند,هند_2123@outlook.sa,KW,Tabuk,web,22/08/2019,premium_annual,49,M
usr_002277,حسن,,EG,Khobar,android,2019-09-07T00:00:00,premium_annual,46,
usr_002278,Omar,omar_5288@outlook.sa,BH,Medina,car_play,2023-09-06,premium_annual,63,F
usr_002279,زينب,زينب_842@gmail.com,US,Khobar,android,04/04/2022,premium,53,
usr_002280,نورة,نورة_3425@icloud.com,EG,Buraidah,car_play,20/10/2023,free,30,f
usr_002281,Khalid,khalid_9345@gmail.com,KW,Tabuk,car_play,12-10-2021,premium_annual,36,F
usr_002282,ريم,ريم_5468@hotmail.com,MA,Jeddah,web,2024-05-28,premium,63,F
usr_002283,ريم,ريم_3351@yahoo.com,EG,Taif,car_play,2019-04-02,trial,28,female
usr_002284,Sarah,sarah_3581@icloud.com,SA,Buraidah,ios,2022-12-01,trial,,
usr_002285,عمر,عمر_4783@yahoo.com,AE,Medina,android,2021-08-05T00:00:00,trial,43,M
usr_002286,Mariam,mariam_792@hotmail.com,US,,ios,04-14-2024,premium,47,f
usr_002287,Khalid,khalid_7474@outlook.sa,QA,Medina,web,2021-09-10T00:00:00,free,48,M
usr_002288,أحمد,أحمد_2290@outlook.sa,MA,Khobar,web,03-30-2020,premium,19,m
usr_002289,عبدالله,عبدالله_5101@icloud.com,OM,Riyadh,smart_speaker,12-03-2019,free,32,M
usr_002290,سلطان,سلطان_4866@yahoo.com,FR,Tabuk,android,10/03/2020,free,42,male
usr_002291,Zainab,zainab_7432@hotmail.com,SA,Medina,ios,2024-01-31,trial,46,F
usr_002292,سارة,سارة_7438@outlook.sa,DE,Khobar,car_play,2023-01-19T00:00:00,premium,49,
usr_002293,Omar,omar_1353@outlook.sa,US,,car_play,2022-05-14,free,60,m
usr_002294,Tariq,tariq_4120@yahoo.com,KW,Buraidah,ios,2022-04-15,free,39,F
usr_002295,عمر,,JO,,ios,2023-03-19,trial,54,f
usr_002296,أحمد,أحمد_3744@outlook.sa,JO,Khobar,ios,2022-05-18,premium,60,M
usr_002297,فهد,فهد_1895@yahoo.com,MA,Abha,car_play,2024-03-24,premium_annual,43,F
usr_002298,Abdullah,abdullah_6314@yahoo.com,OM,Dammam,smart_speaker,2020-06-06T00:00:00,premium_annual,27,f
usr_002299,عائشة,عائشة_5546@gmail.com,OM,Tabuk,smart_speaker,2023-06-25,free,63,female
usr_002300,ياسر,ياسر_8000@outlook.sa,DE,,ios,2023-09-13,trial,56,F
usr_002301,Sultan,sultan_1176@hotmail.com,BH,Tabuk,android,04/05/2020,premium,39,M
usr_002302,فهد,فهد_7040@icloud.com,JO,,web,2020-06-10T00:00:00,trial,51,male
usr_002303,طارق,طارق_3678@gmail.com,OM,Riyadh,web,2021-03-22T00:00:00,premium,27,F
usr_002304,Fahad,fahad_7909@yahoo.com,EG,Riyadh,ios,2019-01-18T00:00:00,trial,22,
usr_002305,Omar,omar_5668@hotmail.com,DE,Tabuk,android,2019-03-11,premium,42,F
usr_002306,عمر,,UK,Buraidah,car_play,2022-12-16,premium_annual,16,
usr_002307,نورة,نورة_7681@hotmail.com,SA,Dammam,web,25/05/2019,premium,35,
usr_002308,Tariq,tariq_1325@gmail.com,LB,Dammam,ios,28/07/2021,premium,50,M
usr_002309,طارق,طارق_2274@gmail.com,LB,Jeddah,ios,11/09/2022,free,26,m
usr_002310,Tariq,tariq_6307@outlook.sa,BH,Buraidah,web,2021-05-06,trial,20,f
usr_002311,سارة,سارة_3295@outlook.sa,MA,Dammam,car_play,2022-02-20,premium_annual,17,
usr_002312,Sultan,sultan_3292@hotmail.com,UK,Khobar,android,21/03/2021,trial,37,female
usr_002313,ياسر,ياسر_8214@outlook.sa,LB,Jeddah,android,19/10/2021,trial,34,
usr_002314,حسن,حسن_8280@hotmail.com,LB,Dammam,ios,27/12/2022,free,33,m
usr_002315,Tariq,tariq_5768@outlook.sa,EG,,android,27/06/2023,premium,61,
usr_002316,Zainab,zainab_389@hotmail.com,MA,Medina,car_play,2022-01-06,premium_annual,63,
usr_002317,Abdullah,abdullah_3895@icloud.com,LB,,web,2023-08-04T00:00:00,premium_annual,,f
usr_002318,ياسر,,BH,Mecca,car_play,14/02/2023,premium_annual,64,m
usr_002319,منى,منى_503@outlook.sa,EG,Khobar,android,12/03/2022,trial,,m
usr_002320,ريم,ريم_3518@icloud.com,LB,Jeddah,android,07-26-2020,free,52,m
usr_002321,منى,منى_3663@yahoo.com,DE,Mecca,smart_speaker,2019-03-13T00:00:00,premium_annual,16,female
usr_002322,هند,هند_3176@icloud.com,EG,Riyadh,web,28/08/2022,premium_annual,44,F
usr_002323,طارق,طارق_9008@icloud.com,JO,,android,31/10/2022,free,49,m
usr_002324,زينب,,FR,,android,23/01/2020,premium_annual,47,
usr_002325,عبدالله,عبدالله_4815@outlook.sa,AE,,car_play,2019-07-31,trial,16,M
usr_002326,عائشة,,QA,Mecca,web,2019-05-24T00:00:00,trial,41,
usr_002327,زينب,زينب_8703@yahoo.com,MA,Jeddah,car_play,2020-03-04,premium,28,M
usr_002328,Noura,noura_5874@gmail.com,AE,Buraidah,ios,02/11/2021,premium,54,male
usr_002329,نورة,نورة_5137@icloud.com,JO,Buraidah,ios,2022-03-03T00:00:00,premium,24,F
usr_002330,ياسر,ياسر_2709@icloud.com,MA,,ios,2023-10-29T00:00:00,premium,35,M
usr_002331,سارة,سارة_350@icloud.com,AE,Tabuk,android,2024-03-03,premium,52,f
usr_002332,Noura,noura_6306@outlook.sa,BH,Riyadh,smart_speaker,2024-01-08,free,35,m
usr_002333,فاطمة,فاطمة_8346@outlook.sa,SA,Abha,smart_speaker,2020-03-07T00:00:00,trial,53,F
usr_002334,Ahmed,ahmed_2558@icloud.com,JO,Abha,web,17/05/2019,free,55,
usr_002335,فاطمة,فاطمة_8682@outlook.sa,AE,Dammam,web,2019-02-23,trial,27,female
usr_002336,Hind,hind_9441@outlook.sa,JO,,web,2021-02-14,free,35,male
usr_002337,Hind,hind_8491@icloud.com,KW,,web,12-22-2023,premium,57,
usr_002338,Sultan,,UK,Mecca,android,03-02-2020,premium_annual,,female
usr_002339,Mariam,mariam_152@icloud.com,LB,Mecca,ios,2023-08-22,premium,36,f
usr_002340,هند,هند_5638@outlook.sa,BH,Mecca,car_play,2023-10-21,premium,55,male
usr_002341,خالد,خالد_7709@icloud.com,US,Mecca,car_play,2022-10-20,free,28,
usr_002342,ياسر,ياسر_1804@icloud.com,UK,Dammam,car_play,2020-08-18,trial,45,f
usr_002343,Mohammed,mohammed_3427@icloud.com,OM,Medina,smart_speaker,02/06/2021,trial,60,F
usr_002344,Fahad,fahad_2931@icloud.com,QA,Dammam,android,2020-05-18T00:00:00,premium,60,M
usr_002345,Sultan,sultan_8222@yahoo.com,QA,Medina,ios,2021-10-23,premium,49,F
usr_002346,ريم,ريم_459@hotmail.com,KW,Tabuk,smart_speaker,09/08/2021,premium,35,
usr_002347,سلطان,سلطان_6990@icloud.com,MA,,android,07/04/2023,free,65,f
usr_002348,Khalid,khalid_6324@yahoo.com,US,Abha,smart_speaker,07-29-2023,free,49,
usr_002349,حسن,حسن_4743@outlook.sa,JO,,android,2023-12-05,trial,41,F
usr_002350,نورة,نورة_6458@hotmail.com,LB,,android,2019-06-21T00:00:00,premium,41,male
usr_002351,عبدالله,عبدالله_7097@hotmail.com,QA,,android,02-26-2022,free,22,M
usr_002352,Fahad,fahad_8588@yahoo.com,OM,,web,02/01/2021,free,16,m
usr_002353,زينب,زينب_5768@gmail.com,DE,,ios,2023-03-30,premium_annual,21,M
usr_002354,Ahmed,ahmed_2993@outlook.sa,SA,Buraidah,ios,2019-06-29,free,55,f
usr_002355,Yasser,yasser_2198@yahoo.com,QA,Riyadh,smart_speaker,2020-03-09,trial,50,m
usr_002356,Fahad,fahad_1248@outlook.sa,OM,Dammam,web,23/06/2021,premium,65,m
usr_002357,عبدالله,عبدالله_251@outlook.sa,DE,Taif,web,2019-02-27,free,58,f
usr_002358,Tariq,tariq_7283@gmail.com,QA,Mecca,android,2019-05-05,premium,47,
usr_002359,عبدالله,عبدالله_2797@icloud.com,DE,,android,2023-01-01,premium_annual,53,F
usr_002360,نورة,,MA,,web,2019-10-23,premium,44,
usr_002361,طارق,طارق_2724@yahoo.com,SA,,ios,2020-10-08,trial,61,F
usr_002362,ريم,ريم_2766@yahoo.com,SA,,android,2022-04-24,trial,41,
usr_002363,Hind,hind_775@hotmail.com,JO,Khobar,web,2024-09-02,premium,53,male
usr_002364,محمد,محمد_8565@outlook.sa,US,Jeddah,web,2019-03-20T00:00:00,trial,24,m
usr_002365,Aisha,aisha_8120@gmail.com,OM,Khobar,ios,2022-01-20,premium,45,female
usr_002366,فاطمة,فاطمة_9379@hotmail.com,MA,Jeddah,smart_speaker,02/11/2021,free,32,
usr_002367,فاطمة,فاطمة_3265@gmail.com,OM,,web,2024-09-03,trial,47,female
usr_002368,أحمد,أحمد_4788@outlook.sa,QA,Riyadh,car_play,01/06/2023,free,28,female
usr_002369,Zainab,zainab_4621@gmail.com,QA,Mecca,web,06-27-2020,free,24,female
usr_002370,هند,هند_9158@gmail.com,BH,Jeddah,smart_speaker,30/10/2023,premium,49,M
usr_002371,فاطمة,فاطمة_6316@yahoo.com,KW,Taif,android,14/10/2021,premium,,m
usr_002372,مريم,مريم_5665@hotmail.com,KW,Taif,smart_speaker,2023-06-15,premium,17,M
usr_002373,خالد,خالد_4462@outlook.sa,BH,Abha,smart_speaker,2022-06-01,free,53,m
usr_002374,Omar,omar_6380@yahoo.com,MA,Abha,android,10-05-2019,trial,,M
usr_002375,زينب,زينب_1583@gmail.com,LB,,ios,07-03-2023,premium_annual,61,f
usr_002376,نورة,نورة_1706@icloud.com,US,,smart_speaker,2019-05-10T00:00:00,trial,59,f
usr_002377,ريم,ريم_5050@gmail.com,AE,Taif,web,2021-01-11T00:00:00,trial,61,female
usr_002378,عبدالله,عبدالله_9065@hotmail.com,FR,,ios,2020-10-16T00:00:00,premium,64,m
usr_002379,Yasser,yasser_424@icloud.com,QA,Khobar,car_play,20/09/2019,premium_annual,28,female
usr_002380,عائشة,عائشة_5258@yahoo.com,MA,Abha,ios,02/09/2023,trial,43,
usr_002381,هند,هند_38@gmail.com,SA,,web,2020-01-27,free,39,female
usr_002382,طارق,طارق_5118@gmail.com,JO,,car_play,18/05/2020,trial,42,m
usr_002383,Hind,hind_2521@outlook.sa,BH,,web,2022-09-14,trial,63,m
usr_002384,Tariq,tariq_6683@yahoo.com,QA,Khobar,car_play,21/05/2024,trial,60,f
usr_002385,Khalid,khalid_3073@icloud.com,UK,Khobar,car_play,03/09/2019,free,60,
usr_002386,Sultan,sultan_7791@yahoo.com,BH,,web,2019-01-09,free,26,male
usr_002387,سلطان,سلطان_6702@outlook.sa,FR,Khobar,android,2020-05-10,trial,16,female
usr_002388,طارق,طارق_3490@yahoo.com,SA,Medina,android,04-03-2024,trial,62,m
usr_002389,فهد,فهد_2752@outlook.sa,SA,Khobar,web,26/07/2023,premium,41,f
usr_002390,فاطمة,فاطمة_2067@yahoo.com,EG,Medina,smart_speaker,21/09/2023,trial,48,F
usr_002391,Sultan,sultan_5248@yahoo.com,SA,Dammam,smart_speaker,05-20-2023,free,17,f
usr_002392,Tariq,tariq_6290@outlook.sa,EG,Khobar,web,2019-08-16,free,63,f
usr_002393,Tariq,tariq_9261@yahoo.com,BH,Dammam,car_play,11/04/2020,trial,45,m
usr_002394,Mona,mona_3676@hotmail.com,AE,Abha,car_play,2019-05-12,trial,37,
usr_002395,عمر,عمر_5987@outlook.sa,SA,Dammam,car_play,05-04-2019,premium_annual,,female
usr_002396,Zainab,,MA,Dammam,web,2022-11-08,trial,41,F
usr_002397,عمر,عمر_1031@yahoo.com,AE,Buraidah,smart_speaker,2021-02-05,premium_annual,,m
usr_002398,نورة,نورة_7444@hotmail.com,QA,,web,2022-10-02,premium_annual,17,f
usr_002399,لمياء,لمياء_6831@gmail.com,EG,Tabuk,ios,10-15-2020,premium_annual,60,
usr_002400,Mona,mona_642@icloud.com,AE,,ios,2021-12-07,free,60,M
usr_002401,مريم,مريم_9849@yahoo.com,BH,Medina,car_play,2022-01-21,free,41,m
usr_002402,عائشة,عائشة_4611@yahoo.com,DE,Khobar,android,2019-02-13,free,48,F
usr_002403,أحمد,أحمد_9059@gmail.com,UK,,ios,2019-04-14,premium_annual,61,F
usr_002404,Zainab,,US,Jeddah,android,05/11/2023,free,,f
usr_002405,هند,هند_7048@outlook.sa,FR,Medina,android,2019-11-04T00:00:00,free,59,f
usr_002406,Khalid,khalid_7552@hotmail.com,US,Khobar,ios,2024-02-19,free,65,M
usr_002407,Omar,,JO,,ios,11-29-2021,trial,47,
usr_002408,Hind,hind_3853@icloud.com,MA,Tabuk,web,15/11/2022,free,38,M
usr_002409,فهد,فهد_2083@hotmail.com,SA,Dammam,web,2022-08-15T00:00:00,trial,22,F
usr_002410,خالد,خالد_8915@outlook.sa,AE,Riyadh,web,27/01/2023,premium,35,M
usr_002411,Fatima,fatima_8438@icloud.com,OM,Taif,ios,2020-07-30,premium,,m
usr_002412,Hassan,hassan_6796@hotmail.com,JO,Dammam,android,26/02/2023,premium,31,M
usr_002413,Hassan,hassan_5643@yahoo.com,US,,car_play,2021-04-23,free,24,m
usr_002414,زينب,زينب_4853@yahoo.com,FR,,android,2019-04-20,trial,52,male
usr_002415,هند,هند_4043@icloud.com,AE,Mecca,android,2021-05-24T00:00:00,premium,23,
usr_002416,Tariq,,JO,Dammam,ios,2019-07-24,free,,
usr_002417,منى,منى_9140@hotmail.com,EG,Jeddah,car_play,22/10/2021,trial,46,
usr_002418,خالد,خالد_3470@icloud.com,BH,,android,03/03/2022,premium,39,
usr_002419,خالد,,AE,Taif,car_play,23/01/2023,premium_annual,22,male
usr_002420,زينب,زينب_6492@icloud.com,JO,Taif,web,02-15-2021,premium,17,
usr_002421,عائشة,عائشة_9734@yahoo.com,JO,,ios,2021-10-07,trial,62,
usr_002422,أحمد,أحمد_2462@yahoo.com,QA,Tabuk,smart_speaker,09-15-2021,premium_annual,44,f
usr_002423,طارق,طارق_1285@hotmail.com,FR,Buraidah,web,15/11/2023,premium_annual,53,F
usr_002424,خالد,خالد_847@gmail.com,MA,Mecca,smart_speaker,2023-11-30T00:00:00,trial,24,female
usr_002425,Zainab,zainab_8085@outlook.sa,MA,Abha,car_play,2022-04-11,premium,24,M
usr_002426,لمياء,لمياء_2915@icloud.com,FR,Tabuk,car_play,2019-05-04,free,36,M
usr_002427,Ahmed,ahmed_9258@outlook.sa,JO,Riyadh,car_play,03/11/2021,free,,male
usr_002428,نورة,نورة_7927@yahoo.com,UK,Tabuk,smart_speaker,2022-01-22,premium_annual,24,m
usr_002429,سلطان,سلطان_9607@outlook.sa,KW,,ios,15/11/2022,premium,32,F
usr_002430,خالد,خالد_3470@icloud.com,BH,,android,2023-03-24,premium,39,
usr_002431,فاطمة,فاطمة_7822@gmail.com,US,,android,2020-01-13T00:00:00,free,42,M
usr_002432,طارق,طارق_9900@outlook.sa,FR,Abha,android,2023-06-04,free,64,F
usr_002433,Reem,reem_827@hotmail.com,KW,Mecca,smart_speaker,2024-08-11T00:00:00,premium_annual,39,male
usr_002434,مريم,مريم_1534@gmail.com,US,Taif,android,13/02/2019,premium_annual,40,male
usr_002435,Abdullah,abdullah_4265@icloud.com,UK,Buraidah,android,21/01/2021,trial,31,M
usr_002436,هند,هند_4189@hotmail.com,MA,,ios,29/09/2022,premium_annual,,m
usr_002437,ياسر,ياسر_3291@outlook.sa,KW,,ios,2019-03-09,free,20,female
usr_002438,Aisha,aisha_1772@gmail.com,BH,,web,2019-08-16T00:00:00,premium,60,f
usr_002439,نورة,نورة_9760@yahoo.com,MA,,smart_speaker,2020-10-17,trial,60,M
usr_002440,نورة,نورة_9631@icloud.com,EG,Buraidah,ios,06-01-2019,premium_annual,51,F
usr_002441,Sultan,sultan_3476@hotmail.com,EG,Mecca,smart_speaker,2021-06-07,premium_annual,26,M
usr_002442,فاطمة,فاطمة_7898@gmail.com,UK,Buraidah,ios,2022-03-22,premium_annual,56,f
usr_002443,Fahad,fahad_4474@icloud.com,JO,,android,2023-08-29,premium,51,
usr_002444,Fahad,fahad_2423@icloud.com,DE,,android,24/01/2019,premium,38,F
usr_002445,حسن,حسن_6717@yahoo.com,JO,,smart_speaker,03-05-2021,premium_annual,47,male
usr_002446,محمد,محمد_2014@icloud.com,OM,,ios,02/10/2021,free,46,male
usr_002447,Khalid,khalid_8896@gmail.com,US,Taif,ios,04-15-2019,free,,f
usr_002448,طارق,طارق_1301@icloud.com,BH,Taif,smart_speaker,30/11/2021,trial,40,
usr_002449,منى,منى_7253@yahoo.com,UK,Mecca,android,08-16-2021,trial,25,F
usr_002450,نورة,نورة_3582@outlook.sa,QA,Abha,android,01/11/2019,premium_annual,19,male
usr_002451,فهد,فهد_6828@gmail.com,MA,Buraidah,smart_speaker,16/01/2019,premium,33,male
usr_002452,مريم,مريم_5196@icloud.com,AE,Jeddah,smart_speaker,2023-03-27,premium_annual,62,F
usr_002453,هند,هند_8290@icloud.com,US,Khobar,smart_speaker,12-04-2022,free,56,m
usr_002454,طارق,طارق_3984@icloud.com,OM,Abha,web,18/05/2023,trial,33,F
usr_002455,ياسر,ياسر_1192@icloud.com,AE,,car_play,2024-02-08T00:00:00,trial,47,m
usr_002456,Mohammed,mohammed_979@yahoo.com,MA,Medina,web,15/06/2019,free,40,male
usr_002457,نورة,نورة_4759@outlook.sa,KW,,smart_speaker,2021-07-06,free,28,m
usr_002458,سارة,سارة_6093@hotmail.com,UK,Abha,web,2023-07-23,free,26,m
usr_002459,مريم,مريم_8009@yahoo.com,US,Taif,android,01/01/2019,trial,45,
usr_002460,عائشة,عائشة_4052@outlook.sa,FR,Riyadh,car_play,2021-06-18T00:00:00,trial,47,m
usr_002461,عمر,عمر_760@outlook.sa,UK,Tabuk,android,2022-04-12T00:00:00,free,17,female
usr_002462,عمر,عمر_4746@outlook.sa,BH,Buraidah,web,2024-01-12,free,43,female
usr_002463,خالد,خالد_9071@gmail.com,UK,,car_play,17/12/2023,trial,48,f
usr_002464,Mohammed,mohammed_5974@hotmail.com,UK,Buraidah,smart_speaker,01/04/2021,premium,29,
usr_002465,سارة,سارة_745@outlook.sa,MA,Dammam,ios,2019-04-09T00:00:00,premium,36,female
usr_002466,زينب,زينب_9122@hotmail.com,AE,Buraidah,android,2022-09-28,premium_annual,,female
usr_002467,Zainab,zainab_580@icloud.com,OM,Riyadh,smart_speaker,12/10/2023,premium_annual,48,F
usr_002468,نورة,نورة_3260@icloud.com,EG,Tabuk,ios,21/05/2020,trial,39,male
usr_002469,محمد,محمد_5218@outlook.sa,JO,,android,2022-09-01,premium_annual,34,M
usr_002470,Mariam,mariam_6595@hotmail.com,EG,Mecca,smart_speaker,2024-08-22,premium_annual,22,M
usr_002471,Abdullah,abdullah_6060@gmail.com,DE,Medina,car_play,09/03/2019,premium,40,M
usr_002472,عمر,,AE,Medina,ios,2019-12-19,premium_annual,57,male
usr_002473,أحمد,أحمد_9073@icloud.com,KW,Abha,ios,10-07-2022,trial,52,m
usr_002474,عمر,عمر_8294@gmail.com,US,Tabuk,android,18/09/2021,premium,47,F
usr_002475,عائشة,عائشة_3620@hotmail.com,OM,Medina,android,2020-02-03T00:00:00,premium_annual,56,
usr_002476,Ahmed,ahmed_4258@yahoo.com,BH,Taif,ios,2019-05-25T00:00:00,premium_annual,62,m
usr_002477,محمد,محمد_9427@outlook.sa,AE,,ios,2022-07-19,trial,47,
usr_002478,Mariam,mariam_9191@gmail.com,BH,,android,2023-06-19,premium_annual,22,f
usr_002479,لمياء,لمياء_6699@outlook.sa,KW,Mecca,ios,2023-04-10,premium,30,female
usr_002480,نورة,نورة_9569@yahoo.com,JO,,car_play,2024-01-28T00:00:00,premium_annual,39,M
usr_002481,Reem,reem_1468@yahoo.com,DE,Tabuk,ios,03-24-2024,premium_annual,21,male
usr_002482,سلطان,سلطان_6062@hotmail.com,EG,Khobar,car_play,12-21-2021,premium,42,f
usr_002483,Mona,mona_9138@gmail.com,QA,Abha,smart_speaker,04-14-2020,premium,,F
usr_002484,نورة,,SA,,smart_speaker,2020-11-05T00:00:00,premium_annual,23,male
usr_002485,سارة,سارة_4628@hotmail.com,OM,Tabuk,ios,2020-05-22,premium,43,f
usr_002486,Omar,omar_5648@gmail.com,FR,Khobar,web,05-18-2020,premium,56,male
usr_002487,Aisha,aisha_4488@icloud.com,KW,Abha,android,2024-08-23,trial,,female
usr_002488,Sarah,sarah_8008@icloud.com,AE,,android,2021-01-25,premium,26,female
usr_002489,طارق,طارق_7193@yahoo.com,EG,,web,2024-01-13,free,34,
usr_002490,Zainab,zainab_2475@icloud.com,QA,Buraidah,android,19/02/2024,free,47,male
usr_002491,لمياء,لمياء_9889@gmail.com,US,Tabuk,smart_speaker,2023-07-10,trial,29,
usr_002492,Fatima,fatima_7376@icloud.com,SA,Medina,ios,2021-04-25,premium,50,F
usr_002493,سلطان,سلطان_6522@outlook.sa,QA,Riyadh,android,01-28-2020,premium,50,M
usr_002494,Abdullah,abdullah_1808@yahoo.com,QA,,android,05/02/2023,trial,22,male
usr_002495,ياسر,ياسر_6985@gmail.com,LB,Dammam,android,2019-12-12,trial,34,female
usr_002496,Hind,hind_8102@icloud.com,US,Dammam,web,2020-12-16,free,51,f
usr_002497,Reem,reem_5528@gmail.com,EG,Riyadh,car_play,2020-02-11T00:00:00,premium_annual,,male
usr_002498,حسن,حسن_8577@gmail.com,SA,Buraidah,smart_speaker,2023-06-05,premium_annual,43,m
usr_002499,عبدالله,عبدالله_6412@icloud.com,DE,Dammam,ios,28/05/2021,premium_annual,,F
usr_002500,Sarah,sarah_9480@gmail.com,BH,Buraidah,android,12-05-2019,free,37,
usr_002501,Hind,hind_8069@yahoo.com,LB,,smart_speaker,2020-12-27T00:00:00,premium,,F
usr_002502,زينب,زينب_7431@hotmail.com,DE,Riyadh,ios,2021-04-28T00:00:00,premium_annual,59,F
usr_002503,عبدالله,عبدالله_8289@icloud.com,EG,,web,2022-04-09T00:00:00,premium_annual,19,M
usr_002504,هند,هند_5973@yahoo.com,LB,Medina,web,2023-11-15,premium_annual,37,
usr_002505,Hassan,hassan_9521@gmail.com,UK,Abha,android,2024-03-18,free,20,
usr_002506,سارة,سارة_3433@hotmail.com,AE,,web,2024-08-11,trial,32,M
usr_002507,Sarah,sarah_3421@yahoo.com,KW,Tabuk,android,07/01/2020,premium,40,M
usr_002508,Yasser,yasser_3715@hotmail.com,AE,Medina,ios,06-18-2020,premium,16,M
usr_002509,Lamia,lamia_757@yahoo.com,DE,Buraidah,web,2024-03-20,free,54,f
usr_002510,منى,منى_3814@yahoo.com,KW,,android,24/09/2022,premium_annual,21,female
usr_002511,نورة,نورة_8639@outlook.sa,JO,,ios,2019-04-26,trial,63,female
usr_002512,منى,منى_7214@outlook.sa,QA,Medina,car_play,2021-03-02,free,21,female
usr_002513,Omar,omar_2675@outlook.sa,AE,Abha,car_play,13/07/2024,free,62,m
usr_002514,لمياء,لمياء_2663@yahoo.com,AE,Taif,web,2020-04-09,premium_annual,42,female
usr_002515,فاطمة,فاطمة_4321@gmail.com,MA,,ios,23/12/2023,trial,36,male
usr_002516,محمد,محمد_2003@gmail.com,JO,Jeddah,smart_speaker,21/01/2019,free,29,f
usr_002517,Aisha,aisha_1440@outlook.sa,KW,Mecca,web,26/06/2021,trial,38,
usr_002518,فهد,فهد_6535@gmail.com,UK,,smart_speaker,23/07/2022,premium,20,M
usr_002519,Abdullah,abdullah_2001@yahoo.com,JO,Medina,smart_speaker,2022-05-25,trial,64,m
usr_002520,Hind,hind_2070@gmail.com,DE,Taif,web,2023-10-09T00:00:00,trial,,m
usr_002521,طارق,طارق_6405@yahoo.com,KW,Abha,web,01/09/2020,trial,28,
usr_002522,أحمد,أحمد_5302@yahoo.com,AE,Mecca,smart_speaker,2022-07-12,free,57,f
usr_002523,Mohammed,mohammed_8133@icloud.com,MA,,ios,18/09/2021,trial,52,
usr_002524,Lamia,lamia_1745@yahoo.com,US,,web,2021-07-20,premium_annual,47,F
usr_002525,حسن,حسن_7829@gmail.com,AE,Taif,web,2024-04-04,premium,39,
usr_002526,Khalid,khalid_800@yahoo.com,SA,,android,2024-06-04,trial,,f
usr_002527,محمد,محمد_5874@hotmail.com,MA,Khobar,ios,01-08-2024,premium_annual,52,F
usr_002528,سارة,سارة_9935@icloud.com,US,,web,2019-07-23,free,56,M
usr_002529,فاطمة,فاطمة_8402@icloud.com,SA,Taif,ios,11/04/2023,trial,28,M
usr_002530,Mariam,mariam_2434@hotmail.com,BH,Jeddah,android,2022-09-22,premium_annual,47,F
usr_002531,عمر,عمر_7028@gmail.com,EG,Abha,ios,27/05/2021,premium_annual,,male
usr_002532,فاطمة,فاطمة_3810@outlook.sa,FR,Jeddah,web,2021-04-05,premium,,male
usr_002533,عمر,عمر_8327@outlook.sa,AE,Buraidah,web,24/05/2024,premium,58,male
usr_002534,Mohammed,mohammed_9416@yahoo.com,OM,Taif,smart_speaker,2021-07-15,trial,61,m
usr_002535,زينب,زينب_5706@outlook.sa,KW,Jeddah,smart_speaker,2024-06-24,free,25,M
usr_002536,سارة,سارة_832@gmail.com,SA,Mecca,web,29/10/2019,free,32,female
usr_002537,Sultan,sultan_2794@hotmail.com,KW,,android,2022-03-27T00:00:00,premium,26,M
usr_002538,زينب,زينب_4988@hotmail.com,MA,,ios,27/04/2024,premium,49,male
usr_002539,سلطان,سلطان_6951@icloud.com,KW,Riyadh,car_play,25/11/2020,free,54,F
usr_002540,Hind,hind_4423@icloud.com,LB,Mecca,car_play,14/01/2024,free,56,male
usr_002541,سارة,سارة_7298@gmail.com,US,Medina,smart_speaker,2020-05-20,premium,39,male
usr_002542,ريم,,US,,car_play,2019-03-04T00:00:00,premium,32,m
usr_002543,ريم,ريم_8479@yahoo.com,SA,,android,2021-01-03T00:00:00,premium_annual,53,m
usr_002544,Tariq,tariq_4830@gmail.com,OM,,android,2019-10-15,premium,44,
usr_002545,ياسر,ياسر_3493@hotmail.com,AE,Jeddah,smart_speaker,2024-07-14,free,53,male
usr_002546,سلطان,سلطان_3119@yahoo.com,US,Abha,smart_speaker,30/06/2024,free,16,
usr_002547,مريم,مريم_9515@hotmail.com,SA,,web,2023-08-24,premium_annual,18,female
usr_002548,هند,هند_2081@yahoo.com,EG,Abha,android,2022-01-12T00:00:00,premium,36,M
usr_002549,Reem,reem_6302@outlook.sa,MA,Dammam,ios,2022-10-05,trial,63,f
usr_002550,Khalid,khalid_5257@gmail.com,LB,Buraidah,smart_speaker,03/04/2019,premium_annual,43,male
usr_002551,Mona,mona_4318@yahoo.com,KW,Khobar,web,2019-11-22T00:00:00,free,56,male
usr_002552,Khalid,khalid_7552@hotmail.com,US,Khobar,ios,2023-10-15,free,65,M
usr_002553,Abdullah,abdullah_4968@gmail.com,OM,,car_play,2021-11-20T00:00:00,free,46,M
usr_002554,محمد,محمد_804@gmail.com,SA,,ios,21/06/2022,free,42,male
usr_002555,مريم,مريم_7221@yahoo.com,KW,Riyadh,web,2021-05-14,premium,41,female
usr_002556,فاطمة,فاطمة_9871@yahoo.com,UK,Taif,ios,27/02/2021,premium,22,
usr_002557,خالد,خالد_9858@gmail.com,QA,Khobar,ios,26/04/2020,trial,20,
usr_002558,Yasser,yasser_3092@gmail.com,US,Mecca,android,06/06/2024,premium,45,female
usr_002559,هند,هند_4556@outlook.sa,MA,Khobar,car_play,08-20-2023,premium,35,M
usr_002560,Reem,reem_7274@hotmail.com,QA,,web,12-27-2019,trial,54,
usr_002561,Lamia,lamia_4905@icloud.com,MA,,ios,2020-01-14,free,35,female
usr_002562,زينب,زينب_2535@yahoo.com,LB,,car_play,18/07/2023,trial,57,female
usr_002563,لمياء,لمياء_9375@outlook.sa,BH,Riyadh,web,2024-05-09,premium,25,male
usr_002564,مريم,مريم_9366@outlook.sa,QA,Abha,smart_speaker,2020-05-17,trial,41,
usr_002565,Noura,noura_6235@yahoo.com,KW,Buraidah,android,2021-02-16T00:00:00,free,53,female
usr_002566,سلطان,سلطان_429@yahoo.com,FR,Mecca,car_play,01-07-2024,trial,58,male
usr_002567,عمر,عمر_7378@outlook.sa,SA,Khobar,ios,30/03/2020,free,34,male
usr_002568,خالد,خالد_2166@yahoo.com,EG,,android,06/08/2022,trial,33,f
usr_002569,طارق,طارق_3450@hotmail.com,FR,Medina,android,2024-04-23T00:00:00,free,37,M
usr_002570,فاطمة,فاطمة_2143@icloud.com,US,,android,10-19-2020,trial,36,f
usr_002571,Noura,noura_6986@outlook.sa,SA,Tabuk,car_play,01-21-2022,free,27,
usr_002572,عمر,عمر_757@gmail.com,JO,Tabuk,ios,15/03/2022,trial,46,female
usr_002573,هند,هند_9245@gmail.com,MA,Mecca,smart_speaker,07-04-2024,premium_annual,,
usr_002574,Omar,omar_6998@icloud.com,JO,Abha,car_play,2023-05-10,premium,46,f
usr_002575,Zainab,zainab_302@hotmail.com,BH,,smart_speaker,15/06/2022,premium_annual,43,m
usr_002576,عبدالله,عبدالله_6216@icloud.com,US,Buraidah,car_play,05/02/2020,free,60,F
usr_002577,Mariam,mariam_2551@icloud.com,JO,,ios,2019-10-07,premium_annual,38,m
usr_002578,Reem,reem_9223@gmail.com,OM,Tabuk,smart_speaker,2019-04-23,trial,32,F
usr_002579,سارة,سارة_7892@yahoo.com,FR,Medina,android,12/02/2021,premium_annual,46,f
usr_002580,Mohammed,,JO,,ios,2019-08-08,trial,20,female
usr_002581,طارق,طارق_7267@icloud.com,MA,Medina,car_play,2022-12-14T00:00:00,premium,25,female
usr_002582,Aisha,aisha_9329@yahoo.com,FR,Dammam,car_play,20/09/2024,trial,48,female
usr_002583,محمد,محمد_7260@outlook.sa,UK,,android,2019-12-08,trial,40,male
usr_002584,عبدالله,عبدالله_8418@gmail.com,KW,Riyadh,web,07-21-2022,free,16,female
usr_002585,نورة,نورة_6920@yahoo.com,JO,Jeddah,web,2021-10-14,trial,38,male
usr_002586,Mohammed,mohammed_1865@yahoo.com,LB,Tabuk,smart_speaker,2019-09-16,premium,21,
usr_002587,Mona,mona_4510@icloud.com,BH,Abha,web,2019-09-26,trial,47,F
usr_002588,سارة,سارة_3868@icloud.com,JO,,ios,2023-12-29T00:00:00,free,16,M
usr_002589,Noura,noura_4278@gmail.com,SA,Mecca,car_play,09/10/2020,trial,60,m
usr_002590,Lamia,,LB,,web,2019-12-15T00:00:00,trial,,
usr_002591,خالد,خالد_3972@gmail.com,UK,Khobar,car_play,08-04-2019,trial,,F
usr_002592,Hassan,hassan_7161@outlook.sa,SA,,web,2024-07-18,premium_annual,36,female
usr_002593,لمياء,لمياء_933@outlook.sa,MA,,car_play,22/06/2022,trial,65,f
usr_002594,فاطمة,فاطمة_1792@gmail.com,QA,Jeddah,smart_speaker,2020-10-14T00:00:00,free,51,M
usr_002595,نورة,نورة_6579@outlook.sa,UK,Khobar,ios,06-30-2024,premium_annual,34,M
usr_002596,Yasser,yasser_8089@gmail.com,LB,Khobar,ios,12-03-2021,free,23,F
usr_002597,حسن,حسن_7279@gmail.com,QA,Jeddah,smart_speaker,09-19-2024,free,16,female
usr_002598,Reem,reem_6979@yahoo.com,MA,Mecca,car_play,15/11/2019,trial,63,M
usr_002599,محمد,محمد_8099@outlook.sa,SA,Abha,web,2019-12-09,free,50,M
usr_002600,هند,هند_6025@yahoo.com,JO,Taif,smart_speaker,22/10/2021,trial,18,female
usr_002601,ريم,ريم_4906@icloud.com,FR,Mecca,ios,2020-12-25T00:00:00,premium,26,female
usr_002602,Lamia,lamia_892@icloud.com,US,Dammam,ios,2024-03-14,premium_annual,33,
usr_002603,سارة,سارة_7438@outlook.sa,DE,Khobar,car_play,2023-06-08,premium,49,
usr_002604,فاطمة,فاطمة_631@gmail.com,FR,Dammam,ios,2019-06-06,trial,45,M
usr_002605,Hassan,hassan_1731@yahoo.com,AE,Tabuk,ios,12-11-2022,trial,25,m
usr_002606,أحمد,أحمد_2176@yahoo.com,BH,,smart_speaker,2021-02-28,trial,25,
usr_002607,مريم,مريم_322@outlook.sa,MA,Buraidah,smart_speaker,2022-02-04T00:00:00,trial,57,
usr_002608,Ahmed,ahmed_834@gmail.com,EG,Taif,web,2022-03-23T00:00:00,premium_annual,31,
usr_002609,ريم,ريم_5132@outlook.sa,SA,,car_play,02-07-2022,trial,40,male
usr_002610,حسن,حسن_835@yahoo.com,UK,Mecca,ios,03-11-2022,premium_annual,24,female
usr_002611,Mohammed,,US,,ios,2020-04-10T00:00:00,premium_annual,37,male
usr_002612,ياسر,ياسر_2621@icloud.com,KW,Riyadh,smart_speaker,2024-06-08,premium,30,F
usr_002613,عمر,عمر_919@gmail.com,BH,Medina,smart_speaker,17/01/2023,free,,female
usr_002614,Sultan,sultan_3413@icloud.com,UK,Taif,web,2019-02-25,free,38,f
usr_002615,أحمد,أحمد_4504@yahoo.com,AE,Buraidah,car_play,01-14-2019,premium,65,F
usr_002616,عائشة,عائشة_7627@icloud.com,BH,Dammam,web,2021-12-22,premium,54,M
usr_002617,Mona,mona_1327@hotmail.com,QA,,ios,2023-08-13,premium,55,
usr_002618,طارق,طارق_6380@icloud.com,QA,,smart_speaker,12/10/2019,premium_annual,43,male
usr_002619,Hassan,hassan_4587@yahoo.com,EG,Jeddah,web,07-14-2022,free,53,male
usr_002620,حسن,,JO,,android,2020-03-17,premium,64,M
usr_002621,ريم,ريم_8490@icloud.com,US,,ios,2021-05-10,trial,,F
usr_002622,لمياء,لمياء_95@gmail.com,DE,Taif,smart_speaker,2020-09-20,trial,35,female
usr_002623,Mona,mona_5153@outlook.sa,UK,Tabuk,smart_speaker,2019-06-25,premium,17,male
usr_002624,Aisha,aisha_2413@hotmail.com,BH,,ios,08-26-2019,trial,,m
usr_002625,عائشة,عائشة_6491@hotmail.com,AE,Taif,smart_speaker,2024-03-26,premium,49,f
usr_002626,زينب,زينب_6345@gmail.com,SA,Tabuk,car_play,02/10/2023,free,26,female
usr_002627,Yasser,yasser_8111@icloud.com,FR,Jeddah,android,2021-12-28,trial,40,m
usr_002628,لمياء,لمياء_9155@gmail.com,MA,Khobar,web,2019-09-13T00:00:00,premium_annual,45,m
usr_002629,طارق,طارق_5216@icloud.com,EG,,smart_speaker,2021-10-07,premium,27,M
usr_002630,طارق,,SA,Buraidah,car_play,2019-05-02T00:00:00,trial,35,F
usr_002631,خالد,خالد_3952@outlook.sa,AE,Taif,car_play,2023-12-29,trial,,M
usr_002632,منى,منى_3282@gmail.com,QA,,ios,2020-02-08,trial,40,F
usr_002633,سلطان,سلطان_8140@icloud.com,KW,Riyadh,web,2021-10-29T00:00:00,trial,24,M
usr_002634,محمد,محمد_1884@yahoo.com,JO,Tabuk,smart_speaker,2023-07-01T00:00:00,premium,55,f
usr_002635,Hind,hind_2453@yahoo.com,OM,Tabuk,smart_speaker,11-08-2022,trial,27,m
usr_002636,محمد,محمد_1621@yahoo.com,DE,Mecca,car_play,01-16-2022,premium,30,m
usr_002637,Hassan,hassan_8598@outlook.sa,KW,Medina,smart_speaker,11/04/2021,trial,42,female
usr_002638,Ahmed,ahmed_9168@yahoo.com,BH,Jeddah,web,05/01/2022,premium,46,F
usr_002639,طارق,,FR,Riyadh,car_play,2019-11-13T00:00:00,trial,,m
usr_002640,زينب,زينب_5294@yahoo.com,OM,,android,2023-10-27T00:00:00,free,,female
usr_002641,Noura,noura_70@yahoo.com,KW,,android,2024-07-03T00:00:00,premium_annual,51,m
usr_002642,طارق,طارق_6502@yahoo.com,FR,,smart_speaker,2021-03-23,free,,female
usr_002643,Fatima,fatima_1528@hotmail.com,US,,ios,2019-09-27,premium,17,female
usr_002644,Lamia,lamia_4018@yahoo.com,FR,Medina,smart_speaker,19/09/2023,premium_annual,43,f
usr_002645,فاطمة,فاطمة_4316@gmail.com,AE,,ios,11/03/2022,premium,60,m
usr_002646,حسن,حسن_9191@outlook.sa,OM,Dammam,ios,03/08/2024,premium_annual,59,male
usr_002647,Ahmed,ahmed_1622@outlook.sa,QA,,ios,05/11/2020,premium,24,m
usr_002648,فهد,فهد_9719@yahoo.com,OM,Taif,smart_speaker,22/03/2022,trial,62,male
usr_002649,ياسر,ياسر_4489@icloud.com,JO,Taif,android,2024-02-05T00:00:00,premium_annual,16,female
usr_002650,هند,هند_2847@icloud.com,LB,Buraidah,android,2023-12-17,free,32,F
usr_002651,حسن,حسن_7698@gmail.com,FR,,web,2024-09-03,free,,f
usr_002652,Aisha,aisha_4277@hotmail.com,QA,Khobar,smart_speaker,21/01/2023,premium_annual,57,F
usr_002653,Mona,mona_440@icloud.com,DE,Mecca,ios,2019-08-17,premium,55,f
usr_002654,Hassan,hassan_337@outlook.sa,BH,,ios,2022-01-08,premium,20,f
usr_002655,عائشة,عائشة_1290@yahoo.com,QA,Abha,car_play,2020-09-15,premium,56,female
usr_002656,عمر,عمر_328@outlook.sa,KW,Mecca,android,2023-12-24T00:00:00,trial,32,f
usr_002657,فاطمة,فاطمة_9935@icloud.com,SA,Abha,ios,18/09/2020,trial,63,
usr_002658,سارة,سارة_9649@icloud.com,EG,,android,08/09/2022,trial,22,
usr_002659,Omar,omar_7412@icloud.com,KW,Tabuk,android,2021-07-08,free,38,M
usr_002660,Mona,mona_8903@outlook.sa,AE,Khobar,android,05-26-2024,premium,20,f
usr_002661,Khalid,khalid_6274@gmail.com,MA,,ios,2022-05-08,trial,56,M
usr_002662,عائشة,عائشة_6950@yahoo.com,US,Buraidah,web,2019-06-27,trial,,M
usr_002663,أحمد,أحمد_6911@hotmail.com,AE,Riyadh,web,2021-07-20,premium,40,m
usr_002664,Fatima,fatima_4702@outlook.sa,DE,Tabuk,car_play,18/11/2020,trial,21,M
usr_002665,فهد,فهد_431@outlook.sa,OM,Mecca,ios,25/04/2021,premium_annual,35,male
usr_002666,Khalid,khalid_9416@outlook.sa,KW,Mecca,car_play,03-19-2023,premium_annual,,m
usr_002667,Mona,mona_3745@outlook.sa,LB,Abha,ios,2019-11-01,premium_annual,50,F
usr_002668,Abdullah,abdullah_8705@outlook.sa,JO,Riyadh,smart_speaker,06/05/2019,premium_annual,33,male
usr_002669,Mona,mona_6168@gmail.com,AE,,ios,2023-07-30,premium_annual,16,
usr_002670,ياسر,ياسر_4983@outlook.sa,OM,Tabuk,web,04/03/2023,trial,62,F
usr_002671,طارق,طارق_8514@yahoo.com,MA,Dammam,android,2019-08-29,premium,,
usr_002672,فاطمة,فاطمة_384@outlook.sa,FR,Tabuk,web,01-31-2021,premium,45,F
usr_002673,محمد,محمد_8041@icloud.com,AE,Tabuk,android,06/11/2020,premium,,m
usr_002674,Ahmed,ahmed_7076@outlook.sa,AE,Riyadh,android,2020-04-01,trial,45,M
usr_002675,Zainab,,MA,Mecca,ios,28/02/2024,premium_annual,18,m
usr_002676,Fahad,fahad_2451@icloud.com,FR,,android,18/09/2023,free,64,female
usr_002677,Fahad,fahad_4194@hotmail.com,JO,Tabuk,car_play,13/09/2024,trial,43,F
usr_002678,أحمد,أحمد_9337@outlook.sa,AE,,web,2021-08-17,trial,53,male
usr_002679,فهد,فهد_1440@gmail.com,FR,Abha,car_play,04/06/2021,free,50,F
usr_002680,Sultan,sultan_3932@outlook.sa,AE,Khobar,ios,17/06/2022,premium_annual,26,f
usr_002681,مريم,مريم_4996@gmail.com,US,Dammam,ios,2023-08-29,free,40,F
usr_002682,هند,هند_7082@yahoo.com,QA,Riyadh,web,2023-12-08,free,54,
usr_002683,Abdullah,abdullah_2631@outlook.sa,DE,,car_play,17/01/2020,free,,m
usr_002684,Hind,hind_5052@gmail.com,EG,,smart_speaker,2019-10-25T00:00:00,trial,,female
usr_002685,Fatima,fatima_822@icloud.com,SA,Taif,web,2023-08-04,premium,59,M
usr_002686,Noura,noura_4668@gmail.com,SA,Mecca,ios,13/08/2022,premium_annual,,
usr_002687,فهد,فهد_5081@icloud.com,QA,Abha,smart_speaker,2023-11-18,premium_annual,22,m
usr_002688,Noura,noura_5946@gmail.com,MA,Jeddah,ios,2024-09-03,premium,41,F
usr_002689,فاطمة,فاطمة_7758@gmail.com,LB,Medina,android,16/08/2020,trial,31,m
usr_002690,نورة,نورة_1498@hotmail.com,LB,Jeddah,ios,13/02/2022,premium_annual,37,female
usr_002691,مريم,مريم_5940@yahoo.com,DE,,android,02-25-2020,premium,16,m
usr_002692,ريم,ريم_2412@yahoo.com,BH,Dammam,ios,08-02-2022,premium,63,female
usr_002693,ريم,ريم_6125@gmail.com,SA,Medina,web,03/07/2024,premium_annual,18,male
usr_002694,نورة,نورة_5986@yahoo.com,LB,Dammam,car_play,2020-10-14,premium,63,female
usr_002695,Mona,mona_3565@outlook.sa,SA,Khobar,web,2023-01-19,premium,24,female
usr_002696,Mona,mona_6116@gmail.com,AE,Mecca,android,2019-12-05T00:00:00,trial,65,F
usr_002697,خالد,خالد_6222@icloud.com,LB,Tabuk,android,12-23-2023,trial,,female
usr_002698,نورة,نورة_8842@icloud.com,LB,,ios,2022-09-25T00:00:00,premium,57,
usr_002699,Omar,omar_3200@outlook.sa,DE,,web,2024-01-30,premium_annual,26,f
usr_002700,سارة,سارة_4598@outlook.sa,FR,Medina,android,2020-09-19T00:00:00,trial,49,M
usr_002701,سارة,سارة_9916@icloud.com,QA,Riyadh,smart_speaker,2023-11-07,premium,25,m
usr_002702,نورة,نورة_7943@icloud.com,OM,,ios,28/03/2023,free,57,F
usr_002703,Khalid,,EG,Jeddah,android,2023-08-28T00:00:00,premium,51,m
usr_002704,Aisha,aisha_1124@gmail.com,SA,Medina,car_play,21/04/2023,premium,29,f
usr_002705,Mariam,mariam_8284@yahoo.com,QA,,web,09-10-2024,premium,47,F
usr_002706,Tariq,tariq_3481@icloud.com,DE,,ios,17/07/2024,free,48,M
usr_002707,Fatima,fatima_9339@outlook.sa,OM,,smart_speaker,07-11-2019,premium_annual,51,M
usr_002708,حسن,حسن_1500@hotmail.com,AE,Tabuk,web,2022-02-17,trial,16,F
usr_002709,سلطان,سلطان_7337@gmail.com,QA,Mecca,android,2019-10-23T00:00:00,trial,49,m
usr_002710,لمياء,لمياء_1907@outlook.sa,OM,Abha,android,2023-08-25,trial,,m
usr_002711,خالد,خالد_2904@icloud.com,US,Tabuk,ios,2019-07-16,premium_annual,46,M
usr_002712,Noura,noura_490@icloud.com,US,,ios,13/01/2024,premium_annual,,
usr_002713,Ahmed,ahmed_7626@outlook.sa,KW,,android,2021-08-25,free,34,male
usr_002714,سارة,سارة_5749@hotmail.com,BH,,web,2019-01-30,free,41,f
usr_002715,Aisha,aisha_7105@outlook.sa,JO,Buraidah,car_play,2019-06-11,premium_annual,42,f
usr_002716,زينب,زينب_2455@yahoo.com,SA,Jeddah,android,11/04/2021,premium_annual,59,female
usr_002717,عائشة,عائشة_5930@outlook.sa,QA,Buraidah,ios,2023-04-22,premium_annual,17,f
usr_002718,ياسر,ياسر_7998@yahoo.com,SA,Medina,smart_speaker,2023-05-25,premium,33,female
usr_002719,عمر,,UK,Medina,smart_speaker,2021-07-11T00:00:00,premium_annual,19,M
usr_002720,عمر,عمر_1723@icloud.com,LB,Buraidah,ios,01-09-2019,trial,54,M
usr_002721,منى,منى_7753@yahoo.com,DE,Tabuk,ios,2020-10-23T00:00:00,trial,58,F
usr_002722,مريم,مريم_9144@outlook.sa,DE,,ios,11-02-2023,premium,32,
usr_002723,Khalid,khalid_3728@yahoo.com,JO,Medina,ios,04-20-2023,premium_annual,25,f
usr_002724,Khalid,khalid_3570@gmail.com,FR,Buraidah,web,29/11/2023,premium_annual,,m
usr_002725,Omar,omar_4998@outlook.sa,BH,,smart_speaker,2023-10-14,premium_annual,44,f
usr_002726,حسن,حسن_407@icloud.com,LB,,web,2020-01-16,premium_annual,,m
usr_002727,سارة,سارة_6855@gmail.com,JO,Abha,ios,2023-12-16,trial,,F
usr_002728,Abdullah,abdullah_3084@yahoo.com,UK,Tabuk,android,2021-04-08,premium,52,male
usr_002729,ريم,ريم_7359@icloud.com,SA,Taif,web,10/05/2019,premium,44,F
usr_002730,مريم,مريم_2681@icloud.com,EG,Khobar,smart_speaker,28/02/2020,free,19,
usr_002731,منى,منى_9094@yahoo.com,EG,Riyadh,car_play,2024-05-18T00:00:00,premium_annual,19,f
usr_002732,محمد,محمد_9505@icloud.com,KW,Jeddah,ios,27/09/2020,premium,56,male
usr_002733,خالد,خالد_2310@gmail.com,BH,Taif,smart_speaker,19/09/2020,premium_annual,23,m
usr_002734,Noura,noura_8685@hotmail.com,DE,Riyadh,web,2019-05-25T00:00:00,premium,,female
usr_002735,عائشة,عائشة_4744@gmail.com,AE,,smart_speaker,2021-07-18T00:00:00,trial,53,F
usr_002736,Ahmed,ahmed_4556@icloud.com,SA,Jeddah,web,2022-09-26,premium_annual,38,male
usr_002737,Reem,reem_8354@outlook.sa,DE,Mecca,car_play,21/04/2020,premium_annual,65,f
usr_002738,Hassan,hassan_7567@icloud.com,KW,Dammam,smart_speaker,2023-10-06,premium,46,F
usr_002739,حسن,حسن_1292@icloud.com,US,,web,25/06/2019,trial,36,f
usr_002740,محمد,محمد_7346@outlook.sa,LB,Mecca,android,2021-08-14,trial,60,m
usr_002741,Abdullah,abdullah_9553@gmail.com,JO,,android,21/12/2022,premium_annual,31,female
usr_002742,عبدالله,عبدالله_3570@gmail.com,LB,,android,18/10/2021,premium_annual,,male
usr_002743,عبدالله,عبدالله_1781@yahoo.com,JO,Dammam,ios,08-08-2020,trial,45,m
usr_002744,سارة,سارة_3971@outlook.sa,US,,android,2022-09-15,free,16,m
usr_002745,سارة,سارة_743@gmail.com,QA,Khobar,smart_speaker,2022-01-04T00:00:00,free,43,M
usr_002746,حسن,حسن_619@hotmail.com,QA,Tabuk,android,2019-10-08,premium,45,F
usr_002747,طارق,طارق_3304@gmail.com,QA,Jeddah,car_play,2024-02-17,free,24,
usr_002748,محمد,محمد_3756@gmail.com,DE,,car_play,2019-01-29,premium,23,f
usr_002749,Sarah,sarah_9190@outlook.sa,LB,,android,2021-01-27,premium,46,f
usr_002750,عمر,عمر_5659@hotmail.com,US,Khobar,car_play,2020-02-27,premium,,F
usr_002751,Reem,reem_8252@yahoo.com,AE,,smart_speaker,07-30-2019,trial,25,m
usr_002752,عبدالله,عبدالله_63@yahoo.com,UK,Buraidah,ios,10-24-2021,trial,20,F
usr_002753,Zainab,zainab_3659@gmail.com,DE,Dammam,android,2022-09-09,trial,49,M
usr_002754,طارق,طارق_9668@icloud.com,UK,Dammam,ios,21/07/2022,trial,35,
usr_002755,أحمد,أحمد_6371@outlook.sa,LB,Buraidah,web,14/10/2020,trial,21,male
usr_002756,منى,منى_1724@hotmail.com,SA,,android,2019-01-04,trial,51,female
usr_002757,مريم,مريم_6976@gmail.com,JO,,android,01-12-2024,trial,42,M
usr_002758,Tariq,tariq_9132@icloud.com,FR,Tabuk,web,29/09/2019,trial,60,female
usr_002759,Reem,reem_4041@outlook.sa,UK,,web,2023-07-16,trial,48,male
usr_002760,Omar,omar_9222@hotmail.com,UK,Khobar,car_play,2024-07-24T00:00:00,premium,50,f
usr_002761,حسن,حسن_6183@gmail.com,QA,Medina,web,11/11/2020,free,40,female
usr_002762,Zainab,,AE,,ios,2020-12-09T00:00:00,free,44,f
usr_002763,Mohammed,mohammed_4982@hotmail.com,JO,Dammam,smart_speaker,2024-09-11,free,40,male
usr_002764,Zainab,zainab_7578@gmail.com,FR,Taif,android,21/02/2020,premium,31,F
usr_002765,أحمد,أحمد_1081@outlook.sa,OM,Khobar,web,2022-04-06T00:00:00,trial,40,F
usr_002766,Yasser,,OM,Taif,web,2019-01-14,free,,female
usr_002767,Tariq,tariq_1096@yahoo.com,BH,,smart_speaker,2023-04-04,trial,60,F
usr_002768,Abdullah,abdullah_8361@gmail.com,QA,Tabuk,car_play,11/03/2024,trial,37,
usr_002769,نورة,نورة_6848@gmail.com,OM,Taif,car_play,2021-02-19T00:00:00,premium,35,m
usr_002770,خالد,خالد_8480@icloud.com,SA,Medina,ios,17/04/2020,premium,30,male
usr_002771,زينب,زينب_3951@outlook.sa,MA,Dammam,android,18/05/2023,premium,54,f
usr_002772,سارة,سارة_4501@yahoo.com,OM,,car_play,2020-10-30,free,46,F
usr_002773,ريم,ريم_941@outlook.sa,US,Tabuk,web,06-10-2024,trial,28,female
usr_002774,فاطمة,فاطمة_7462@outlook.sa,EG,,car_play,2020-02-10T00:00:00,premium_annual,58,f
usr_002775,منى,منى_1304@icloud.com,EG,Khobar,smart_speaker,18/04/2023,free,17,
usr_002776,Sarah,sarah_9173@icloud.com,KW,Buraidah,smart_speaker,11/02/2022,trial,23,F
usr_002777,Hassan,hassan_9554@outlook.sa,MA,,car_play,10-13-2023,trial,30,m
usr_002778,Hassan,hassan_4675@icloud.com,SA,Medina,web,06/06/2019,trial,45,M
usr_002779,عبدالله,عبدالله_998@icloud.com,OM,Dammam,car_play,2024-05-21,trial,19,female
usr_002780,Yasser,yasser_120@hotmail.com,JO,Taif,ios,22/05/2020,premium,49,m
usr_002781,فاطمة,فاطمة_7522@gmail.com,UK,Riyadh,ios,2023-03-05,premium,59,m
usr_002782,منى,منى_7834@yahoo.com,DE,Tabuk,android,08-13-2022,free,46,
usr_002783,ريم,ريم_3711@icloud.com,EG,Taif,ios,2023-08-12,premium,,F
usr_002784,حسن,حسن_4143@outlook.sa,EG,Medina,car_play,2023-09-22,trial,65,male
usr_002785,Zainab,zainab_5513@yahoo.com,AE,Abha,smart_speaker,2021-10-14T00:00:00,premium,,m
usr_002786,Noura,noura_8727@gmail.com,SA,,car_play,09/11/2021,premium,38,F
usr_002787,Hassan,hassan_647@gmail.com,AE,Mecca,android,13/10/2023,free,36,F
usr_002788,Khalid,khalid_8422@yahoo.com,UK,,smart_speaker,07/07/2022,trial,21,f
usr_002789,Reem,reem_3917@yahoo.com,EG,,car_play,19/03/2021,premium_annual,17,M
usr_002790,نورة,نورة_9426@yahoo.com,SA,,web,30/03/2023,free,,M
usr_002791,Noura,noura_6684@yahoo.com,FR,Medina,smart_speaker,17/06/2024,premium_annual,39,male
usr_002792,Mariam,mariam_4595@outlook.sa,JO,Tabuk,web,2021-06-21T00:00:00,premium_annual,20,
usr_002793,Sarah,sarah_5472@hotmail.com,OM,,web,2020-04-14T00:00:00,premium,61,
usr_002794,عائشة,عائشة_1388@hotmail.com,DE,,car_play,2019-01-10,premium_annual,45,
usr_002795,Mona,mona_4477@icloud.com,AE,Khobar,ios,19/11/2021,premium_annual,50,F
usr_002796,عمر,عمر_1280@hotmail.com,SA,Riyadh,smart_speaker,01-08-2022,free,,
usr_002797,Reem,,LB,Medina,android,09-03-2021,premium_annual,64,F
usr_002798,Sarah,sarah_4375@hotmail.com,QA,Dammam,ios,2020-11-14,premium_annual,50,M
usr_002799,Sarah,sarah_3051@icloud.com,KW,,android,17/01/2022,free,59,male
usr_002800,Aisha,aisha_4941@icloud.com,JO,Khobar,smart_speaker,2023-04-17,premium,30,m
usr_002801,عمر,عمر_1302@icloud.com,LB,Abha,car_play,10-21-2019,trial,27,
usr_002802,Aisha,aisha_3970@icloud.com,JO,Riyadh,ios,2021-01-07T00:00:00,trial,56,f
usr_002803,Hind,hind_5595@outlook.sa,KW,Tabuk,smart_speaker,2019-03-14,free,26,female
usr_002804,منى,منى_5378@gmail.com,DE,Riyadh,android,2024-01-06,free,58,F
usr_002805,Hind,hind_3411@icloud.com,SA,Medina,car_play,12/07/2019,premium_annual,47,F
usr_002806,فاطمة,فاطمة_3859@gmail.com,MA,Taif,car_play,01-06-2022,free,27,M
usr_002807,Hassan,hassan_4140@hotmail.com,EG,Tabuk,smart_speaker,10-22-2019,trial,20,M
usr_002808,Mohammed,mohammed_8909@hotmail.com,AE,,android,2020-07-07,free,20,f
usr_002809,نورة,نورة_9319@gmail.com,SA,,smart_speaker,2021-01-01,premium_annual,,f
usr_002810,Mariam,mariam_6190@gmail.com,DE,Taif,android,2021-05-13,free,24,F
usr_002811,Fatima,fatima_1896@gmail.com,EG,Tabuk,ios,29/10/2021,trial,57,F
usr_002812,مريم,مريم_1932@gmail.com,SA,Buraidah,ios,2019-10-24,premium_annual,50,f
usr_002813,Yasser,,US,,smart_speaker,07/09/2019,premium_annual,39,female
usr_002814,منى,منى_5247@icloud.com,DE,,web,2021-07-10T00:00:00,trial,21,
usr_002815,Fatima,fatima_8672@yahoo.com,LB,,smart_speaker,09/06/2021,premium_annual,65,M
usr_002816,حسن,حسن_8923@hotmail.com,SA,,ios,18/05/2021,free,,female
usr_002817,Hassan,hassan_7114@yahoo.com,DE,,smart_speaker,2021-04-08,premium,37,M
usr_002818,عمر,عمر_8306@hotmail.com,AE,Dammam,smart_speaker,08/04/2021,premium,17,m
usr_002819,عائشة,عائشة_7033@gmail.com,AE,Khobar,car_play,2019-02-23,free,60,F
usr_002820,Fahad,fahad_1520@gmail.com,KW,Tabuk,car_play,2024-03-17T00:00:00,free,,m
usr_002821,Aisha,aisha_6247@outlook.sa,MA,Riyadh,car_play,2023-11-10,trial,39,
usr_002822,طارق,طارق_4491@outlook.sa,UK,,ios,08-09-2023,premium_annual,31,male
usr_002823,نورة,نورة_5617@hotmail.com,OM,Tabuk,car_play,03-26-2024,trial,64,F
usr_002824,Reem,reem_7872@gmail.com,AE,Riyadh,car_play,07-08-2021,premium_annual,19,f
usr_002825,Reem,reem_2308@hotmail.com,SA,Abha,smart_speaker,2023-04-06,premium,53,female
usr_002826,Reem,reem_3771@icloud.com,DE,Tabuk,android,12/11/2022,free,51,f
usr_002827,سارة,سارة_438@icloud.com,LB,Jeddah,car_play,17/06/2023,premium,28,male
usr_002828,Aisha,aisha_8172@outlook.sa,MA,Mecca,web,2019-09-08,trial,60,male
usr_002829,Fatima,fatima_4756@hotmail.com,SA,Medina,smart_speaker,2020-01-22,premium_annual,56,F
usr_002830,نورة,نورة_9564@yahoo.com,AE,Dammam,car_play,01/06/2024,free,38,male
usr_002831,نورة,نورة_5532@icloud.com,AE,Taif,smart_speaker,2021-04-22,trial,30,male
usr_002832,منى,منى_6969@yahoo.com,UK,Dammam,web,10-30-2021,trial,41,m
usr_002833,سلطان,,UK,Taif,web,02-27-2023,premium_annual,45,M
usr_002834,خالد,خالد_8627@gmail.com,JO,Medina,car_play,06/12/2023,trial,23,F
usr_002835,Hassan,hassan_6753@gmail.com,BH,Taif,android,2024-08-20,trial,43,F
usr_002836,Hind,hind_1768@outlook.sa,EG,,web,2023-02-02,premium_annual,32,M
usr_002837,Hind,hind_7578@hotmail.com,MA,Jeddah,android,2019-05-14,premium,36,m
usr_002838,Fahad,fahad_7516@outlook.sa,AE,Abha,smart_speaker,03/02/2019,free,40,f
usr_002839,Hind,hind_4447@outlook.sa,MA,,web,2020-01-29,free,16,f
usr_002840,أحمد,أحمد_6593@yahoo.com,FR,Buraidah,smart_speaker,2020-10-17,premium_annual,34,M
usr_002841,طارق,طارق_5227@icloud.com,JO,,car_play,28/10/2021,free,31,m
usr_002842,عمر,عمر_9497@icloud.com,SA,Jeddah,car_play,2019-02-24,free,,F
usr_002843,ياسر,ياسر_8584@outlook.sa,US,Dammam,ios,2020-09-21,premium,,M
usr_002844,نورة,نورة_2725@hotmail.com,FR,,smart_speaker,2023-10-04,trial,41,F
usr_002845,Mariam,mariam_975@outlook.sa,SA,,android,2019-10-05,trial,55,f
usr_002846,Tariq,tariq_3550@yahoo.com,LB,,android,2020-09-25,premium_annual,61,female
usr_002847,Lamia,lamia_5306@yahoo.com,MA,Buraidah,android,06-19-2024,premium,39,male
usr_002848,سارة,,AE,,ios,2021-06-24,free,51,female
usr_002849,زينب,,DE,,car_play,08-04-2023,premium_annual,,female
usr_002850,Sultan,sultan_4503@yahoo.com,FR,Taif,ios,11/09/2024,free,55,M
usr_002851,فاطمة,فاطمة_4432@icloud.com,QA,Riyadh,car_play,17/05/2022,premium,51,
usr_002852,Mohammed,mohammed_915@icloud.com,US,Khobar,smart_speaker,2024-07-13,free,,female
usr_002853,سارة,سارة_7407@hotmail.com,EG,Tabuk,smart_speaker,2022-08-22,premium,39,male
usr_002854,سارة,سارة_6229@hotmail.com,QA,,web,2020-03-31,premium_annual,59,M
usr_002855,منى,منى_2278@yahoo.com,UK,Tabuk,ios,12/06/2019,premium_annual,46,f
usr_002856,ريم,ريم_891@icloud.com,BH,Dammam,car_play,29/03/2022,free,22,
usr_002857,منى,منى_5037@gmail.com,LB,Medina,android,2021-10-20,free,26,F
usr_002858,سارة,سارة_7090@icloud.com,DE,Dammam,car_play,11/11/2022,trial,44,male
usr_002859,Mariam,mariam_5900@gmail.com,UK,,smart_speaker,08-19-2022,premium_annual,48,female
usr_002860,أحمد,أحمد_2880@yahoo.com,OM,Medina,web,07/07/2021,premium,44,m
usr_002861,منى,منى_100@yahoo.com,FR,Medina,web,2024-09-14,free,63,female
usr_002862,Abdullah,abdullah_8562@gmail.com,MA,Jeddah,android,03/10/2022,trial,39,f
usr_002863,Reem,reem_2487@yahoo.com,AE,Buraidah,smart_speaker,2020-02-27,trial,21,m
usr_002864,Mona,mona_4826@hotmail.com,EG,Medina,car_play,14/12/2023,free,49,male
usr_002865,لمياء,لمياء_7706@yahoo.com,MA,Medina,smart_speaker,08-30-2023,trial,49,m
usr_002866,Yasser,yasser_5032@yahoo.com,LB,Taif,web,22/05/2024,premium,,m
usr_002867,Ahmed,ahmed_454@yahoo.com,BH,Dammam,smart_speaker,06/01/2024,free,60,
usr_002868,Hassan,hassan_6019@icloud.com,DE,,smart_speaker,21/05/2022,trial,39,m
usr_002869,عائشة,عائشة_3962@outlook.sa,FR,Taif,android,2021-07-19,premium_annual,35,M
usr_002870,نورة,نورة_3307@hotmail.com,DE,Taif,ios,2021-12-07T00:00:00,premium,36,
usr_002871,سارة,سارة_5455@gmail.com,DE,Dammam,car_play,2024-03-20,trial,47,f
usr_002872,عبدالله,عبدالله_729@outlook.sa,SA,,smart_speaker,2019-05-17,trial,34,male
usr_002873,Yasser,yasser_3409@hotmail.com,UK,Medina,ios,01-13-2021,trial,53,
usr_002874,Abdullah,abdullah_4408@hotmail.com,OM,,ios,2023-01-14,trial,28,f
usr_002875,نورة,نورة_6365@gmail.com,US,,android,2022-07-01,premium,57,female
usr_002876,Omar,omar_3886@gmail.com,DE,Jeddah,ios,2022-08-01,premium,16,male
usr_002877,نورة,نورة_3217@yahoo.com,SA,Riyadh,web,2024-04-22,trial,58,F
usr_002878,زينب,زينب_9091@gmail.com,LB,,car_play,09/09/2021,premium_annual,55,m
usr_002879,عمر,عمر_5892@outlook.sa,UK,,android,23/06/2019,free,63,F
usr_002880,عمر,عمر_430@gmail.com,JO,,ios,2022-05-30T00:00:00,premium_annual,41,male
usr_002881,ياسر,ياسر_9679@outlook.sa,FR,,android,2023-06-18,premium,34,F
usr_002882,Zainab,zainab_1721@gmail.com,FR,Buraidah,smart_speaker,06/09/2021,free,31,female
usr_002883,Fahad,,LB,Dammam,android,01-08-2020,premium,42,f
usr_002884,Hind,hind_2235@hotmail.com,QA,,android,2022-03-23,premium,17,F
usr_002885,سارة,سارة_2121@outlook.sa,LB,,android,2019-03-03,premium,31,male
usr_002886,Reem,reem_5500@hotmail.com,DE,Khobar,smart_speaker,2020-01-28,free,47,female
usr_002887,زينب,زينب_2554@outlook.sa,MA,,android,2022-01-31,premium,45,F
usr_002888,أحمد,أحمد_6425@hotmail.com,BH,Dammam,smart_speaker,03-19-2024,premium,62,male
usr_002889,زينب,زينب_2386@yahoo.com,OM,,car_play,2021-03-21T00:00:00,trial,45,F
usr_002890,نورة,نورة_9733@hotmail.com,KW,Dammam,car_play,2019-09-20,premium,62,
usr_002891,Sarah,sarah_5536@icloud.com,SA,Abha,ios,12-24-2020,premium_annual,18,f
usr_002892,فهد,فهد_4123@yahoo.com,EG,Riyadh,car_play,19/10/2020,premium,30,
usr_002893,منى,منى_4561@gmail.com,OM,,web,02-13-2021,premium,49,female
usr_002894,أحمد,أحمد_9492@yahoo.com,OM,Khobar,car_play,30/03/2019,premium_annual,,f
usr_002895,Sarah,sarah_230@gmail.com,JO,Tabuk,ios,15/01/2021,trial,35,m
usr_002896,حسن,حسن_1606@yahoo.com,LB,Khobar,smart_speaker,2022-12-04T00:00:00,premium_annual,,f
usr_002897,Khalid,khalid_2133@yahoo.com,DE,,web,2019-01-03,free,63,f
usr_002898,هند,,EG,Abha,smart_speaker,2023-08-09,free,52,
usr_002899,Fahad,fahad_1531@icloud.com,LB,Medina,web,2023-07-15,free,63,M
usr_002900,طارق,طارق_1101@yahoo.com,BH,Riyadh,android,07-10-2021,trial,,F
usr_002901,Tariq,tariq_8741@hotmail.com,US,,car_play,04/10/2022,premium_annual,20,f
usr_002902,منى,منى_4616@outlook.sa,LB,Tabuk,smart_speaker,07-04-2023,trial,26,m
usr_002903,عبدالله,عبدالله_652@gmail.com,UK,Dammam,web,2019-05-03,premium_annual,16,male
usr_002904,عائشة,عائشة_7904@yahoo.com,UK,Riyadh,ios,2020-03-05,premium_annual,20,
usr_002905,سارة,سارة_1170@yahoo.com,MA,Riyadh,web,2023-12-05,premium,,female
usr_002906,أحمد,أحمد_4498@hotmail.com,AE,Khobar,web,28/10/2019,free,39,f
usr_002907,Mona,mona_5861@gmail.com,QA,Taif,android,2019-03-05,premium_annual,37,female
usr_002908,Fatima,fatima_848@hotmail.com,AE,Mecca,car_play,2020-06-22,trial,37,M
usr_002909,Lamia,lamia_3405@yahoo.com,MA,Jeddah,ios,2024-04-12,trial,42,male
usr_002910,خالد,خالد_5698@hotmail.com,AE,,ios,2024-08-05,trial,20,F
usr_002911,هند,هند_5258@hotmail.com,QA,,car_play,05-11-2019,trial,18,f
usr_002912,سلطان,سلطان_245@icloud.com,UK,Buraidah,android,08-19-2021,free,53,M
usr_002913,حسن,حسن_7401@gmail.com,DE,Dammam,car_play,2024-08-30,trial,35,f
usr_002914,Omar,omar_4337@hotmail.com,QA,,ios,2021-11-18,premium,32,f
usr_002915,Yasser,yasser_7166@yahoo.com,LB,Jeddah,ios,2023-11-11,premium_annual,,
usr_002916,لمياء,,UK,Abha,smart_speaker,02/04/2024,premium,45,female
usr_002917,أحمد,أحمد_8247@icloud.com,DE,Khobar,ios,05/07/2020,premium,64,M
usr_002918,Yasser,yasser_1375@outlook.sa,US,Jeddah,smart_speaker,2021-10-16,premium,36,f
usr_002919,مريم,,EG,,ios,2023-07-02,free,16,f
usr_002920,فاطمة,,SA,,smart_speaker,2024-05-09T00:00:00,premium,29,F
usr_002921,Fatima,fatima_7016@gmail.com,DE,,web,2023-07-15,free,17,f
usr_002922,أحمد,أحمد_6818@icloud.com,KW,Buraidah,car_play,07/08/2019,free,39,female
usr_002923,Fahad,fahad_4281@hotmail.com,EG,Riyadh,web,2022-03-25T00:00:00,free,54,f
usr_002924,Aisha,aisha_1796@yahoo.com,MA,,android,2020-04-26,trial,32,m
usr_002925,زينب,زينب_1534@gmail.com,DE,Abha,web,01-17-2024,premium_annual,,f
usr_002926,Sultan,sultan_5447@outlook.sa,OM,Dammam,android,2021-03-26,premium_annual,,m
usr_002927,Ahmed,ahmed_3489@outlook.sa,JO,Tabuk,smart_speaker,03-21-2021,premium_annual,46,male
usr_002928,Fahad,fahad_4149@gmail.com,DE,Abha,smart_speaker,2021-12-13,premium,16,m
usr_002929,Sultan,sultan_51@hotmail.com,US,Riyadh,car_play,31/12/2019,premium,32,M
usr_002930,عائشة,عائشة_8762@yahoo.com,AE,,smart_speaker,2024-03-15,free,47,female
usr_002931,زينب,زينب_4734@outlook.sa,UK,Dammam,android,23/02/2022,premium,60,
usr_002932,ياسر,ياسر_317@hotmail.com,LB,Tabuk,web,04/06/2019,premium_annual,21,f
usr_002933,Hassan,hassan_9440@hotmail.com,FR,Buraidah,smart_speaker,21/10/2021,premium_annual,54,M
usr_002934,هند,هند_4976@yahoo.com,BH,,android,09/08/2023,trial,40,
usr_002935,ريم,ريم_7666@icloud.com,QA,Mecca,ios,10/09/2022,premium,27,f
usr_002936,سلطان,سلطان_7268@yahoo.com,US,Riyadh,web,2024-07-18,free,17,f
usr_002937,محمد,محمد_6195@outlook.sa,FR,Buraidah,smart_speaker,2023-08-02,premium,24,f
usr_002938,خالد,خالد_4105@gmail.com,US,Medina,web,2021-06-14,free,52,m
usr_002939,ياسر,ياسر_9875@gmail.com,LB,Medina,web,2021-11-05T00:00:00,trial,24,m
usr_002940,Omar,omar_3300@gmail.com,JO,Buraidah,ios,2021-07-02T00:00:00,free,61,m
usr_002941,Reem,reem_4541@yahoo.com,AE,Taif,android,14/07/2021,premium_annual,64,M
usr_002942,Hind,hind_2371@yahoo.com,SA,Medina,android,05-31-2022,premium,,F
usr_002943,منى,منى_5455@yahoo.com,SA,Khobar,android,13/09/2024,premium_annual,56,f
usr_002944,ياسر,ياسر_1114@yahoo.com,KW,,smart_speaker,27/01/2024,premium_annual,,male
usr_002945,عبدالله,عبدالله_4510@icloud.com,DE,,android,18/07/2022,premium_annual,42,male
usr_002946,Fatima,fatima_3326@gmail.com,DE,Medina,smart_speaker,2023-01-21,free,,f
usr_002947,Ahmed,ahmed_1007@icloud.com,KW,Taif,android,16/04/2019,premium_annual,57,female
usr_002948,ياسر,ياسر_5382@yahoo.com,SA,Medina,smart_speaker,04-24-2024,free,23,F
usr_002949,عبدالله,عبدالله_8973@outlook.sa,JO,,smart_speaker,2020-11-19,premium,,M
usr_002950,Zainab,,JO,Khobar,web,20/09/2024,premium,35,f
usr_002951,لمياء,لمياء_4260@outlook.sa,FR,Taif,android,30/11/2023,free,,m
usr_002952,Ahmed,ahmed_4466@hotmail.com,LB,Dammam,car_play,11-04-2020,trial,,male
usr_002953,Reem,reem_2487@yahoo.com,AE,Buraidah,smart_speaker,2021-07-23,trial,21,m
usr_002954,Hassan,hassan_9142@icloud.com,SA,Abha,smart_speaker,2023-04-27,premium,32,f
usr_002955,عمر,عمر_7298@icloud.com,JO,Taif,ios,21/03/2024,premium_annual,23,
usr_002956,Reem,reem_8644@outlook.sa,BH,Riyadh,android,2024-04-24T00:00:00,free,23,female
usr_002957,Mariam,mariam_8565@icloud.com,US,,smart_speaker,15/06/2023,trial,63,M
usr_002958,فاطمة,فاطمة_6633@icloud.com,EG,Abha,ios,2021-01-12,trial,21,f
usr_002959,مريم,مريم_6072@hotmail.com,BH,,android,31/07/2020,free,17,
usr_002960,لمياء,لمياء_2107@yahoo.com,JO,,ios,2021-09-06T00:00:00,free,36,m
usr_002961,عبدالله,عبدالله_9891@gmail.com,JO,,smart_speaker,09-26-2022,trial,43,f
usr_002962,مريم,مريم_3219@hotmail.com,EG,,android,2022-05-04,premium_annual,16,
usr_002963,Abdullah,abdullah_542@gmail.com,KW,Medina,smart_speaker,2020-12-17,trial,54,M
usr_002964,ريم,ريم_1562@outlook.sa,SA,Taif,android,2024-01-14,premium_annual,27,M
usr_002965,ياسر,ياسر_3162@outlook.sa,FR,Taif,car_play,09-12-2022,premium,43,F
usr_002966,عائشة,عائشة_340@hotmail.com,EG,,android,2024-10-08,premium_annual,31,m
usr_002967,حسن,حسن_2297@gmail.com,AE,Dammam,web,04-21-2022,trial,29,f
usr_002968,زينب,زينب_3393@icloud.com,JO,Jeddah,ios,2020-11-25,premium,29,m
usr_002969,محمد,محمد_6022@icloud.com,OM,,smart_speaker,17/06/2019,trial,,m
usr_002970,Ahmed,ahmed_5085@gmail.com,SA,,web,2019-05-22,premium_annual,49,M
usr_002971,ريم,ريم_6821@gmail.com,OM,Mecca,android,28/01/2022,free,22,M
usr_002972,فاطمة,فاطمة_9753@gmail.com,MA,Buraidah,ios,16/06/2020,free,34,M
usr_002973,Omar,omar_9404@yahoo.com,LB,Tabuk,ios,16/03/2019,free,20,female
usr_002974,Tariq,tariq_296@icloud.com,EG,Buraidah,web,2021-06-06,premium_annual,28,f
usr_002975,زينب,زينب_6784@gmail.com,AE,Khobar,android,2019-08-29T00:00:00,free,27,
usr_002976,Hind,hind_9764@outlook.sa,SA,Medina,car_play,03-13-2019,premium_annual,22,f
usr_002977,Hind,hind_1635@gmail.com,US,Khobar,android,2024-01-20T00:00:00,free,31,m
usr_002978,Hassan,hassan_5903@hotmail.com,AE,,web,2023-12-10,trial,61,M
usr_002979,أحمد,أحمد_8435@icloud.com,MA,,web,08-14-2020,premium_annual,28,m
usr_002980,عبدالله,عبدالله_2514@gmail.com,OM,,car_play,15/04/2024,trial,60,male
usr_002981,Abdullah,abdullah_3095@yahoo.com,SA,,web,2024-02-23,free,16,male
usr_002982,أحمد,أحمد_39@gmail.com,QA,Khobar,web,2023-05-02,free,65,f
usr_002983,زينب,زينب_4660@yahoo.com,KW,Mecca,car_play,2020-02-29,trial,39,female
usr_002984,أحمد,أحمد_3126@hotmail.com,AE,Buraidah,web,2023-12-30,free,43,M
usr_002985,أحمد,أحمد_9813@outlook.sa,UK,Dammam,smart_speaker,2021-08-17T00:00:00,free,40,
usr_002986,عبدالله,عبدالله_2699@hotmail.com,BH,,ios,2019-09-05,free,53,
usr_002987,Reem,reem_3060@hotmail.com,LB,,android,2023-05-18,trial,22,male
usr_002988,Mohammed,mohammed_7974@yahoo.com,US,Riyadh,web,18/12/2020,premium,62,m
usr_002989,عبدالله,عبدالله_7144@icloud.com,BH,Khobar,smart_speaker,12/01/2022,trial,17,f
usr_002990,Omar,omar_9552@gmail.com,OM,,car_play,2019-07-26T00:00:00,free,37,M
usr_002991,خالد,خالد_2303@hotmail.com,AE,Dammam,car_play,10-04-2023,premium_annual,65,m
usr_002992,Hassan,hassan_1247@outlook.sa,KW,Jeddah,android,2019-04-03,premium_annual,35,f
usr_002993,عمر,,UK,Riyadh,android,2021-09-27,free,33,
usr_002994,طارق,طارق_4954@yahoo.com,KW,Mecca,smart_speaker,13/05/2021,trial,59,M
usr_002995,Fatima,fatima_386@hotmail.com,EG,Medina,car_play,2020-06-29T00:00:00,trial,57,female
usr_002996,Tariq,tariq_5009@gmail.com,AE,Riyadh,smart_speaker,2023-07-09,trial,55,m
usr_002997,زينب,زينب_6732@icloud.com,SA,,smart_speaker,2023-07-09,free,55,
usr_002998,Fahad,fahad_746@gmail.com,AE,Abha,ios,12-29-2022,premium_annual,60,male
usr_002999,Reem,reem_3477@gmail.com,EG,,ios,12-18-2019,trial,63,
usr_003000,سلطان,سلطان_1836@icloud.com,LB,,car_play,2024-06-15,premium_annual,23,M
usr_003001,سارة,سارة_8106@gmail.com,OM,Taif,smart_speaker,2021-09-09,free,35,F
usr_003002,عائشة,,UK,Buraidah,android,05-23-2022,trial,,male
usr_003003,Mona,mona_1073@gmail.com,FR,,car_play,2023-01-02,premium_annual,33,M
usr_003004,Noura,noura_4525@yahoo.com,BH,Mecca,smart_speaker,2024-09-15,trial,19,male
usr_003005,مريم,مريم_8586@gmail.com,EG,Dammam,smart_speaker,22/02/2024,trial,34,
usr_003006,فهد,فهد_7583@hotmail.com,UK,,ios,09/04/2022,free,47,male
usr_003007,منى,منى_9785@outlook.sa,US,,smart_speaker,2022-12-12,free,44,f
usr_003008,Mohammed,mohammed_323@gmail.com,JO,Medina,ios,2022-10-13,premium,38,m
usr_003009,فهد,فهد_4233@gmail.com,OM,Dammam,web,03/01/2023,free,34,f
usr_003010,Lamia,lamia_3540@outlook.sa,QA,Dammam,android,2022-06-15,free,19,male
usr_003011,نورة,نورة_6161@yahoo.com,KW,,ios,21/07/2023,premium_annual,42,M
usr_003012,ريم,ريم_2635@gmail.com,UK,Tabuk,car_play,18/05/2019,premium,19,male
usr_003013,محمد,محمد_9662@icloud.com,KW,Riyadh,smart_speaker,2023-06-05,premium_annual,55,M
usr_003014,زينب,زينب_6149@outlook.sa,EG,,web,2020-11-29,free,42,F
usr_003015,Mona,mona_5162@gmail.com,MA,Buraidah,android,05/05/2020,trial,,m
usr_003016,نورة,نورة_2941@gmail.com,JO,,web,2021-05-17,premium,,f
usr_003017,لمياء,لمياء_9789@yahoo.com,LB,Tabuk,smart_speaker,2020-08-10,premium_annual,62,female
usr_003018,Aisha,aisha_7377@hotmail.com,LB,,car_play,2024-04-13,free,20,
usr_003019,Aisha,aisha_3646@yahoo.com,KW,Abha,smart_speaker,09-08-2020,premium_annual,,male
usr_003020,حسن,حسن_6540@icloud.com,QA,Medina,ios,15/02/2022,premium,41,f
usr_003021,زينب,زينب_9353@outlook.sa,SA,Medina,smart_speaker,11/10/2021,free,55,
usr_003022,حسن,حسن_7001@yahoo.com,QA,Buraidah,ios,2019-07-26,premium_annual,45,
usr_003023,سارة,سارة_5266@outlook.sa,DE,,android,2019-05-15,premium,27,
usr_003024,مريم,مريم_5854@gmail.com,AE,Riyadh,smart_speaker,2023-06-16,premium_annual,62,F
usr_003025,Abdullah,abdullah_8051@icloud.com,OM,Khobar,car_play,19/10/2019,premium,27,
usr_003026,حسن,حسن_2328@yahoo.com,BH,Jeddah,car_play,2020-08-20,trial,46,female
usr_003027,لمياء,لمياء_5965@icloud.com,FR,Mecca,smart_speaker,24/10/2020,trial,,m
usr_003028,Sarah,sarah_7732@icloud.com,BH,Jeddah,web,04-03-2021,premium,42,m
usr_003029,Tariq,tariq_331@gmail.com,UK,,car_play,2023-03-11,premium,,m
usr_003030,ريم,ريم_7416@gmail.com,QA,Jeddah,android,27/05/2019,trial,27,female
usr_003031,Aisha,aisha_4561@icloud.com,OM,Abha,smart_speaker,2023-07-28T00:00:00,premium,62,f
usr_003032,Mohammed,mohammed_7723@hotmail.com,DE,,ios,01/08/2020,premium_annual,22,f
usr_003033,Mohammed,mohammed_9828@icloud.com,LB,,web,04/09/2024,free,30,female
usr_003034,Noura,noura_7929@yahoo.com,MA,Tabuk,smart_speaker,10/09/2022,premium,60,f
usr_003035,Reem,reem_2393@yahoo.com,SA,,smart_speaker,15/07/2022,premium,27,m
usr_003036,عبدالله,عبدالله_6916@gmail.com,LB,Medina,car_play,05/06/2023,premium_annual,30,F
usr_003037,Khalid,khalid_2441@icloud.com,EG,Medina,smart_speaker,2022-10-28,free,21,m
usr_003038,سارة,سارة_9394@gmail.com,MA,,car_play,2019-01-16T00:00:00,premium_annual,37,male
usr_003039,عبدالله,عبدالله_6197@outlook.sa,UK,,web,2024-09-14,premium_annual,64,m
usr_003040,ياسر,ياسر_1007@hotmail.com,KW,Medina,web,17/08/2023,premium_annual,34,F
usr_003041,Hind,hind_9947@gmail.com,FR,Tabuk,android,2021-10-28,free,46,
usr_003042,نورة,نورة_4941@hotmail.com,US,Buraidah,smart_speaker,2020-08-17T00:00:00,premium,21,f
usr_003043,خالد,خالد_1654@gmail.com,US,Khobar,car_play,15/04/2021,premium,36,M
usr_003044,خالد,خالد_1435@hotmail.com,OM,Mecca,web,2022-05-07T00:00:00,premium,,female
usr_003045,سارة,سارة_5706@yahoo.com,JO,Khobar,web,04-09-2023,premium,56,f
usr_003046,Fahad,fahad_535@outlook.sa,LB,Buraidah,web,2020-07-30,premium_annual,60,M
usr_003047,مريم,مريم_6843@icloud.com,US,,car_play,03-02-2024,free,27,male
usr_003048,سارة,,EG,Mecca,smart_speaker,10/09/2023,trial,40,M
usr_003049,محمد,محمد_7932@hotmail.com,EG,Dammam,smart_speaker,2021-07-16T00:00:00,premium_annual,42,m
usr_003050,Hassan,hassan_4958@gmail.com,US,Buraidah,smart_speaker,02-01-2024,premium,43,female
usr_003051,سلطان,سلطان_6178@outlook.sa,LB,,smart_speaker,11/03/2021,premium_annual,51,female
usr_003052,Fahad,fahad_5958@yahoo.com,BH,,smart_speaker,2020-04-24,premium_annual,16,male
usr_003053,لمياء,لمياء_801@hotmail.com,MA,,android,2021-08-16T00:00:00,trial,34,male
usr_003054,أحمد,أحمد_5778@outlook.sa,BH,Riyadh,android,14/06/2020,premium_annual,26,m
usr_003055,سارة,سارة_5058@hotmail.com,OM,Khobar,car_play,18/10/2023,free,45,
usr_003056,لمياء,لمياء_3713@outlook.sa,UK,Tabuk,smart_speaker,29/08/2020,premium,22,M
usr_003057,Khalid,khalid_9781@yahoo.com,OM,,car_play,05-19-2021,premium_annual,19,female
usr_003058,ريم,ريم_1002@icloud.com,MA,,android,2021-12-15,premium_annual,56,male
usr_003059,Abdullah,abdullah_5116@icloud.com,UK,Dammam,ios,10/05/2022,premium_annual,62,
usr_003060,فهد,فهد_9016@yahoo.com,JO,Medina,ios,2020-08-25T00:00:00,premium_annual,58,f
usr_003061,Tariq,,SA,,smart_speaker,2021-10-27,trial,58,f
usr_003062,Sultan,sultan_4636@gmail.com,JO,Mecca,web,2022-12-19,trial,62,M
usr_003063,زينب,زينب_2483@hotmail.com,SA,Khobar,ios,24/07/2019,premium,16,F
usr_003064,منى,منى_2892@icloud.com,MA,Khobar,web,2022-05-29,premium_annual,46,m
usr_003065,هند,هند_5134@outlook.sa,LB,Dammam,smart_speaker,2024-07-18T00:00:00,premium,31,
usr_003066,زينب,زينب_689@hotmail.com,UK,Mecca,ios,2023-08-25,premium,29,M
usr_003067,Lamia,lamia_9530@gmail.com,BH,Buraidah,android,2021-11-09T00:00:00,premium_annual,23,female
usr_003068,Hassan,hassan_4073@icloud.com,EG,Jeddah,ios,2021-09-06,premium_annual,21,
usr_003069,ريم,ريم_1099@icloud.com,EG,Taif,ios,02-10-2021,free,17,m
usr_003070,Zainab,zainab_7859@gmail.com,DE,Khobar,smart_speaker,2021-09-14,premium_annual,38,female
usr_003071,منى,منى_3029@icloud.com,EG,Buraidah,smart_speaker,2021-02-14,premium,17,f
usr_003072,عبدالله,عبدالله_7781@yahoo.com,MA,Khobar,ios,2020-08-12,free,17,f
usr_003073,ياسر,ياسر_3958@icloud.com,OM,Jeddah,ios,2020-07-21,trial,46,F
usr_003074,Khalid,khalid_3546@yahoo.com,LB,Dammam,web,22/04/2023,trial,55,m
usr_003075,Mohammed,mohammed_1204@gmail.com,US,,web,18/09/2022,premium_annual,35,m
usr_003076,مريم,مريم_7639@gmail.com,BH,Dammam,ios,2019-08-22,trial,55,m
usr_003077,محمد,محمد_3422@hotmail.com,SA,Jeddah,ios,14/09/2021,premium,24,m
usr_003078,خالد,خالد_7341@yahoo.com,OM,,ios,03/02/2024,premium,45,M
usr_003079,محمد,محمد_2961@hotmail.com,OM,Tabuk,smart_speaker,2021-05-16,trial,55,m
usr_003080,سارة,سارة_3508@yahoo.com,OM,Khobar,car_play,08/09/2023,premium,39,female
usr_003081,Ahmed,ahmed_9560@icloud.com,QA,,ios,2022-08-28T00:00:00,premium_annual,29,
usr_003082,طارق,طارق_4786@icloud.com,OM,Medina,smart_speaker,2020-12-19,trial,38,f
usr_003083,طارق,طارق_5986@gmail.com,EG,Buraidah,smart_speaker,2022-08-10,premium_annual,20,M
usr_003084,Khalid,khalid_6764@icloud.com,JO,Dammam,smart_speaker,16/07/2020,premium_annual,55,female
usr_003085,Tariq,tariq_111@outlook.sa,BH,Dammam,car_play,2022-05-11,premium_annual,,male
usr_003086,Noura,noura_453@icloud.com,KW,Dammam,ios,2019-01-01,premium,30,m
usr_003087,ياسر,ياسر_2203@outlook.sa,EG,Jeddah,web,2022-02-27,trial,46,f
usr_003088,مريم,مريم_9803@hotmail.com,UK,,web,2022-09-08T00:00:00,premium,30,male
usr_003089,Hind,hind_4447@outlook.sa,MA,,web,2019-10-02,free,16,f
usr_003090,أحمد,,FR,Taif,ios,2019-10-17,premium,25,F
usr_003091,Ahmed,ahmed_5153@gmail.com,QA,Khobar,car_play,2020-01-30T00:00:00,trial,22,m
usr_003092,Omar,omar_8517@hotmail.com,QA,,web,2023-01-23,premium_annual,33,F
usr_003093,Abdullah,,LB,Tabuk,web,15/09/2024,premium_annual,45,m
usr_003094,سلطان,,MA,Khobar,smart_speaker,2020-05-04T00:00:00,trial,44,
usr_003095,طارق,طارق_9617@yahoo.com,AE,Khobar,ios,05/07/2023,premium,32,
usr_003096,عمر,عمر_8817@hotmail.com,JO,Riyadh,smart_speaker,14/01/2023,premium,42,m
usr_003097,طارق,طارق_342@icloud.com,US,Tabuk,ios,2021-10-28,free,,f
usr_003098,Lamia,lamia_5988@icloud.com,UK,,car_play,2019-04-22,free,65,female
usr_003099,طارق,,JO,Taif,web,03-08-2021,free,50,f
usr_003100,Abdullah,abdullah_1966@hotmail.com,BH,,car_play,2019-12-29,premium_annual,26,F
usr_003101,Mona,mona_205@outlook.sa,DE,,android,30/11/2019,trial,65,m
usr_003102,Abdullah,abdullah_3146@hotmail.com,KW,,car_play,2019-06-17,premium,19,male
usr_003103,Sultan,sultan_9892@outlook.sa,LB,,car_play,2021-09-06,free,32,m
usr_003104,Khalid,,SA,,android,2022-04-06,premium_annual,33,
usr_003105,Sultan,sultan_3909@outlook.sa,JO,Mecca,web,2021-07-03,free,19,
usr_003106,Abdullah,abdullah_8160@hotmail.com,BH,Khobar,car_play,22/09/2022,free,48,F
usr_003107,Fatima,fatima_6856@icloud.com,OM,,smart_speaker,30/09/2020,premium,,female
usr_003108,Fahad,fahad_4389@gmail.com,JO,,smart_speaker,2020-07-14,trial,56,f
usr_003109,ريم,ريم_5451@gmail.com,US,,ios,2020-06-07T00:00:00,premium,54,female
usr_003110,Abdullah,abdullah_8629@yahoo.com,LB,,car_play,06-27-2020,premium_annual,58,f
usr_003111,Ahmed,ahmed_4733@outlook.sa,QA,,web,2020-08-23,premium,44,
usr_003112,Yasser,yasser_5335@gmail.com,FR,Medina,web,2019-01-08,trial,39,female
usr_003113,فهد,فهد_8383@icloud.com,LB,Tabuk,web,07-27-2022,trial,17,m
usr_003114,ريم,ريم_9765@gmail.com,BH,,car_play,18/04/2022,trial,49,F
usr_003115,Omar,omar_4119@hotmail.com,KW,Dammam,web,2023-12-13,free,49,f
usr_003116,ريم,ريم_7460@hotmail.com,SA,Jeddah,car_play,28/04/2024,trial,46,M
usr_003117,Sarah,sarah_3705@yahoo.com,KW,Riyadh,car_play,28/06/2024,premium_annual,28,f
usr_003118,Reem,reem_2607@gmail.com,LB,Khobar,ios,2021-01-04T00:00:00,free,38,
usr_003119,Hassan,hassan_4429@hotmail.com,LB,Taif,android,16/05/2020,premium_annual,57,M
usr_003120,هند,هند_3203@hotmail.com,QA,Abha,ios,2022-07-31,trial,16,male
usr_003121,فهد,فهد_4539@hotmail.com,FR,Riyadh,ios,2021-06-02,free,64,female
usr_003122,Mohammed,mohammed_8451@outlook.sa,DE,,web,16/04/2022,premium_annual,31,
usr_003123,Noura,noura_5994@outlook.sa,MA,,car_play,2019-12-09,trial,20,M
usr_003124,Noura,noura_7713@hotmail.com,QA,Buraidah,web,08-22-2024,premium,44,female
usr_003125,زينب,زينب_7595@outlook.sa,LB,Jeddah,smart_speaker,12/05/2021,trial,19,M
usr_003126,منى,منى_4785@yahoo.com,FR,Buraidah,ios,2019-04-24,premium_annual,19,male
usr_003127,Omar,omar_7725@yahoo.com,BH,Abha,android,11/08/2023,premium_annual,44,f
usr_003128,ياسر,ياسر_3718@gmail.com,KW,Buraidah,ios,08/02/2023,premium,28,
usr_003129,Sarah,sarah_1417@gmail.com,KW,Mecca,smart_speaker,09/05/2019,free,40,
usr_003130,فهد,فهد_9434@hotmail.com,OM,Tabuk,web,2022-12-06,premium_annual,30,
usr_003131,Ahmed,ahmed_3381@outlook.sa,OM,Medina,android,2022-12-20T00:00:00,premium,32,female
usr_003132,فاطمة,فاطمة_4983@outlook.sa,MA,Khobar,web,05-27-2024,premium,34,f
usr_003133,حسن,حسن_7372@icloud.com,SA,Mecca,smart_speaker,2020-08-26,free,57,female
usr_003134,Reem,reem_1133@gmail.com,EG,Khobar,smart_speaker,2024-09-26,premium_annual,52,m
usr_003135,نورة,نورة_4180@gmail.com,AE,Medina,android,07-26-2022,trial,19,f
usr_003136,Aisha,aisha_3677@outlook.sa,QA,Taif,smart_speaker,02-21-2023,premium_annual,44,m
usr_003137,Ahmed,ahmed_4969@hotmail.com,EG,Abha,web,10-25-2020,trial,53,female
usr_003138,Fatima,fatima_2971@yahoo.com,BH,Taif,ios,01/11/2023,premium_annual,50,
usr_003139,سلطان,سلطان_9871@hotmail.com,US,,android,2021-12-07T00:00:00,premium_annual,20,f
usr_003140,Mohammed,mohammed_139@hotmail.com,UK,,web,12-04-2023,trial,20,
usr_003141,ريم,ريم_6165@gmail.com,BH,Riyadh,ios,11/01/2021,premium_annual,42,male
usr_003142,أحمد,,JO,Riyadh,smart_speaker,2022-03-29T00:00:00,premium,62,
usr_003143,سارة,سارة_555@hotmail.com,UK,Buraidah,smart_speaker,12/02/2024,free,42,
usr_003144,سلطان,,DE,Khobar,car_play,2021-08-16,premium,42,M
usr_003145,أحمد,أحمد_27@icloud.com,UK,Jeddah,car_play,18/12/2023,premium,56,f
usr_003146,محمد,محمد_8629@yahoo.com,DE,Abha,ios,2019-02-05,free,17,M
usr_003147,ياسر,ياسر_9169@hotmail.com,FR,,car_play,2020-04-23,free,63,M
usr_003148,Zainab,zainab_3211@yahoo.com,UK,Riyadh,smart_speaker,07/10/2019,trial,49,female
usr_003149,طارق,طارق_3759@hotmail.com,LB,Dammam,web,2022-06-02,free,32,
usr_003150,ياسر,ياسر_1992@outlook.sa,JO,Jeddah,smart_speaker,2022-09-11,free,25,
usr_003151,أحمد,أحمد_2574@yahoo.com,UK,Jeddah,car_play,19/05/2023,premium,32,f
usr_003152,نورة,نورة_4824@hotmail.com,QA,Dammam,smart_speaker,2022-09-08,premium,39,F
usr_003153,فاطمة,فاطمة_2048@hotmail.com,KW,Riyadh,smart_speaker,23/03/2022,free,55,
usr_003154,منى,منى_4589@yahoo.com,LB,,android,16/01/2024,trial,47,F
usr_003155,زينب,زينب_6336@outlook.sa,EG,,smart_speaker,2023-11-07,premium,18,f
usr_003156,Hind,hind_9994@icloud.com,AE,,ios,14/11/2023,premium_annual,47,M
usr_003157,Khalid,khalid_8227@yahoo.com,UK,Tabuk,web,11-18-2021,trial,23,F
usr_003158,زينب,زينب_3472@hotmail.com,LB,,smart_speaker,03-22-2024,premium,65,F
usr_003159,هند,هند_9733@yahoo.com,EG,Khobar,web,31/03/2022,free,62,M
usr_003160,زينب,زينب_4816@yahoo.com,BH,Taif,android,25/04/2023,premium,31,male
usr_003161,نورة,نورة_2171@icloud.com,MA,,smart_speaker,2023-09-05,premium_annual,58,male
usr_003162,Reem,,AE,Abha,smart_speaker,22/01/2019,free,20,male
usr_003163,عبدالله,عبدالله_5835@icloud.com,AE,Dammam,android,2020-01-01,free,55,male
usr_003164,Yasser,yasser_5536@gmail.com,MA,,smart_speaker,2024-03-10,premium,44,f
usr_003165,عمر,عمر_1055@gmail.com,US,,car_play,15/07/2020,free,,f
usr_003166,فهد,فهد_232@outlook.sa,OM,Medina,android,2024-02-25T00:00:00,trial,56,F
usr_003167,Mona,mona_6836@hotmail.com,UK,Jeddah,web,06/11/2020,premium,,M
usr_003168,Lamia,lamia_1783@yahoo.com,FR,,android,02/05/2024,trial,34,F
usr_003169,Sultan,sultan_4609@hotmail.com,LB,,car_play,2021-11-19T00:00:00,free,35,f
usr_003170,هند,هند_7776@yahoo.com,BH,Buraidah,web,2019-07-29T00:00:00,trial,24,
usr_003171,فهد,فهد_6487@hotmail.com,OM,Dammam,ios,2024-03-12,premium_annual,,
usr_003172,فاطمة,فاطمة_7300@icloud.com,OM,,web,25/06/2023,premium,57,M
usr_003173,Tariq,tariq_9742@hotmail.com,FR,,android,2020-06-08,premium_annual,62,
usr_003174,Omar,omar_3201@icloud.com,OM,,android,07/06/2020,premium_annual,29,female
usr_003175,عمر,عمر_8698@outlook.sa,DE,Mecca,ios,2023-01-09,free,,male
usr_003176,هند,هند_9227@hotmail.com,AE,Khobar,smart_speaker,14/03/2021,premium_annual,51,female
usr_003177,Hassan,hassan_3535@yahoo.com,UK,Buraidah,ios,08-18-2022,free,33,m
usr_003178,طارق,طارق_4598@hotmail.com,US,,ios,2024-06-05,trial,,F
usr_003179,Fatima,fatima_9149@yahoo.com,KW,Abha,smart_speaker,09-20-2023,premium_annual,30,female
usr_003180,ياسر,ياسر_6153@icloud.com,MA,Dammam,car_play,12-19-2022,premium_annual,63,female
usr_003181,عبدالله,عبدالله_1428@yahoo.com,EG,,car_play,2021-08-27,premium_annual,17,F
usr_003182,محمد,محمد_4023@outlook.sa,BH,Khobar,ios,19/06/2019,premium_annual,25,m
usr_003183,Reem,,AE,Medina,car_play,11/09/2019,premium_annual,33,male
usr_003184,Mona,mona_8007@outlook.sa,QA,Medina,smart_speaker,2022-10-12,premium_annual,48,F
usr_003185,ريم,ريم_7104@hotmail.com,SA,Khobar,smart_speaker,11/02/2023,trial,19,female
usr_003186,Yasser,yasser_7008@outlook.sa,SA,,car_play,13/02/2024,premium_annual,,male
usr_003187,سارة,سارة_2228@outlook.sa,DE,,smart_speaker,2023-08-06,premium_annual,57,f
usr_003188,طارق,,LB,,web,2021-11-30T00:00:00,trial,,M
usr_003189,سارة,سارة_8703@icloud.com,AE,Buraidah,android,03-08-2020,trial,,M
usr_003190,Fahad,,OM,Taif,ios,11/05/2024,trial,45,female
usr_003191,Khalid,khalid_2051@hotmail.com,EG,Buraidah,ios,2023-12-06,premium_annual,49,m
usr_003192,Khalid,khalid_1318@outlook.sa,JO,Mecca,ios,2023-07-12,trial,52,F
usr_003193,Tariq,tariq_2988@yahoo.com,OM,Abha,smart_speaker,25/06/2024,premium_annual,,
usr_003194,سارة,سارة_9768@gmail.com,JO,Jeddah,web,2022-10-14,premium_annual,28,female
usr_003195,ريم,ريم_5469@gmail.com,BH,Tabuk,ios,03-10-2021,trial,53,female
usr_003196,خالد,خالد_4991@yahoo.com,LB,Taif,smart_speaker,2022-04-26,premium,51,f
usr_003197,فاطمة,فاطمة_7719@yahoo.com,FR,Khobar,ios,2022-08-28,premium,37,M
usr_003198,طارق,طارق_5296@outlook.sa,MA,Tabuk,android,09/08/2019,trial,34,female
usr_003199,Aisha,aisha_4079@yahoo.com,FR,,ios,2021-09-03T00:00:00,trial,45,
usr_003200,Omar,omar_6911@hotmail.com,UK,,smart_speaker,2023-09-23,trial,31,m
usr_003201,هند,هند_1556@gmail.com,FR,,car_play,2024-06-17T00:00:00,premium_annual,46,M
usr_003202,لمياء,لمياء_577@icloud.com,UK,Taif,android,2019-02-20,trial,23,female
usr_003203,محمد,محمد_7163@outlook.sa,EG,Tabuk,web,08-06-2019,free,48,male
usr_003204,Omar,omar_8202@outlook.sa,MA,,web,2024-09-28,trial,46,M
usr_003205,حسن,,MA,,android,2022-04-18,premium,52,
usr_003206,Fatima,fatima_8467@outlook.sa,EG,Tabuk,car_play,2021-04-16,premium_annual,17,F
usr_003207,Ahmed,ahmed_5192@hotmail.com,QA,Medina,android,09-05-2019,free,42,male
usr_003208,Fatima,fatima_7164@gmail.com,BH,,car_play,2022-03-02T00:00:00,trial,20,M
usr_003209,خالد,خالد_3376@icloud.com,EG,Tabuk,ios,11/05/2024,premium,52,female
usr_003210,خالد,خالد_6620@gmail.com,QA,,ios,03-14-2021,premium_annual,58,m
usr_003211,عبدالله,عبدالله_2921@gmail.com,SA,Khobar,car_play,25/01/2023,free,65,M
usr_003212,لمياء,لمياء_3004@hotmail.com,DE,Mecca,android,2021-05-30,free,56,F
usr_003213,Zainab,zainab_7903@outlook.sa,KW,,smart_speaker,2020-05-22T00:00:00,trial,58,
usr_003214,سلطان,سلطان_8111@hotmail.com,JO,,car_play,2020-12-28T00:00:00,premium,,male
usr_003215,Tariq,tariq_3866@gmail.com,BH,Riyadh,web,07-01-2024,trial,55,female
usr_003216,عمر,عمر_7934@gmail.com,EG,Taif,smart_speaker,2024-05-25,trial,65,
usr_003217,عمر,عمر_5913@hotmail.com,QA,Taif,smart_speaker,2024-01-18,premium,30,M
usr_003218,طارق,طارق_2635@yahoo.com,QA,Abha,car_play,02/12/2023,premium_annual,16,f
usr_003219,هند,هند_6941@yahoo.com,FR,Buraidah,ios,2019-06-13T00:00:00,trial,62,
usr_003220,Mohammed,mohammed_3433@icloud.com,KW,Taif,smart_speaker,2021-03-03,trial,,f
usr_003221,هند,هند_5369@outlook.sa,UK,Tabuk,web,2024-07-04,premium,,F
usr_003222,Sultan,sultan_3646@hotmail.com,KW,Abha,web,15/03/2019,free,24,F
usr_003223,خالد,خالد_6060@outlook.sa,BH,Buraidah,android,13/01/2019,trial,25,
usr_003224,Aisha,aisha_974@outlook.sa,AE,Dammam,web,15/09/2020,premium_annual,61,m
usr_003225,ياسر,ياسر_7838@icloud.com,BH,Mecca,car_play,2021-09-07,premium,28,f
usr_003226,ياسر,ياسر_8553@icloud.com,DE,Khobar,car_play,29/09/2024,free,29,m
usr_003227,فهد,فهد_4088@yahoo.com,SA,Buraidah,car_play,01/04/2023,premium,47,F
usr_003228,عائشة,عائشة_4189@icloud.com,EG,Mecca,android,13/04/2019,premium_annual,65,m
usr_003229,طارق,طارق_3033@icloud.com,AE,,smart_speaker,09-23-2020,trial,63,female
usr_003230,عبدالله,,OM,Abha,web,2024-05-28,trial,52,m
usr_003231,طارق,طارق_2586@yahoo.com,KW,Riyadh,android,13/06/2024,premium,51,f
usr_003232,Sultan,sultan_8791@outlook.sa,DE,Mecca,android,01-26-2022,premium_annual,,F
usr_003233,فهد,فهد_6501@icloud.com,OM,Abha,android,27/11/2022,premium_annual,48,f
usr_003234,زينب,زينب_8372@outlook.sa,EG,,car_play,2019-04-21T00:00:00,premium,33,f
usr_003235,Hind,hind_8245@outlook.sa,UK,Buraidah,smart_speaker,2021-12-30,premium_annual,34,
usr_003236,أحمد,أحمد_7985@outlook.sa,UK,,car_play,2023-05-24,trial,25,F
usr_003237,Abdullah,abdullah_5305@hotmail.com,BH,,ios,2023-04-01T00:00:00,premium,24,female
usr_003238,Tariq,tariq_9225@hotmail.com,FR,Riyadh,web,2024-04-10T00:00:00,free,31,
usr_003239,أحمد,أحمد_8159@yahoo.com,FR,Riyadh,smart_speaker,16/10/2019,free,39,m
usr_003240,Lamia,lamia_4197@yahoo.com,OM,,web,2020-10-04,premium,24,M
usr_003241,عبدالله,عبدالله_3106@icloud.com,DE,,car_play,20/06/2022,premium_annual,44,female
usr_003242,زينب,زينب_5360@icloud.com,SA,Khobar,smart_speaker,11-21-2019,premium_annual,16,
usr_003243,فاطمة,فاطمة_4773@gmail.com,UK,,ios,2020-07-28T00:00:00,free,28,M
usr_003244,مريم,مريم_7223@icloud.com,MA,Buraidah,car_play,2022-02-02,trial,52,F
usr_003245,عبدالله,عبدالله_8233@yahoo.com,SA,Riyadh,car_play,2019-08-20,premium,52,M
usr_003246,Aisha,aisha_9294@outlook.sa,OM,Taif,ios,2022-12-20T00:00:00,premium_annual,16,m
usr_003247,نورة,نورة_8186@gmail.com,US,,web,2024-02-24,trial,46,M
usr_003248,Yasser,yasser_112@icloud.com,US,,web,13/07/2019,trial,39,M
usr_003249,Ahmed,ahmed_6833@outlook.sa,US,Tabuk,smart_speaker,2021-06-24T00:00:00,free,39,M
usr_003250,فاطمة,فاطمة_8812@icloud.com,BH,,smart_speaker,19/02/2024,premium,54,male
usr_003251,Khalid,khalid_2498@gmail.com,UK,,car_play,2019-06-20,trial,17,m
usr_003252,هند,هند_3069@yahoo.com,US,Dammam,ios,19/01/2022,free,,f
usr_003253,منى,منى_3149@icloud.com,AE,,android,2020-07-01,free,50,F
usr_003254,محمد,محمد_3397@yahoo.com,EG,Mecca,android,2021-10-20,trial,25,
usr_003255,مريم,مريم_559@yahoo.com,LB,Riyadh,web,2023-05-28,premium_annual,60,
usr_003256,Ahmed,ahmed_1517@yahoo.com,QA,Taif,web,2023-03-06,trial,51,f
usr_003257,Sultan,sultan_4622@icloud.com,LB,,ios,01-26-2022,premium_annual,56,
usr_003258,منى,منى_1528@gmail.com,SA,,smart_speaker,2022-10-29,premium_annual,25,female
usr_003259,Reem,reem_6538@hotmail.com,JO,,smart_speaker,07-08-2022,trial,54,m
usr_003260,مريم,مريم_1676@outlook.sa,KW,Tabuk,web,27/06/2020,premium_annual,22,m
usr_003261,خالد,خالد_8807@gmail.com,US,Mecca,android,2021-08-15,free,21,f
usr_003262,سلطان,سلطان_7280@gmail.com,KW,Medina,smart_speaker,01/11/2023,premium,45,
usr_003263,ياسر,ياسر_1248@icloud.com,UK,,smart_speaker,2020-03-27T00:00:00,premium,38,m
usr_003264,خالد,خالد_8120@yahoo.com,SA,Medina,smart_speaker,2021-03-18,premium_annual,,female
usr_003265,فاطمة,فاطمة_5689@outlook.sa,OM,Buraidah,car_play,16/09/2023,free,48,F
usr_003266,Reem,reem_3563@yahoo.com,MA,Medina,smart_speaker,2019-07-01,premium_annual,52,m
usr_003267,Ahmed,ahmed_6237@yahoo.com,MA,,web,23/12/2019,premium_annual,31,female
usr_003268,سلطان,,US,Medina,ios,2023-01-12T00:00:00,premium_annual,30,F
usr_003269,فاطمة,فاطمة_8304@gmail.com,SA,Abha,ios,04-05-2021,premium_annual,22,f
usr_003270,سارة,سارة_8891@outlook.sa,FR,Taif,ios,2023-01-11T00:00:00,trial,41,female
usr_003271,مريم,مريم_5095@icloud.com,KW,,android,08/10/2019,premium,17,
usr_003272,خالد,خالد_53@hotmail.com,SA,Tabuk,ios,2023-04-27T00:00:00,premium_annual,62,M
usr_003273,نورة,نورة_8077@outlook.sa,BH,,android,2021-05-14T00:00:00,trial,29,
usr_003274,ياسر,ياسر_735@yahoo.com,MA,Abha,android,2021-04-30T00:00:00,premium_annual,25,F
usr_003275,Zainab,zainab_7672@hotmail.com,DE,Khobar,ios,09/11/2022,premium,38,
usr_003276,Mohammed,mohammed_9996@icloud.com,MA,,android,2023-04-05,trial,16,f
usr_003277,Yasser,yasser_4768@gmail.com,DE,Buraidah,ios,2020-04-13T00:00:00,premium,42,male
usr_003278,Noura,noura_7013@gmail.com,SA,Taif,car_play,2022-03-27,premium,49,male
usr_003279,حسن,حسن_5230@icloud.com,QA,Taif,car_play,02-07-2021,premium,20,f
usr_003280,عمر,عمر_5156@gmail.com,KW,Taif,car_play,2024-02-21,premium_annual,28,m
usr_003281,عبدالله,عبدالله_54@gmail.com,KW,Jeddah,android,2024-02-03T00:00:00,premium,60,m
usr_003282,عائشة,عائشة_3515@yahoo.com,QA,Khobar,smart_speaker,2019-10-29T00:00:00,premium_annual,49,f
usr_003283,عمر,عمر_4692@hotmail.com,SA,Mecca,web,04/06/2020,premium,37,F
usr_003284,Tariq,tariq_349@outlook.sa,LB,,car_play,2022-03-19,premium,32,female
usr_003285,Mohammed,mohammed_8939@gmail.com,US,,ios,08-28-2023,premium,26,F
usr_003286,طارق,طارق_9770@icloud.com,BH,Dammam,car_play,01-02-2021,premium_annual,22,male
usr_003287,لمياء,لمياء_5234@hotmail.com,JO,Riyadh,web,06-06-2020,premium_annual,55,female
usr_003288,Omar,omar_9921@gmail.com,BH,Taif,web,18/11/2019,premium,27,f
usr_003289,ياسر,ياسر_9219@hotmail.com,AE,Khobar,smart_speaker,2019-06-16,free,31,F
usr_003290,منى,منى_9162@outlook.sa,EG,Dammam,smart_speaker,27/10/2022,free,29,male
usr_003291,عبدالله,عبدالله_9826@yahoo.com,SA,Taif,smart_speaker,2023-11-11T00:00:00,trial,41,m
usr_003292,زينب,زينب_7556@icloud.com,KW,Tabuk,ios,2020-05-30,premium,60,male
usr_003293,سلطان,سلطان_8101@yahoo.com,LB,,android,2020-01-08,trial,29,F
usr_003294,طارق,طارق_8219@outlook.sa,DE,,car_play,2023-07-04,premium_annual,63,male
usr_003295,Khalid,khalid_6935@yahoo.com,KW,Abha,ios,2019-10-17,trial,57,
usr_003296,أحمد,أحمد_3358@gmail.com,US,,smart_speaker,2024-07-21T00:00:00,premium_annual,18,m
usr_003297,Khalid,khalid_8543@yahoo.com,BH,Dammam,android,2024-01-23,free,33,
usr_003298,فهد,فهد_81@icloud.com,LB,Riyadh,web,11-10-2023,free,62,f
usr_003299,عمر,عمر_977@icloud.com,OM,Jeddah,android,2020-03-01,premium_annual,33,f
usr_003300,Lamia,lamia_1183@hotmail.com,KW,,web,2021-06-16T00:00:00,trial,60,male
usr_003301,هند,هند_2073@yahoo.com,SA,Jeddah,smart_speaker,2023-06-18,premium_annual,33,F
usr_003302,خالد,خالد_3044@outlook.sa,DE,,smart_speaker,06-28-2023,premium,,M
usr_003303,لمياء,لمياء_2615@icloud.com,SA,Abha,ios,04-23-2023,premium,,
usr_003304,Reem,reem_6580@hotmail.com,UK,,web,2020-02-22,premium,25,
usr_003305,Reem,reem_7663@outlook.sa,OM,Dammam,web,2022-06-17,premium,47,F
usr_003306,سارة,سارة_3054@yahoo.com,EG,Tabuk,web,19/07/2021,trial,20,F
usr_003307,حسن,حسن_4763@icloud.com,DE,,web,2023-08-26,premium,57,female
usr_003308,حسن,حسن_481@hotmail.com,US,,web,2019-03-14,free,38,
usr_003309,عبدالله,عبدالله_3395@outlook.sa,QA,Mecca,web,2023-04-03,free,35,male
usr_003310,خالد,خالد_3545@yahoo.com,LB,Dammam,car_play,05-20-2021,trial,52,F
usr_003311,Reem,reem_5678@hotmail.com,AE,Abha,ios,2021-09-09,trial,43,male
usr_003312,أحمد,أحمد_2549@yahoo.com,QA,,car_play,09/11/2019,premium,,female
usr_003313,Lamia,lamia_9358@gmail.com,QA,Riyadh,web,2019-03-27,premium,54,f
usr_003314,فهد,فهد_1215@hotmail.com,FR,Medina,web,05-03-2022,premium_annual,47,female
usr_003315,نورة,نورة_6331@icloud.com,LB,Mecca,ios,2022-06-06,free,29,F
usr_003316,Mona,mona_20@hotmail.com,US,,smart_speaker,2020-07-06,free,40,M
usr_003317,منى,,AE,,ios,12/12/2022,premium,53,male
usr_003318,Aisha,aisha_7511@icloud.com,OM,,ios,23/01/2021,premium_annual,64,M
usr_003319,Sarah,sarah_2590@yahoo.com,JO,Riyadh,car_play,26/11/2020,premium_annual,18,female
usr_003320,فاطمة,فاطمة_1167@gmail.com,KW,Abha,android,2021-06-30T00:00:00,free,57,F
usr_003321,Sultan,sultan_2283@icloud.com,US,Riyadh,smart_speaker,2022-09-15,premium,18,
usr_003322,مريم,مريم_5888@gmail.com,AE,Mecca,car_play,2021-06-30,trial,46,
usr_003323,منى,منى_6391@outlook.sa,LB,,android,06/10/2020,trial,,m
usr_003324,هند,هند_4190@yahoo.com,DE,Khobar,smart_speaker,30/07/2023,premium_annual,41,F
usr_003325,Hassan,hassan_2022@icloud.com,LB,,android,2022-05-08,free,53,m
usr_003326,سارة,سارة_9585@gmail.com,QA,,car_play,17/01/2022,free,20,f
usr_003327,Mohammed,mohammed_7448@yahoo.com,MA,,ios,2019-03-28,premium_annual,26,female
usr_003328,عائشة,عائشة_4604@yahoo.com,DE,,smart_speaker,2019-01-25T00:00:00,free,53,F
usr_003329,Sultan,sultan_7010@hotmail.com,KW,Jeddah,android,2022-09-15,trial,,f
usr_003330,طارق,طارق_2601@hotmail.com,EG,,web,2019-06-04,premium_annual,36,F
usr_003331,طارق,طارق_3839@yahoo.com,JO,Jeddah,smart_speaker,12-04-2022,premium_annual,33,f
usr_003332,Hassan,hassan_962@gmail.com,DE,Dammam,car_play,2020-11-29T00:00:00,free,49,
usr_003333,سلطان,سلطان_8111@hotmail.com,JO,,car_play,2023-02-23,premium,,male
usr_003334,فهد,فهد_3971@yahoo.com,EG,Jeddah,smart_speaker,2019-07-17,trial,41,M
usr_003335,مريم,مريم_9110@yahoo.com,FR,Abha,ios,07/01/2021,free,28,
usr_003336,عبدالله,عبدالله_207@yahoo.com,JO,Riyadh,car_play,07/07/2019,free,49,F
usr_003337,عبدالله,عبدالله_4930@hotmail.com,SA,Medina,web,24/09/2024,trial,50,f
usr_003338,محمد,محمد_349@gmail.com,MA,Taif,car_play,2022-05-15,premium,39,M
usr_003339,أحمد,أحمد_3514@gmail.com,JO,,smart_speaker,21/12/2019,free,40,f
usr_003340,Hind,hind_8823@hotmail.com,DE,Riyadh,car_play,01-01-2022,trial,35,
usr_003341,Reem,reem_4601@yahoo.com,QA,Khobar,smart_speaker,30/05/2023,premium,35,female
usr_003342,Yasser,yasser_2503@gmail.com,UK,,ios,2023-08-07T00:00:00,trial,,f
usr_003343,Abdullah,abdullah_469@gmail.com,JO,Tabuk,smart_speaker,2020-10-07,trial,44,F
usr_003344,Aisha,aisha_4100@gmail.com,DE,,smart_speaker,2021-06-01T00:00:00,free,39,f
usr_003345,لمياء,لمياء_1653@outlook.sa,OM,Tabuk,smart_speaker,2022-11-20T00:00:00,free,65,
usr_003346,محمد,محمد_5532@icloud.com,DE,Khobar,car_play,2019-03-15,trial,53,
usr_003347,Khalid,khalid_2249@yahoo.com,JO,Khobar,ios,2023-01-20T00:00:00,premium,54,
usr_003348,عائشة,عائشة_3133@gmail.com,FR,Medina,android,26/08/2024,premium,58,
usr_003349,ريم,ريم_3589@icloud.com,LB,Mecca,ios,01-14-2019,free,19,F
usr_003350,هند,هند_695@yahoo.com,EG,Riyadh,android,2019-03-07T00:00:00,premium_annual,47,M
usr_003351,Mona,mona_9861@icloud.com,SA,Mecca,smart_speaker,08-08-2020,free,64,m
usr_003352,طارق,طارق_9614@outlook.sa,AE,Mecca,smart_speaker,02-07-2021,trial,46,M
usr_003353,Noura,noura_6304@icloud.com,AE,Medina,car_play,2022-05-10,trial,50,f
usr_003354,نورة,نورة_7286@outlook.sa,SA,Taif,smart_speaker,20/07/2020,premium_annual,18,male
usr_003355,عمر,عمر_9209@yahoo.com,JO,Dammam,car_play,2023-05-07,free,55,M
usr_003356,نورة,نورة_8943@gmail.com,QA,Tabuk,android,2022-06-22T00:00:00,premium_annual,43,f
usr_003357,Fatima,fatima_3724@hotmail.com,SA,Buraidah,ios,2023-08-09,premium,65,male
usr_003358,Noura,noura_1030@gmail.com,FR,,web,16/10/2021,premium_annual,40,m
usr_003359,Fatima,fatima_9278@gmail.com,MA,Buraidah,car_play,08-23-2019,premium_annual,42,M
usr_003360,نورة,نورة_5219@outlook.sa,UK,Jeddah,ios,2022-12-09T00:00:00,free,17,male
usr_003361,Lamia,lamia_4880@yahoo.com,AE,Tabuk,android,09/04/2019,free,39,f
usr_003362,سلطان,سلطان_7390@yahoo.com,LB,Taif,android,2021-02-06,free,45,M
usr_003363,Mohammed,mohammed_7478@hotmail.com,SA,Mecca,android,27/05/2023,premium_annual,54,F
usr_003364,Tariq,tariq_8054@outlook.sa,MA,,smart_speaker,26/05/2024,trial,36,F
usr_003365,مريم,مريم_9902@icloud.com,LB,,smart_speaker,04/03/2022,trial,56,male
usr_003366,هند,هند_6008@gmail.com,DE,Dammam,web,2023-03-03,premium,31,male
usr_003367,عمر,عمر_2366@hotmail.com,US,Mecca,web,27/01/2023,free,,female
usr_003368,فاطمة,فاطمة_7950@outlook.sa,QA,Tabuk,android,2022-01-26,trial,20,M
usr_003369,زينب,زينب_6852@gmail.com,FR,Taif,car_play,2021-01-03,trial,61,
usr_003370,Mohammed,mohammed_5316@outlook.sa,LB,,smart_speaker,2022-09-15,premium,20,female
usr_003371,Sultan,,AE,Medina,ios,07-16-2023,premium,24,f
usr_003372,Tariq,tariq_5160@gmail.com,US,Tabuk,ios,2023-10-28,free,65,f
usr_003373,خالد,خالد_6056@hotmail.com,KW,Jeddah,android,2019-06-01,premium_annual,39,male
usr_003374,Mariam,mariam_7412@hotmail.com,OM,Taif,android,2023-01-19,premium,,
usr_003375,عبدالله,عبدالله_8200@gmail.com,SA,Medina,car_play,24/05/2020,free,,
usr_003376,فاطمة,فاطمة_4041@yahoo.com,US,Dammam,car_play,2022-09-25,premium,54,M
usr_003377,ريم,ريم_6814@outlook.sa,MA,,web,2019-09-29,premium,48,f
usr_003378,زينب,زينب_7425@yahoo.com,LB,Khobar,smart_speaker,07-29-2024,premium,57,F
usr_003379,مريم,مريم_477@icloud.com,SA,Riyadh,car_play,07/02/2022,premium_annual,28,M
usr_003380,مريم,مريم_9277@icloud.com,LB,Medina,web,2022-09-20,premium_annual,31,M
usr_003381,Ahmed,ahmed_9490@hotmail.com,JO,Mecca,car_play,2020-07-26,free,21,f
usr_003382,سلطان,سلطان_2269@icloud.com,OM,Tabuk,car_play,2019-10-31T00:00:00,premium_annual,,male
usr_003383,مريم,مريم_7406@outlook.sa,JO,Buraidah,ios,02/02/2019,free,26,f
usr_003384,Reem,reem_2634@outlook.sa,JO,,car_play,2024-09-17,premium_annual,56,F
usr_003385,ريم,ريم_8926@yahoo.com,DE,Abha,smart_speaker,05-05-2021,trial,63,male
usr_003386,Hassan,hassan_6875@icloud.com,KW,Mecca,ios,2022-10-29,premium,21,F
usr_003387,Sarah,,SA,Jeddah,web,2024-08-17,free,65,
usr_003388,حسن,حسن_3055@yahoo.com,QA,,web,08-28-2019,premium_annual,46,male
usr_003389,Fatima,fatima_3456@gmail.com,US,Medina,android,28/08/2023,trial,36,m
usr_003390,عمر,عمر_8414@hotmail.com,UK,Riyadh,car_play,10-17-2023,free,38,m
usr_003391,نورة,نورة_8043@gmail.com,MA,Medina,android,23/04/2024,free,27,F
usr_003392,طارق,طارق_6786@yahoo.com,MA,,ios,08/05/2019,trial,36,m
usr_003393,Lamia,lamia_3615@hotmail.com,OM,Mecca,car_play,2023-07-16T00:00:00,premium_annual,27,M
usr_003394,Ahmed,ahmed_8808@hotmail.com,KW,Riyadh,web,30/06/2019,premium,26,M
usr_003395,عائشة,عائشة_497@yahoo.com,EG,Abha,ios,21/07/2019,free,34,female
usr_003396,Fatima,fatima_3137@icloud.com,SA,,smart_speaker,2020-02-13T00:00:00,premium_annual,,female
usr_003397,سارة,سارة_1985@outlook.sa,SA,Khobar,ios,2019-06-08,premium,37,M
usr_003398,Ahmed,ahmed_5726@hotmail.com,FR,,ios,03-11-2024,trial,32,
usr_003399,لمياء,لمياء_6746@icloud.com,FR,,web,2023-04-01,premium,35,M
usr_003400,منى,منى_4311@hotmail.com,JO,Abha,ios,25/03/2020,free,31,m
usr_003401,طارق,طارق_2695@hotmail.com,FR,,android,2021-07-02,premium_annual,23,male
usr_003402,طارق,طارق_7162@gmail.com,SA,Riyadh,ios,06/03/2024,free,54,M
usr_003403,ريم,ريم_3527@hotmail.com,QA,Buraidah,ios,01-03-2022,premium_annual,,female
usr_003404,Omar,omar_5751@icloud.com,SA,Taif,smart_speaker,2022-08-03,premium_annual,37,female
usr_003405,Reem,reem_9037@hotmail.com,BH,Taif,web,2024-09-15,premium_annual,50,f
usr_003406,عمر,عمر_4888@gmail.com,LB,,android,2019-12-25,premium,41,f
usr_003407,Mona,,FR,,ios,2024-04-08,free,,male
usr_003408,فاطمة,فاطمة_9464@hotmail.com,AE,Taif,android,15/06/2024,trial,57,female
usr_003409,محمد,محمد_4927@gmail.com,LB,Tabuk,ios,01-02-2019,premium_annual,22,M
usr_003410,Khalid,khalid_8236@outlook.sa,QA,Taif,android,03-13-2019,free,36,F
usr_003411,زينب,زينب_6686@icloud.com,AE,Tabuk,ios,05/07/2020,trial,41,m
usr_003412,Noura,noura_2827@gmail.com,EG,,car_play,14/04/2023,premium,37,m
usr_003413,Mariam,mariam_7537@yahoo.com,EG,Mecca,web,08-30-2019,premium_annual,62,
usr_003414,Hassan,hassan_3055@outlook.sa,UK,,smart_speaker,2021-09-10,trial,29,male
usr_003415,عائشة,عائشة_1295@icloud.com,AE,Abha,ios,2021-02-08,trial,22,M
usr_003416,Ahmed,ahmed_8538@yahoo.com,MA,,web,2024-07-06,free,59,male
usr_003417,Abdullah,abdullah_3731@hotmail.com,SA,,android,2019-03-04,free,51,m
usr_003418,Zainab,zainab_2649@gmail.com,OM,Taif,ios,2021-10-09,premium,47,F
usr_003419,Khalid,khalid_6184@gmail.com,LB,,web,2023-09-19T00:00:00,trial,22,male
usr_003420,Mona,mona_5072@outlook.sa,SA,,car_play,06/09/2022,free,45,f
usr_003421,Reem,reem_3651@icloud.com,KW,,smart_speaker,2019-03-03T00:00:00,premium_annual,52,female
usr_003422,حسن,حسن_9508@gmail.com,EG,,car_play,25/03/2023,premium,45,
usr_003423,Yasser,yasser_5818@outlook.sa,DE,Taif,smart_speaker,05/10/2023,premium_annual,44,female
usr_003424,عائشة,عائشة_257@gmail.com,JO,Tabuk,car_play,12/11/2023,premium,62,F
usr_003425,هند,هند_1530@hotmail.com,EG,Taif,smart_speaker,2022-02-16T00:00:00,premium_annual,44,F
usr_003426,منى,منى_3443@hotmail.com,AE,Riyadh,web,2023-01-12T00:00:00,trial,53,F
usr_003427,عمر,عمر_5467@outlook.sa,EG,Mecca,ios,2020-10-02T00:00:00,premium,59,M
usr_003428,سارة,سارة_1362@yahoo.com,UK,Medina,web,11/02/2019,free,47,male
usr_003429,ياسر,ياسر_7996@gmail.com,AE,,android,14/03/2022,premium_annual,56,male
usr_003430,Lamia,lamia_1710@outlook.sa,KW,Tabuk,smart_speaker,2019-07-12,premium,48,m
usr_003431,Reem,reem_2338@gmail.com,OM,,smart_speaker,08/12/2019,trial,20,f
usr_003432,خالد,خالد_9997@icloud.com,DE,Riyadh,smart_speaker,01-30-2019,free,54,m
usr_003433,أحمد,أحمد_3127@yahoo.com,EG,Jeddah,smart_speaker,2023-06-17,premium,46,f
usr_003434,خالد,خالد_1408@hotmail.com,BH,,web,15/11/2022,premium_annual,42,
usr_003435,محمد,محمد_3218@outlook.sa,BH,Tabuk,web,10/08/2023,trial,19,female
usr_003436,Mohammed,mohammed_1054@icloud.com,AE,Mecca,smart_speaker,22/07/2022,premium_annual,41,f
usr_003437,سلطان,سلطان_3408@yahoo.com,AE,Khobar,android,19/05/2024,premium_annual,33,m
usr_003438,محمد,محمد_9352@gmail.com,US,Khobar,ios,2022-07-19T00:00:00,premium_annual,,female
usr_003439,سارة,سارة_2373@outlook.sa,AE,Medina,car_play,01-30-2023,free,43,
usr_003440,Mohammed,mohammed_9995@icloud.com,AE,Dammam,ios,2021-12-22,premium_annual,,m
usr_003441,Yasser,yasser_2083@yahoo.com,MA,,android,2020-09-12,trial,63,
usr_003442,Zainab,zainab_1772@hotmail.com,LB,,android,11-22-2020,free,43,F
usr_003443,سلطان,سلطان_6791@outlook.sa,MA,Abha,smart_speaker,2020-11-27,free,52,female
usr_003444,فهد,فهد_3886@hotmail.com,UK,Jeddah,android,2024-04-18,premium,21,male
usr_003445,Hind,hind_5801@gmail.com,DE,Riyadh,car_play,02-29-2024,premium_annual,44,f
usr_003446,فهد,فهد_4756@yahoo.com,EG,Jeddah,smart_speaker,2020-12-10,premium,54,female
usr_003447,Mona,mona_3780@hotmail.com,UK,Dammam,android,2022-03-12T00:00:00,premium_annual,43,F
usr_003448,سلطان,سلطان_4811@yahoo.com,KW,,smart_speaker,2020-10-11,premium_annual,55,M
usr_003449,سارة,سارة_4475@yahoo.com,AE,Abha,car_play,19/12/2023,premium_annual,18,female
usr_003450,Lamia,,US,Mecca,web,2021-10-07,premium_annual,53,male
usr_003451,لمياء,لمياء_8096@hotmail.com,UK,Jeddah,web,16/01/2024,trial,,female
usr_003452,Noura,noura_431@yahoo.com,BH,Abha,smart_speaker,23/10/2023,free,34,m
usr_003453,عمر,عمر_2817@icloud.com,FR,,android,2020-06-13,free,43,m
usr_003454,Zainab,zainab_1721@gmail.com,FR,Buraidah,smart_speaker,2019-08-07,free,31,female
usr_003455,Sarah,sarah_5661@yahoo.com,JO,Mecca,ios,2022-01-26,premium,65,m
usr_003456,محمد,محمد_254@hotmail.com,KW,Taif,android,2020-11-17T00:00:00,premium_annual,52,
usr_003457,Noura,noura_7065@gmail.com,BH,Dammam,web,23/10/2021,free,57,female
usr_003458,عمر,عمر_807@outlook.sa,LB,Medina,smart_speaker,03-02-2020,free,51,
usr_003459,Abdullah,abdullah_3061@hotmail.com,US,,smart_speaker,2020-04-24T00:00:00,trial,17,m
usr_003460,منى,منى_1802@yahoo.com,MA,,android,24/03/2020,trial,48,f
usr_003461,Fahad,fahad_5179@icloud.com,MA,Medina,car_play,2019-03-29,premium,30,f
usr_003462,طارق,طارق_8033@gmail.com,OM,Dammam,car_play,12-14-2023,premium_annual,54,
usr_003463,منى,منى_1447@icloud.com,DE,Riyadh,android,2024-07-27,premium_annual,41,
usr_003464,لمياء,لمياء_181@yahoo.com,DE,Khobar,web,2024-04-09T00:00:00,trial,23,f
usr_003465,سلطان,سلطان_1842@icloud.com,DE,Khobar,car_play,2022-11-05,premium_annual,23,m
usr_003466,Ahmed,ahmed_9127@yahoo.com,KW,,car_play,2022-10-26,free,44,
usr_003467,Sultan,sultan_79@outlook.sa,BH,Dammam,web,2019-08-26T00:00:00,premium_annual,40,male
usr_003468,زينب,زينب_7981@icloud.com,US,Khobar,ios,14/08/2024,trial,38,male
usr_003469,حسن,حسن_4204@icloud.com,MA,Medina,car_play,24/05/2021,premium_annual,,M
usr_003470,هند,هند_1530@hotmail.com,EG,Taif,smart_speaker,2022-09-19,premium_annual,44,F
usr_003471,Mona,mona_5686@gmail.com,OM,Buraidah,car_play,2021-08-31,free,43,male
usr_003472,سلطان,سلطان_7236@icloud.com,EG,Riyadh,web,2020-03-27,premium,17,m
usr_003473,عمر,عمر_8733@hotmail.com,MA,Taif,web,2022-01-17,trial,61,male
usr_003474,Sultan,sultan_2422@outlook.sa,LB,Jeddah,ios,08/03/2024,trial,56,f
usr_003475,عبدالله,عبدالله_9802@outlook.sa,SA,Mecca,ios,03/09/2021,trial,49,M
usr_003476,عائشة,عائشة_8918@gmail.com,AE,Buraidah,ios,2022-09-01,premium,45,female
usr_003477,عائشة,عائشة_4360@yahoo.com,KW,Abha,smart_speaker,01/05/2019,free,,
usr_003478,عبدالله,عبدالله_3009@yahoo.com,QA,Khobar,car_play,08-12-2023,premium_annual,44,m
usr_003479,Abdullah,abdullah_4336@gmail.com,UK,,ios,2019-03-15,premium_annual,57,male
usr_003480,سلطان,سلطان_6898@yahoo.com,BH,Buraidah,smart_speaker,13/03/2023,premium,59,M
usr_003481,Hind,hind_2978@gmail.com,FR,Khobar,smart_speaker,13/09/2020,trial,,male
usr_003482,Mona,mona_9023@hotmail.com,EG,Riyadh,car_play,2019-08-28,trial,19,
usr_003483,Tariq,tariq_6802@hotmail.com,BH,,car_play,2020-05-05,premium,42,M
usr_003484,Khalid,khalid_5502@icloud.com,AE,,android,2020-12-11,premium,43,M
usr_003485,Mohammed,mohammed_1348@icloud.com,KW,Dammam,ios,2020-07-13,free,59,F
usr_003486,هند,هند_280@outlook.sa,AE,Khobar,android,06-23-2023,premium,20,male
usr_003487,سلطان,سلطان_8341@yahoo.com,LB,,android,2024-03-02,premium,52,F
usr_003488,عائشة,عائشة_7649@gmail.com,EG,Buraidah,android,2023-08-27,free,24,F
usr_003489,سلطان,سلطان_8387@hotmail.com,FR,,web,2019-07-09T00:00:00,premium_annual,59,M
usr_003490,Sarah,sarah_4758@gmail.com,FR,Abha,car_play,2021-02-19T00:00:00,free,35,male
usr_003491,Yasser,yasser_2467@yahoo.com,BH,Jeddah,ios,2023-05-10,trial,24,M
usr_003492,Sultan,sultan_7281@yahoo.com,EG,Buraidah,android,2024-05-18,premium,19,F
usr_003493,ياسر,ياسر_5098@hotmail.com,BH,Mecca,web,2024-01-18T00:00:00,free,55,m
usr_003494,محمد,محمد_9477@hotmail.com,UK,Abha,smart_speaker,24/10/2020,premium_annual,56,f
usr_003495,عبدالله,عبدالله_658@icloud.com,FR,Medina,smart_speaker,2021-10-02,free,,male
usr_003496,Tariq,tariq_8763@outlook.sa,UK,Riyadh,android,2022-10-26,premium_annual,59,f
usr_003497,Noura,noura_9838@gmail.com,KW,Mecca,android,31/07/2021,premium_annual,50,m
usr_003498,فاطمة,فاطمة_6536@yahoo.com,QA,Khobar,car_play,11-20-2023,premium,22,male
usr_003499,لمياء,لمياء_9535@gmail.com,AE,Taif,web,2021-08-26,trial,23,m
usr_003500,Zainab,zainab_4745@yahoo.com,JO,,web,2021-12-27T00:00:00,premium_annual,58,female
usr_003501,عمر,عمر_7594@hotmail.com,MA,,ios,11/12/2021,premium_annual,61,M
usr_003502,Fahad,fahad_7221@outlook.sa,DE,Tabuk,ios,2021-08-17,premium,54,male
usr_003503,Zainab,zainab_1832@hotmail.com,JO,Riyadh,smart_speaker,2020-08-26,trial,58,F
usr_003504,حسن,حسن_3504@yahoo.com,EG,Dammam,ios,2019-04-19,trial,29,m
usr_003505,نورة,نورة_8471@icloud.com,FR,Mecca,web,2021-02-18,free,55,m
usr_003506,ياسر,ياسر_8347@gmail.com,OM,Jeddah,web,2019-02-14,trial,48,male
usr_003507,ياسر,ياسر_2656@outlook.sa,UK,Mecca,car_play,20/10/2019,free,35,male
usr_003508,منى,منى_5619@hotmail.com,US,Medina,web,2022-01-04,trial,31,m
usr_003509,فهد,فهد_2291@gmail.com,MA,,car_play,2019-01-14,premium_annual,29,M
usr_003510,زينب,زينب_8527@icloud.com,UK,Buraidah,android,2021-09-30T00:00:00,premium,18,F
usr_003511,ياسر,ياسر_8692@hotmail.com,UK,Taif,android,2023-12-02,trial,44,male
usr_003512,خالد,خالد_4811@icloud.com,US,Khobar,car_play,2024-05-23,premium_annual,62,M
usr_003513,نورة,نورة_5540@hotmail.com,QA,Mecca,smart_speaker,12/02/2021,premium_annual,53,F
usr_003514,سارة,سارة_1415@yahoo.com,LB,Jeddah,ios,07/05/2022,premium_annual,37,
usr_003515,Noura,noura_1652@outlook.sa,DE,,car_play,2022-08-04,premium_annual,38,male
usr_003516,Mohammed,mohammed_5778@icloud.com,FR,Tabuk,ios,2022-03-13,trial,51,m
usr_003517,Mariam,mariam_9160@outlook.sa,EG,Taif,ios,2020-09-05T00:00:00,free,,f
usr_003518,Sultan,sultan_3413@icloud.com,UK,Taif,web,2022-03-19,free,38,f
usr_003519,Fahad,fahad_480@gmail.com,FR,,web,27/07/2024,free,55,male
usr_003520,Mona,mona_7761@icloud.com,LB,,ios,07-17-2021,premium_annual,53,M
usr_003521,منى,منى_8565@yahoo.com,US,Jeddah,web,2022-04-27T00:00:00,trial,32,M
usr_003522,Abdullah,abdullah_5297@outlook.sa,MA,Dammam,android,2022-12-01T00:00:00,free,28,female
usr_003523,فاطمة,فاطمة_6616@hotmail.com,BH,Buraidah,car_play,2019-02-26,premium_annual,57,m
usr_003524,Aisha,aisha_4948@hotmail.com,JO,,smart_speaker,2021-01-31,trial,45,male
usr_003525,Yasser,yasser_7222@icloud.com,OM,,android,2022-02-20,trial,34,F
usr_003526,Aisha,aisha_6047@icloud.com,DE,Dammam,web,22/01/2020,free,23,female
usr_003527,سارة,سارة_2840@yahoo.com,AE,Jeddah,ios,2021-10-12,premium,51,m
usr_003528,أحمد,أحمد_1390@gmail.com,UK,Jeddah,smart_speaker,2019-10-04,premium_annual,60,m
usr_003529,زينب,زينب_4491@hotmail.com,BH,,ios,2023-11-22,premium,27,male
usr_003530,Aisha,aisha_411@outlook.sa,SA,Abha,car_play,11/05/2024,premium_annual,62,F
usr_003531,Ahmed,ahmed_2822@outlook.sa,MA,,web,06-22-2022,premium_annual,43,m
usr_003532,ريم,ريم_1903@icloud.com,US,Riyadh,car_play,24/02/2024,trial,31,F
usr_003533,Ahmed,ahmed_8994@hotmail.com,MA,,ios,2023-12-06,premium,62,male
usr_003534,لمياء,لمياء_32@hotmail.com,JO,Tabuk,android,20/07/2020,trial,61,male
usr_003535,Mona,mona_9822@gmail.com,QA,Khobar,ios,16/04/2022,premium_annual,47,f
usr_003536,مريم,مريم_2117@hotmail.com,US,Riyadh,ios,02/11/2023,free,27,m
usr_003537,Tariq,tariq_5146@yahoo.com,BH,Dammam,android,23/07/2020,premium,23,F
usr_003538,Sarah,sarah_2860@hotmail.com,BH,Dammam,android,2022-08-04T00:00:00,premium_annual,33,M
usr_003539,مريم,مريم_9571@icloud.com,QA,Dammam,android,2019-11-30,premium,28,F
usr_003540,زينب,زينب_9291@outlook.sa,AE,Jeddah,car_play,07/06/2023,trial,23,F
usr_003541,لمياء,لمياء_5649@yahoo.com,FR,Abha,android,2021-01-01T00:00:00,premium,61,M
usr_003542,Lamia,lamia_2709@hotmail.com,US,Abha,android,09/07/2024,free,32,m
usr_003543,Reem,reem_2377@gmail.com,DE,,ios,29/11/2023,trial,57,
usr_003544,Yasser,yasser_7914@yahoo.com,LB,Taif,smart_speaker,16/11/2023,trial,62,f
usr_003545,Aisha,aisha_3472@outlook.sa,DE,,ios,2022-09-23T00:00:00,premium,62,f
usr_003546,Mona,mona_6223@gmail.com,MA,Taif,ios,31/03/2022,premium,18,female
usr_003547,لمياء,لمياء_2177@outlook.sa,OM,Abha,android,2022-12-17T00:00:00,trial,21,female
usr_003548,ياسر,ياسر_7450@outlook.sa,FR,Mecca,web,14/09/2022,free,,female
usr_003549,أحمد,أحمد_8044@gmail.com,UK,Abha,car_play,09-12-2024,free,26,male
usr_003550,ريم,ريم_4959@gmail.com,LB,Jeddah,web,2019-02-09,premium_annual,17,
usr_003551,محمد,محمد_3120@yahoo.com,QA,Mecca,smart_speaker,2021-07-30,premium,61,m
usr_003552,عائشة,عائشة_8937@gmail.com,DE,Abha,web,13/01/2022,trial,60,F
usr_003553,Reem,reem_9422@icloud.com,EG,Buraidah,ios,2020-08-09T00:00:00,free,17,male
usr_003554,ياسر,ياسر_9484@gmail.com,MA,,car_play,2021-06-30,trial,45,f
usr_003555,Lamia,lamia_4466@yahoo.com,MA,Taif,web,2023-07-25,free,,male
usr_003556,منى,منى_3745@gmail.com,UK,Taif,ios,2020-12-18,trial,48,male
usr_003557,Noura,noura_7943@yahoo.com,KW,Khobar,android,2024-05-01,trial,62,f
usr_003558,عبدالله,عبدالله_6326@outlook.sa,FR,Dammam,smart_speaker,27/12/2021,trial,39,
usr_003559,Tariq,tariq_436@yahoo.com,BH,,web,15/09/2024,trial,37,f
usr_003560,Reem,reem_4253@icloud.com,EG,,car_play,2023-04-10,trial,,f
usr_003561,لمياء,لمياء_9160@hotmail.com,US,,ios,2020-06-15,premium,63,
usr_003562,سلطان,سلطان_8494@hotmail.com,UK,Abha,web,12/04/2024,free,47,f
usr_003563,Reem,reem_2460@hotmail.com,JO,,web,12-29-2019,premium_annual,32,f
usr_003564,فاطمة,فاطمة_9826@hotmail.com,QA,Abha,smart_speaker,10-18-2020,free,17,female
usr_003565,Yasser,yasser_1977@hotmail.com,JO,Taif,android,29/05/2020,premium,21,
usr_003566,Mariam,mariam_8067@icloud.com,FR,,car_play,16/04/2021,free,27,m
usr_003567,مريم,مريم_1830@yahoo.com,EG,Riyadh,android,2023-07-21T00:00:00,trial,61,male
usr_003568,Hind,hind_3766@outlook.sa,US,Taif,android,09/09/2024,premium_annual,,M
usr_003569,أحمد,أحمد_9217@gmail.com,LB,Jeddah,android,22/12/2021,premium_annual,55,female
usr_003570,سلطان,سلطان_8032@hotmail.com,MA,,ios,2021-04-24,premium,46,male
usr_003571,هند,هند_1667@icloud.com,UK,Buraidah,car_play,22/11/2021,free,36,M
usr_003572,عائشة,عائشة_5505@gmail.com,MA,Khobar,smart_speaker,10-14-2023,premium_annual,38,f
usr_003573,منى,منى_5957@hotmail.com,LB,Buraidah,car_play,02-11-2020,trial,37,female
usr_003574,Sultan,,JO,Medina,web,2021-10-14,premium_annual,56,M
usr_003575,طارق,طارق_7691@outlook.sa,KW,Tabuk,smart_speaker,26/06/2020,trial,52,M
usr_003576,نورة,نورة_6625@outlook.sa,MA,,ios,2019-01-19,free,45,f
usr_003577,مريم,مريم_247@hotmail.com,EG,Khobar,web,2024-08-08,premium_annual,,f
usr_003578,محمد,محمد_5324@icloud.com,QA,Jeddah,web,01-23-2023,premium,50,F
usr_003579,Abdullah,abdullah_1344@outlook.sa,DE,Taif,smart_speaker,16/08/2021,premium,31,m
usr_003580,لمياء,,US,Abha,web,2024-04-27T00:00:00,premium,,F
usr_003581,سارة,سارة_1252@yahoo.com,JO,Tabuk,ios,12-12-2021,premium,19,m
usr_003582,فاطمة,فاطمة_9674@icloud.com,US,Taif,car_play,08-03-2022,free,42,m
usr_003583,هند,هند_4961@outlook.sa,BH,,ios,2024-09-09,trial,48,
usr_003584,Mona,mona_383@outlook.sa,SA,Khobar,web,2024-05-07T00:00:00,premium,39,
usr_003585,عبدالله,عبدالله_5272@outlook.sa,OM,Abha,ios,04/02/2023,free,38,
usr_003586,عمر,عمر_2061@outlook.sa,DE,Riyadh,ios,2019-11-29,premium_annual,31,
usr_003587,ياسر,ياسر_5064@icloud.com,DE,Dammam,android,08-03-2023,trial,60,
usr_003588,ريم,ريم_2535@yahoo.com,FR,Khobar,car_play,2019-12-31T00:00:00,premium,56,F
usr_003589,منى,منى_1437@gmail.com,MA,Dammam,car_play,2021-11-25,free,,M
usr_003590,Mona,mona_9187@gmail.com,LB,,smart_speaker,04/08/2023,premium_annual,55,f
usr_003591,Tariq,tariq_5664@gmail.com,KW,,car_play,2024-07-17,premium_annual,26,male
usr_003592,سارة,سارة_6037@hotmail.com,JO,Buraidah,android,21/04/2020,trial,,m
usr_003593,حسن,حسن_3112@hotmail.com,LB,Riyadh,smart_speaker,15/11/2020,free,45,
usr_003594,Yasser,yasser_4348@icloud.com,AE,Khobar,ios,04-27-2022,trial,28,M
usr_003595,فاطمة,فاطمة_6182@hotmail.com,AE,,web,2021-07-15,free,64,f
usr_003596,طارق,طارق_6300@icloud.com,US,Dammam,android,2023-04-05,trial,28,f
usr_003597,Tariq,tariq_3530@yahoo.com,OM,,ios,04-02-2022,free,58,m
usr_003598,سارة,سارة_5520@icloud.com,OM,Riyadh,ios,26/11/2022,trial,52,f
usr_003599,زينب,زينب_9300@gmail.com,QA,Jeddah,ios,2021-11-15,premium,,
usr_003600,طارق,طارق_364@yahoo.com,KW,Jeddah,ios,26/01/2024,free,50,female
usr_003601,خالد,خالد_4909@hotmail.com,OM,Khobar,smart_speaker,2022-03-10T00:00:00,trial,27,F
usr_003602,محمد,,JO,Dammam,car_play,01-23-2020,premium,57,female
usr_003603,زينب,زينب_306@yahoo.com,AE,Buraidah,smart_speaker,2024-07-27,trial,42,m
usr_003604,Mona,mona_6402@hotmail.com,JO,,android,03-11-2021,premium_annual,50,F
usr_003605,Noura,,SA,Mecca,web,06-05-2023,premium,63,f
usr_003606,فاطمة,فاطمة_5956@gmail.com,BH,Buraidah,web,2023-08-10,premium_annual,21,m
usr_003607,أحمد,أحمد_1982@gmail.com,QA,,android,2024-07-20,premium,,
usr_003608,Ahmed,ahmed_9502@outlook.sa,UK,Taif,smart_speaker,2021-09-15,trial,58,m
usr_003609,نورة,نورة_7609@outlook.sa,EG,Abha,web,2020-09-28,premium_annual,65,male
usr_003610,عبدالله,عبدالله_9880@hotmail.com,KW,,android,2024-07-15,trial,35,m
usr_003611,ياسر,,OM,Taif,ios,09/12/2020,premium_annual,44,M
usr_003612,Mona,mona_8172@outlook.sa,MA,Dammam,web,2021-06-29,free,31,m
usr_003613,Fatima,fatima_5537@yahoo.com,BH,Abha,android,27/07/2021,premium_annual,45,f
usr_003614,Omar,omar_8345@hotmail.com,JO,,smart_speaker,2022-08-04,premium_annual,56,
usr_003615,مريم,مريم_9339@outlook.sa,BH,Mecca,smart_speaker,2019-10-05T00:00:00,premium_annual,22,male
usr_003616,منى,منى_6715@gmail.com,MA,Khobar,ios,2021-03-27,premium_annual,22,f
usr_003617,هند,هند_9752@icloud.com,AE,Tabuk,car_play,02-01-2020,trial,21,male
usr_003618,محمد,,EG,Jeddah,web,2020-05-31,trial,32,F
usr_003619,Yasser,yasser_7889@outlook.sa,MA,Medina,android,2019-10-11T00:00:00,premium_annual,41,m
usr_003620,محمد,محمد_2147@hotmail.com,KW,Jeddah,ios,07/01/2024,trial,24,male
usr_003621,أحمد,أحمد_3324@yahoo.com,LB,Riyadh,web,01-11-2021,trial,29,M
usr_003622,عبدالله,,UK,Abha,ios,07/06/2023,free,47,m
usr_003623,سارة,سارة_1790@icloud.com,AE,Jeddah,android,04-24-2022,premium_annual,44,M
usr_003624,Mohammed,mohammed_5604@yahoo.com,UK,Tabuk,web,2023-01-05T00:00:00,trial,51,
usr_003625,هند,هند_5457@hotmail.com,DE,Taif,ios,29/03/2020,trial,65,M
usr_003626,Aisha,aisha_4539@yahoo.com,LB,Dammam,android,21/11/2022,premium,46,female
usr_003627,Fahad,fahad_5501@hotmail.com,JO,Medina,web,12/11/2023,premium_annual,23,f
usr_003628,محمد,محمد_9121@hotmail.com,SA,Medina,web,2020-08-11,premium,47,M
usr_003629,عمر,عمر_4417@hotmail.com,DE,Mecca,web,2022-09-20T00:00:00,premium,52,
usr_003630,Sarah,sarah_2718@hotmail.com,OM,,android,18/09/2024,premium_annual,,F
usr_003631,عائشة,عائشة_4175@outlook.sa,FR,Abha,ios,01-31-2019,premium_annual,47,f
usr_003632,Ahmed,ahmed_550@yahoo.com,SA,Mecca,web,2020-10-18,premium,19,F
usr_003633,عمر,عمر_3444@yahoo.com,FR,Riyadh,android,2021-05-13,free,62,female
usr_003634,Sarah,sarah_6670@yahoo.com,LB,Buraidah,web,20/02/2022,free,46,m
usr_003635,خالد,خالد_5256@hotmail.com,UK,Tabuk,smart_speaker,2022-06-22,trial,36,m
usr_003636,مريم,مريم_8608@outlook.sa,AE,Tabuk,smart_speaker,2019-12-30T00:00:00,premium,35,F
usr_003637,نورة,,DE,Riyadh,web,04-05-2020,premium_annual,23,M
usr_003638,زينب,زينب_2470@yahoo.com,AE,Jeddah,android,2023-03-27,trial,60,female
usr_003639,سارة,سارة_8414@hotmail.com,QA,,smart_speaker,2021-07-13,premium,29,F
usr_003640,مريم,مريم_2516@hotmail.com,UK,,android,16/09/2022,free,35,female
usr_003641,Tariq,tariq_1373@hotmail.com,QA,Taif,android,2023-01-31,premium,35,male
usr_003642,سارة,سارة_8344@icloud.com,KW,Dammam,car_play,2023-04-24,free,57,m
usr_003643,Noura,noura_782@icloud.com,BH,Jeddah,smart_speaker,2022-10-19,trial,32,
usr_003644,Mona,mona_3268@hotmail.com,SA,Taif,ios,2023-11-25T00:00:00,free,32,male
usr_003645,منى,منى_932@gmail.com,OM,Buraidah,car_play,03/12/2019,trial,17,male
usr_003646,Hassan,hassan_8753@yahoo.com,US,,ios,2022-05-10,trial,40,M
usr_003647,عبدالله,عبدالله_2750@hotmail.com,LB,Taif,car_play,2019-04-27,premium,17,m
usr_003648,عبدالله,عبدالله_9119@icloud.com,AE,Medina,car_play,2022-02-04T00:00:00,premium,18,
usr_003649,Yasser,yasser_3736@gmail.com,US,Taif,ios,18/02/2024,free,43,female
usr_003650,Mona,mona_9811@gmail.com,BH,Riyadh,smart_speaker,2023-01-10,premium_annual,57,m
usr_003651,مريم,مريم_8237@outlook.sa,EG,,ios,13/08/2024,trial,64,m
usr_003652,ياسر,ياسر_573@yahoo.com,MA,,android,2021-09-01,trial,,female
usr_003653,سارة,سارة_6252@gmail.com,AE,Taif,car_play,05-22-2023,trial,,male
usr_003654,Hind,hind_8254@outlook.sa,SA,,ios,2024-07-30,trial,23,male
usr_003655,Omar,omar_6635@gmail.com,AE,Tabuk,car_play,2024-09-30T00:00:00,premium_annual,64,female
usr_003656,Khalid,khalid_3529@icloud.com,BH,Tabuk,ios,2022-06-11,premium,62,M
usr_003657,Omar,omar_7183@yahoo.com,KW,,android,06-15-2023,trial,44,f
usr_003658,مريم,مريم_350@outlook.sa,QA,,ios,11/08/2022,premium,,
usr_003659,Sarah,sarah_6402@hotmail.com,UK,Jeddah,android,2021-06-24,premium,24,F
usr_003660,ريم,ريم_8063@icloud.com,UK,,car_play,2021-01-19T00:00:00,premium,35,f
usr_003661,سارة,,FR,,android,2020-01-14,trial,61,f
usr_003662,حسن,حسن_2127@icloud.com,KW,,ios,2020-06-15,premium,16,f
usr_003663,Khalid,khalid_809@outlook.sa,UK,Jeddah,ios,2019-01-29,premium,50,F
usr_003664,Mariam,mariam_2422@outlook.sa,LB,Mecca,car_play,2022-07-02,free,61,f
usr_003665,Mona,mona_3256@outlook.sa,AE,Riyadh,web,2021-08-21,trial,20,m
usr_003666,Khalid,khalid_8781@gmail.com,LB,Jeddah,ios,2019-12-24,trial,55,m
usr_003667,ريم,ريم_1041@icloud.com,JO,,car_play,2021-01-25,premium_annual,49,m
usr_003668,Mariam,mariam_9817@icloud.com,UK,Riyadh,smart_speaker,2019-06-08,premium,62,
usr_003669,منى,منى_8501@hotmail.com,DE,Buraidah,web,2024-07-31,premium_annual,48,m
usr_003670,فاطمة,فاطمة_4778@hotmail.com,QA,Medina,ios,12/09/2020,trial,51,male
usr_003671,Sarah,sarah_1337@gmail.com,MA,Abha,ios,2024-09-07,free,,f
usr_003672,Reem,reem_5084@gmail.com,SA,Dammam,web,17/12/2020,premium,36,m
usr_003673,مريم,مريم_4808@yahoo.com,AE,,smart_speaker,07/10/2020,trial,59,m
usr_003674,Zainab,zainab_6833@hotmail.com,UK,,web,11-29-2023,premium,47,male
usr_003675,محمد,محمد_8637@hotmail.com,OM,,android,2022-06-18,premium,,male
usr_003676,Khalid,khalid_2491@icloud.com,LB,Riyadh,web,24/08/2022,trial,39,male
usr_003677,Abdullah,abdullah_7778@gmail.com,QA,Riyadh,web,2022-09-30T00:00:00,trial,17,m
usr_003678,عائشة,عائشة_4167@yahoo.com,AE,Mecca,web,2021-07-07,free,59,M
usr_003679,سارة,سارة_5205@icloud.com,KW,Riyadh,smart_speaker,04-26-2019,premium,58,M
usr_003680,ياسر,ياسر_586@yahoo.com,AE,Medina,android,04-06-2021,premium_annual,30,
usr_003681,Omar,,UK,Tabuk,web,2020-09-11,premium,30,M
usr_003682,Khalid,khalid_8971@gmail.com,LB,Taif,web,30/06/2019,premium,43,F
usr_003683,Zainab,zainab_4121@hotmail.com,JO,,android,02-04-2022,premium,,
usr_003684,مريم,مريم_5588@gmail.com,FR,Dammam,ios,2022-12-16,free,50,f
usr_003685,عمر,عمر_1071@hotmail.com,FR,Medina,smart_speaker,2020-09-18T00:00:00,premium_annual,,F
usr_003686,لمياء,لمياء_666@outlook.sa,MA,,android,2020-11-16T00:00:00,premium_annual,,female
usr_003687,Mariam,mariam_3612@gmail.com,FR,,android,14/02/2020,premium_annual,62,m
usr_003688,Mona,mona_5251@hotmail.com,AE,Khobar,android,2021-09-14,trial,27,f
usr_003689,خالد,خالد_9403@hotmail.com,JO,,web,12/07/2019,free,37,M
usr_003690,عائشة,عائشة_9688@outlook.sa,OM,,smart_speaker,2021-12-31,premium_annual,30,male
usr_003691,Hind,hind_2970@gmail.com,US,Dammam,car_play,2020-10-17,premium_annual,,f
usr_003692,زينب,زينب_3063@outlook.sa,US,Buraidah,android,2022-03-15T00:00:00,premium,,male
usr_003693,Sarah,sarah_3786@gmail.com,QA,Buraidah,web,2021-10-25T00:00:00,free,52,m
usr_003694,فاطمة,فاطمة_3380@gmail.com,QA,Riyadh,android,2021-06-22T00:00:00,free,17,M
usr_003695,Mohammed,mohammed_8054@yahoo.com,OM,,smart_speaker,2020-04-20,trial,42,F
usr_003696,أحمد,أحمد_5466@hotmail.com,QA,,smart_speaker,2022-03-25T00:00:00,premium_annual,17,
usr_003697,Abdullah,abdullah_3818@outlook.sa,US,Khobar,car_play,2020-02-04,free,25,female
usr_003698,هند,هند_7124@icloud.com,FR,Taif,smart_speaker,2022-04-20,premium,,
usr_003699,هند,هند_9988@yahoo.com,BH,,android,2020-06-03,trial,34,M
usr_003700,مريم,مريم_825@hotmail.com,BH,,android,2021-01-09T00:00:00,free,,M
usr_003701,عائشة,عائشة_8552@hotmail.com,JO,Medina,car_play,2020-01-16,free,32,f
usr_003702,Fahad,fahad_4853@gmail.com,EG,Jeddah,web,2019-09-28,trial,,F
usr_003703,نورة,نورة_5270@yahoo.com,OM,,smart_speaker,09/10/2021,premium,51,M
usr_003704,Sultan,sultan_9892@outlook.sa,LB,,car_play,2024-03-03,free,32,m
usr_003705,Mona,mona_4557@yahoo.com,US,Khobar,smart_speaker,09/01/2021,premium_annual,53,f
usr_003706,Fatima,fatima_3778@outlook.sa,QA,,android,2021-02-18,premium_annual,30,female
usr_003707,أحمد,أحمد_9958@yahoo.com,LB,Riyadh,web,2019-08-06,premium,50,female
usr_003708,خالد,خالد_8146@yahoo.com,JO,Medina,car_play,2023-07-12,premium,47,F
usr_003709,نورة,نورة_8317@icloud.com,JO,,ios,2021-10-09,premium,59,m
usr_003710,حسن,حسن_3218@yahoo.com,BH,Khobar,smart_speaker,2023-05-22,premium,63,male
usr_003711,عبدالله,عبدالله_8612@icloud.com,MA,,android,2023-08-22,trial,19,M
usr_003712,نورة,نورة_2334@gmail.com,UK,,smart_speaker,06/05/2023,trial,53,male
usr_003713,Khalid,khalid_3696@hotmail.com,JO,,smart_speaker,2019-04-09,trial,60,female
usr_003714,طارق,طارق_820@outlook.sa,BH,Abha,car_play,2022-01-24T00:00:00,premium,29,f
usr_003715,Omar,omar_6861@hotmail.com,MA,Jeddah,car_play,17/04/2021,trial,64,M
usr_003716,خالد,,OM,,car_play,2024-05-09T00:00:00,trial,35,
usr_003717,Lamia,lamia_7482@icloud.com,KW,Tabuk,ios,01-11-2024,trial,25,f
usr_003718,مريم,مريم_6280@hotmail.com,US,,smart_speaker,27/06/2020,trial,43,F
usr_003719,محمد,محمد_7420@yahoo.com,OM,Riyadh,car_play,2021-09-04,premium_annual,28,m
usr_003720,فهد,فهد_8914@hotmail.com,SA,,smart_speaker,2019-09-29T00:00:00,free,46,
usr_003721,Noura,noura_6123@outlook.sa,UK,Tabuk,web,2020-05-21,free,51,f
usr_003722,نورة,نورة_4930@yahoo.com,FR,Jeddah,smart_speaker,08-15-2020,premium_annual,,f
usr_003723,Ahmed,,LB,,android,2022-12-24T00:00:00,premium,27,F
usr_003724,ياسر,ياسر_9811@gmail.com,JO,Medina,car_play,2020-04-29T00:00:00,premium_annual,34,F
usr_003725,خالد,خالد_4915@outlook.sa,KW,Buraidah,android,2024-02-15,trial,40,f
usr_003726,Fahad,fahad_3713@yahoo.com,KW,Jeddah,smart_speaker,2024-03-26,free,,
usr_003727,فاطمة,فاطمة_6582@outlook.sa,US,Dammam,android,09/01/2024,free,,F
usr_003728,خالد,خالد_5236@hotmail.com,KW,Medina,ios,14/11/2020,premium,37,f
usr_003729,لمياء,لمياء_432@icloud.com,QA,Mecca,car_play,2019-04-05,trial,38,F
usr_003730,حسن,حسن_9184@hotmail.com,EG,Buraidah,web,2023-05-15T00:00:00,free,57,F
usr_003731,سارة,سارة_1628@yahoo.com,UK,Riyadh,smart_speaker,04/07/2024,free,27,m
usr_003732,زينب,زينب_350@outlook.sa,MA,Taif,ios,2024-01-29,premium,46,M
usr_003733,Reem,reem_6918@yahoo.com,EG,Buraidah,ios,01-29-2020,trial,49,female
usr_003734,Fatima,fatima_610@yahoo.com,BH,,car_play,03-01-2024,trial,62,f
usr_003735,Zainab,zainab_7398@gmail.com,BH,Abha,smart_speaker,09/01/2021,premium,48,M
usr_003736,طارق,طارق_5119@yahoo.com,AE,,web,2021-03-04,premium,25,M
usr_003737,ياسر,ياسر_2852@hotmail.com,BH,Abha,car_play,2023-05-04,free,35,
usr_003738,Yasser,yasser_7680@yahoo.com,FR,,android,29/11/2023,premium,21,f
usr_003739,Noura,noura_4585@hotmail.com,KW,Buraidah,smart_speaker,16/02/2021,premium,46,
usr_003740,سارة,سارة_614@gmail.com,DE,Tabuk,car_play,24/07/2021,premium_annual,44,F
usr_003741,Lamia,lamia_1916@hotmail.com,DE,Mecca,ios,2024-07-01T00:00:00,free,36,M
usr_003742,زينب,زينب_2485@hotmail.com,AE,,android,2024-08-27,trial,,f
usr_003743,Fatima,fatima_2693@icloud.com,QA,Tabuk,android,2023-08-05,trial,33,male
usr_003744,Fahad,fahad_8798@yahoo.com,OM,Abha,car_play,14/12/2023,premium,18,f
usr_003745,منى,منى_6869@yahoo.com,UK,Jeddah,android,27/04/2022,free,42,m
usr_003746,حسن,حسن_5425@hotmail.com,AE,Jeddah,web,26/05/2020,trial,46,f
usr_003747,فهد,فهد_9955@hotmail.com,US,Taif,ios,03/01/2022,free,29,m
usr_003748,عمر,عمر_4752@yahoo.com,SA,,web,2023-06-28T00:00:00,premium_annual,49,male
usr_003749,أحمد,أحمد_5013@hotmail.com,MA,,smart_speaker,2019-06-29T00:00:00,premium_annual,50,
usr_003750,أحمد,,MA,Khobar,android,09/05/2023,free,49,m
usr_003751,أحمد,أحمد_8736@icloud.com,AE,Riyadh,android,19/03/2024,premium,40,
usr_003752,مريم,مريم_5040@gmail.com,UK,,smart_speaker,2020-07-13,free,25,male
usr_003753,Mohammed,mohammed_4978@gmail.com,EG,Medina,android,16/09/2024,premium,,f
usr_003754,لمياء,لمياء_5080@icloud.com,DE,Dammam,web,28/08/2022,trial,17,f
usr_003755,فاطمة,فاطمة_7940@icloud.com,FR,,android,2024-07-19,free,56,f
usr_003756,سارة,سارة_8085@hotmail.com,SA,Mecca,android,01/06/2023,premium_annual,,male
usr_003757,Sarah,sarah_5086@hotmail.com,EG,Khobar,web,2023-10-06,free,,m
usr_003758,طارق,طارق_7011@outlook.sa,JO,Medina,smart_speaker,16/11/2023,premium,29,
usr_003759,عمر,عمر_3123@gmail.com,MA,,car_play,2023-07-23,free,46,
usr_003760,Ahmed,ahmed_2681@outlook.sa,UK,,car_play,07/04/2024,premium,40,female
usr_003761,خالد,خالد_473@icloud.com,DE,Dammam,android,05-09-2023,premium,56,F
usr_003762,Fatima,fatima_3490@hotmail.com,BH,Medina,car_play,2024-01-09,premium,57,M
usr_003763,ياسر,ياسر_4729@outlook.sa,SA,Buraidah,android,05-31-2023,trial,39,M
usr_003764,طارق,طارق_9552@gmail.com,BH,Mecca,car_play,16/04/2023,free,37,m
usr_003765,طارق,طارق_779@yahoo.com,UK,Medina,android,18/12/2023,premium_annual,25,f
usr_003766,ياسر,ياسر_4865@hotmail.com,SA,,ios,06-07-2023,trial,45,female
usr_003767,سارة,سارة_7876@icloud.com,BH,Abha,smart_speaker,2021-06-11,trial,54,
usr_003768,نورة,نورة_4210@hotmail.com,JO,Jeddah,android,2021-01-29,trial,65,
usr_003769,Noura,noura_4581@icloud.com,MA,,car_play,2023-10-14T00:00:00,trial,52,m
usr_003770,مريم,مريم_1996@hotmail.com,FR,Tabuk,ios,06-02-2019,free,18,m
usr_003771,لمياء,لمياء_8531@gmail.com,SA,Dammam,web,2023-05-28,trial,,female
usr_003772,ياسر,ياسر_370@outlook.sa,FR,,ios,2023-10-03,trial,32,f
usr_003773,Mohammed,mohammed_2474@hotmail.com,BH,Abha,ios,18/03/2023,trial,31,f
usr_003774,Sarah,sarah_5371@yahoo.com,FR,Jeddah,android,05/05/2023,free,50,
usr_003775,أحمد,أحمد_5564@gmail.com,SA,Khobar,ios,30/01/2023,free,57,female
usr_003776,لمياء,لمياء_3460@icloud.com,US,,car_play,17/07/2022,free,49,f
usr_003777,سلطان,سلطان_6746@icloud.com,UK,Riyadh,android,2019-08-18T00:00:00,premium,21,male
usr_003778,Fatima,fatima_9043@gmail.com,DE,,web,2020-01-23,premium_annual,51,f
usr_003779,مريم,مريم_3612@hotmail.com,EG,Medina,web,2019-10-10,premium,60,male
usr_003780,Mona,mona_8967@yahoo.com,DE,Tabuk,smart_speaker,2023-10-29,free,37,male
usr_003781,ياسر,ياسر_5036@gmail.com,OM,Abha,smart_speaker,14/01/2019,trial,,
usr_003782,Hind,hind_7719@hotmail.com,SA,Taif,ios,10/04/2023,premium,47,f
usr_003783,زينب,زينب_7002@icloud.com,DE,,web,2019-02-21T00:00:00,trial,25,M
usr_003784,مريم,مريم_6943@icloud.com,QA,,android,2021-12-27,free,49,male
usr_003785,Mona,mona_3228@icloud.com,FR,Tabuk,smart_speaker,2022-12-19,trial,49,M
usr_003786,ريم,ريم_2641@outlook.sa,FR,,android,03-29-2019,free,56,
usr_003787,منى,منى_6282@yahoo.com,MA,,web,21/01/2024,trial,21,f
usr_003788,زينب,زينب_7229@yahoo.com,AE,Abha,web,2023-11-06,trial,34,
usr_003789,ياسر,ياسر_2992@outlook.sa,MA,Tabuk,smart_speaker,2019-05-23T00:00:00,premium,45,
usr_003790,سارة,,AE,Taif,android,2020-12-29T00:00:00,premium_annual,53,m
usr_003791,منى,منى_1976@yahoo.com,EG,Medina,smart_speaker,2024-01-13T00:00:00,free,,m
usr_003792,Hind,hind_1288@outlook.sa,QA,Abha,ios,11-12-2021,premium_annual,,female
usr_003793,لمياء,,JO,Taif,smart_speaker,2021-03-31T00:00:00,premium_annual,25,F
usr_003794,Hassan,hassan_7837@outlook.sa,QA,Medina,web,20/11/2022,premium,21,m
usr_003795,Mariam,mariam_7655@hotmail.com,AE,,ios,06/01/2019,premium_annual,43,female
usr_003796,Hassan,hassan_6354@hotmail.com,AE,Tabuk,smart_speaker,2020-05-10,free,18,male
usr_003797,Hassan,hassan_9982@icloud.com,SA,,ios,16/06/2023,trial,38,m
usr_003798,فهد,فهد_632@icloud.com,EG,,ios,01/11/2020,premium,17,f
usr_003799,Lamia,lamia_7945@icloud.com,BH,,car_play,2021-08-25T00:00:00,free,41,M
usr_003800,Mona,mona_9281@yahoo.com,BH,Medina,ios,05/03/2019,trial,40,female
usr_003801,ريم,ريم_9564@hotmail.com,MA,Jeddah,car_play,25/12/2019,trial,21,M
usr_003802,Sultan,sultan_5400@icloud.com,QA,Khobar,android,2024-09-09,premium_annual,,f
usr_003803,فاطمة,فاطمة_3058@icloud.com,FR,Mecca,ios,22/09/2024,premium_annual,18,M
usr_003804,عبدالله,عبدالله_9009@outlook.sa,EG,Tabuk,smart_speaker,2024-05-12T00:00:00,premium,22,F
usr_003805,سلطان,سلطان_9290@yahoo.com,DE,,car_play,2022-07-02,premium,32,m
usr_003806,ياسر,ياسر_7080@gmail.com,FR,Dammam,android,15/12/2021,premium,,m
usr_003807,سارة,سارة_9189@hotmail.com,OM,,web,2023-05-03,free,27,
usr_003808,أحمد,أحمد_5638@gmail.com,LB,Taif,ios,2022-02-18,trial,44,m
usr_003809,عائشة,عائشة_5029@outlook.sa,FR,Medina,android,10-25-2022,free,60,male
usr_003810,محمد,محمد_8070@hotmail.com,DE,,car_play,2021-02-04T00:00:00,premium,60,male
usr_003811,Abdullah,abdullah_7169@hotmail.com,AE,Mecca,smart_speaker,2019-10-22,free,43,f
usr_003812,ريم,ريم_1645@gmail.com,EG,,smart_speaker,2024-05-26,premium,40,
usr_003813,زينب,زينب_1420@yahoo.com,UK,Jeddah,car_play,2021-02-03,premium,32,
usr_003814,Aisha,aisha_9734@hotmail.com,BH,Mecca,ios,06/01/2020,premium,25,m
usr_003815,أحمد,أحمد_4959@hotmail.com,FR,Abha,smart_speaker,04/03/2024,free,16,M
usr_003816,منى,منى_7484@gmail.com,MA,,car_play,2023-10-15T00:00:00,premium_annual,31,
usr_003817,Reem,reem_2008@outlook.sa,US,Medina,car_play,17/06/2022,premium_annual,23,
usr_003818,أحمد,أحمد_2871@yahoo.com,UK,Taif,web,20/04/2021,premium_annual,16,m
usr_003819,Mona,mona_4481@icloud.com,OM,Khobar,car_play,2019-01-06,trial,41,f
usr_003820,فاطمة,فاطمة_8167@yahoo.com,BH,,car_play,2022-10-19,free,43,m
usr_003821,Sultan,sultan_190@gmail.com,DE,Jeddah,car_play,11-23-2019,trial,34,female
usr_003822,Abdullah,abdullah_6363@yahoo.com,MA,Buraidah,ios,13/11/2022,trial,,male
usr_003823,محمد,محمد_6233@outlook.sa,AE,,car_play,2021-01-10T00:00:00,free,57,male
usr_003824,طارق,طارق_7603@gmail.com,MA,Tabuk,web,2020-10-23,trial,60,m
usr_003825,زينب,زينب_9175@hotmail.com,KW,,android,2022-10-25T00:00:00,premium_annual,62,
usr_003826,Tariq,tariq_9792@yahoo.com,QA,Mecca,android,2019-10-11,premium_annual,30,male
usr_003827,Fatima,fatima_7759@outlook.sa,DE,Riyadh,web,2021-03-10,premium,47,
usr_003828,سلطان,سلطان_6160@icloud.com,EG,Medina,web,08-03-2020,premium_annual,54,
usr_003829,Yasser,yasser_4912@yahoo.com,UK,Medina,ios,07/11/2023,trial,54,m
usr_003830,محمد,,AE,Taif,smart_speaker,14/06/2023,premium,28,m
usr_003831,Tariq,tariq_5595@outlook.sa,FR,Mecca,car_play,2019-04-30,trial,42,f
usr_003832,Reem,reem_7065@yahoo.com,SA,Buraidah,web,03-18-2020,free,39,f
usr_003833,أحمد,أحمد_3860@gmail.com,LB,,web,2024-06-21,trial,20,female
usr_003834,ريم,ريم_3771@outlook.sa,EG,,ios,12-23-2022,premium,25,
usr_003835,مريم,,MA,Riyadh,web,2020-03-08,free,,female
usr_003836,زينب,زينب_6876@gmail.com,UK,Dammam,android,2019-12-25T00:00:00,premium,,male
usr_003837,Sarah,sarah_4278@outlook.sa,DE,,web,2022-10-11,premium_annual,55,male
usr_003838,ريم,ريم_162@gmail.com,BH,,web,05-07-2024,trial,,f
usr_003839,Ahmed,ahmed_1981@hotmail.com,US,Jeddah,car_play,2021-10-10,premium_annual,,M
usr_003840,عائشة,عائشة_1673@icloud.com,JO,,web,07-31-2019,free,38,female
usr_003841,Fatima,fatima_3198@outlook.sa,UK,Medina,android,23/08/2021,premium_annual,36,male
usr_003842,ياسر,ياسر_6341@gmail.com,SA,Medina,car_play,2022-05-15,free,21,f
usr_003843,Mona,mona_9520@outlook.sa,KW,Riyadh,car_play,2020-02-20,trial,34,
usr_003844,ياسر,ياسر_7987@gmail.com,MA,Taif,car_play,2023-03-17,trial,26,m
usr_003845,حسن,حسن_431@yahoo.com,SA,Khobar,ios,04/09/2022,trial,53,f
usr_003846,نورة,نورة_691@icloud.com,QA,Dammam,android,2024-02-24T00:00:00,free,24,male
usr_003847,Fatima,fatima_3458@yahoo.com,AE,Mecca,smart_speaker,09/02/2024,premium,61,f
usr_003848,منى,منى_4163@icloud.com,JO,Buraidah,web,09/10/2019,premium,59,male
usr_003849,حسن,حسن_9348@yahoo.com,AE,Jeddah,web,2022-07-28,premium,19,male
usr_003850,مريم,مريم_8400@yahoo.com,LB,,ios,21/08/2021,trial,57,M
usr_003851,طارق,طارق_7929@hotmail.com,SA,,android,2019-07-25,premium_annual,31,M
usr_003852,خالد,خالد_8530@yahoo.com,OM,Riyadh,web,2023-10-20,premium,54,female
usr_003853,عائشة,عائشة_1009@icloud.com,LB,Tabuk,car_play,2021-11-07,premium,19,male
usr_003854,عمر,عمر_5944@yahoo.com,US,Riyadh,ios,2019-05-04,premium_annual,53,male
usr_003855,ريم,ريم_4902@gmail.com,KW,,ios,29/09/2021,free,35,
usr_003856,ياسر,ياسر_5890@hotmail.com,QA,Mecca,ios,2022-03-24,trial,43,F
usr_003857,خالد,خالد_8077@outlook.sa,BH,,car_play,2019-08-09,free,37,f
usr_003858,حسن,حسن_3468@gmail.com,UK,Jeddah,ios,28/06/2021,free,18,F
usr_003859,Mona,mona_8184@icloud.com,MA,,car_play,2019-04-17T00:00:00,free,60,female
usr_003860,Aisha,aisha_8308@yahoo.com,BH,,ios,2023-04-29,trial,54,m
usr_003861,هند,هند_9935@gmail.com,AE,,web,2021-01-06,free,28,m
usr_003862,ريم,ريم_8442@yahoo.com,BH,Mecca,smart_speaker,2021-12-22,premium,62,m
usr_003863,Omar,omar_8540@yahoo.com,MA,Riyadh,ios,2021-08-08,premium,30,M
usr_003864,مريم,مريم_6532@gmail.com,FR,Mecca,car_play,2020-07-09,premium_annual,39,male
usr_003865,Mona,mona_6176@gmail.com,QA,Tabuk,android,2020-01-12T00:00:00,premium_annual,42,female
usr_003866,أحمد,أحمد_875@hotmail.com,US,,web,22/12/2019,free,36,f
usr_003867,Lamia,lamia_2289@yahoo.com,KW,Mecca,ios,2023-01-10,trial,53,M
usr_003868,ياسر,ياسر_3670@hotmail.com,JO,Medina,android,06/01/2023,premium_annual,54,M
usr_003869,نورة,نورة_364@gmail.com,DE,Abha,smart_speaker,2019-04-11,free,41,F
usr_003870,هند,هند_4888@gmail.com,AE,Taif,web,2024-04-12,premium_annual,46,f
usr_003871,حسن,حسن_4198@gmail.com,US,,web,31/08/2020,trial,52,
usr_003872,Aisha,aisha_4827@icloud.com,US,,car_play,2019-10-15,free,40,
usr_003873,Hind,,OM,Khobar,ios,2024-01-24,trial,64,F
usr_003874,عائشة,عائشة_2647@yahoo.com,FR,Buraidah,car_play,2024-05-06,premium_annual,47,M
usr_003875,هند,هند_6388@hotmail.com,DE,Tabuk,web,2022-02-11,trial,43,
usr_003876,عمر,عمر_2083@hotmail.com,UK,Taif,ios,03-01-2019,premium_annual,53,male
usr_003877,عائشة,عائشة_9055@hotmail.com,BH,Khobar,ios,14/08/2023,free,53,male
usr_003878,محمد,محمد_3425@gmail.com,JO,Jeddah,ios,18/03/2022,free,57,F
usr_003879,هند,هند_1291@yahoo.com,KW,,smart_speaker,2019-08-21,premium_annual,33,f
usr_003880,Sultan,sultan_7236@hotmail.com,DE,Riyadh,ios,13/03/2023,trial,32,
usr_003881,Abdullah,abdullah_6893@outlook.sa,DE,Jeddah,smart_speaker,2023-03-02,premium,40,male
usr_003882,عبدالله,عبدالله_4981@outlook.sa,FR,Dammam,android,04-10-2020,premium_annual,22,m
usr_003883,محمد,محمد_5463@yahoo.com,FR,Taif,web,08/02/2020,premium,16,f
usr_003884,Yasser,yasser_1754@icloud.com,MA,Buraidah,smart_speaker,2024-03-24,trial,52,f
usr_003885,عائشة,عائشة_7525@icloud.com,UK,Abha,web,08/08/2024,free,47,M
usr_003886,مريم,مريم_8765@yahoo.com,AE,,car_play,10-28-2023,premium,,m
usr_003887,Abdullah,abdullah_5525@yahoo.com,UK,Khobar,ios,2022-05-09,trial,53,m
usr_003888,فاطمة,فاطمة_8767@outlook.sa,BH,Riyadh,car_play,01-09-2020,premium_annual,32,m
usr_003889,هند,هند_398@hotmail.com,BH,Mecca,web,04-09-2023,premium,51,F
usr_003890,Hassan,hassan_5787@outlook.sa,SA,Tabuk,car_play,2021-06-19,premium_annual,56,F
usr_003891,عائشة,,MA,Mecca,ios,09-12-2019,premium,34,f
usr_003892,Tariq,tariq_2363@icloud.com,KW,Buraidah,web,2021-01-23T00:00:00,premium,26,M
usr_003893,فهد,,EG,Medina,car_play,2023-12-28,free,52,female
usr_003894,لمياء,لمياء_6136@gmail.com,LB,,car_play,17/09/2021,premium,,female
usr_003895,Ahmed,ahmed_4560@icloud.com,UK,Dammam,car_play,2023-12-16T00:00:00,premium_annual,62,m
usr_003896,حسن,حسن_8570@gmail.com,SA,Abha,android,05-19-2021,free,62,m
usr_003897,مريم,مريم_7215@outlook.sa,SA,,web,2024-06-22,premium,35,f
usr_003898,Fahad,fahad_9397@hotmail.com,DE,Riyadh,android,2019-07-01,trial,32,
usr_003899,Lamia,lamia_2409@outlook.sa,SA,,car_play,2022-10-27,premium,48,
usr_003900,منى,منى_1715@yahoo.com,FR,Taif,android,2022-02-14,free,63,male
usr_003901,Omar,omar_9815@icloud.com,DE,,car_play,24/06/2020,premium_annual,22,m
usr_003902,منى,منى_4232@icloud.com,KW,Dammam,car_play,09/05/2022,trial,32,F
usr_003903,Fatima,,EG,Taif,car_play,01-19-2020,premium_annual,42,female
usr_003904,Noura,noura_4432@gmail.com,FR,Jeddah,smart_speaker,2019-06-04,free,27,f
usr_003905,نورة,نورة_1514@outlook.sa,LB,Dammam,ios,2020-10-29,premium,,F
usr_003906,سارة,سارة_2983@icloud.com,OM,,web,19/06/2020,free,43,
usr_003907,Fatima,fatima_2833@yahoo.com,DE,,smart_speaker,2023-06-02,premium,59,F
usr_003908,أحمد,أحمد_5058@yahoo.com,EG,Mecca,smart_speaker,06-01-2019,premium_annual,62,male
usr_003909,Abdullah,abdullah_4166@hotmail.com,AE,Riyadh,smart_speaker,2022-02-27,free,43,f
usr_003910,سارة,سارة_8481@hotmail.com,FR,Dammam,smart_speaker,2019-02-10,free,30,f
usr_003911,Zainab,zainab_2191@hotmail.com,FR,Abha,ios,02/05/2022,trial,34,M
usr_003912,Lamia,lamia_1921@yahoo.com,BH,Khobar,smart_speaker,14/01/2023,premium_annual,41,F
usr_003913,Ahmed,ahmed_6319@hotmail.com,BH,Abha,web,2020-07-25,trial,54,female
usr_003914,طارق,طارق_8128@outlook.sa,EG,,web,2022-02-22,free,60,m
usr_003915,Sarah,sarah_2721@yahoo.com,DE,Jeddah,smart_speaker,2022-02-14,premium_annual,28,f
usr_003916,Fahad,fahad_1966@yahoo.com,EG,Riyadh,web,21/03/2022,premium,55,M
usr_003917,عبدالله,عبدالله_4798@outlook.sa,MA,Buraidah,ios,02-25-2021,premium,38,F
usr_003918,Abdullah,abdullah_279@icloud.com,SA,Riyadh,car_play,06/06/2021,premium_annual,,F
usr_003919,Ahmed,ahmed_2061@icloud.com,QA,Dammam,ios,27/10/2023,premium_annual,16,F
usr_003920,زينب,زينب_5846@icloud.com,MA,,web,01/02/2020,premium,20,m
usr_003921,أحمد,أحمد_1935@icloud.com,AE,Abha,ios,2021-06-06,premium,18,f
usr_003922,هند,هند_4383@icloud.com,AE,Dammam,ios,2021-03-29T00:00:00,trial,35,
usr_003923,Tariq,tariq_9061@outlook.sa,KW,Jeddah,smart_speaker,2022-04-20,premium,27,M
usr_003924,سارة,سارة_5940@yahoo.com,US,Tabuk,smart_speaker,2021-11-20,premium,,f
usr_003925,Noura,noura_5085@hotmail.com,QA,,smart_speaker,2019-11-02T00:00:00,trial,24,
usr_003926,زينب,زينب_4522@yahoo.com,SA,,ios,11-17-2019,free,34,female
usr_003927,منى,منى_6100@hotmail.com,MA,Riyadh,ios,26/02/2022,trial,22,F
usr_003928,Hassan,hassan_4511@gmail.com,FR,Jeddah,car_play,2021-09-28,free,44,f
usr_003929,ريم,,LB,,smart_speaker,05/09/2022,free,59,male
usr_003930,Ahmed,ahmed_9772@gmail.com,JO,,car_play,2024-05-17,premium_annual,59,m
usr_003931,سارة,,DE,Tabuk,android,12/10/2023,trial,50,m
usr_003932,سارة,سارة_5876@icloud.com,FR,,android,2021-01-13T00:00:00,premium,26,female
usr_003933,عمر,عمر_6827@yahoo.com,UK,Tabuk,ios,24/09/2024,premium_annual,,m
usr_003934,عبدالله,عبدالله_3370@hotmail.com,OM,Dammam,car_play,25/04/2023,premium,63,male
usr_003935,زينب,زينب_4060@icloud.com,DE,Buraidah,smart_speaker,07-03-2022,free,25,
usr_003936,عائشة,عائشة_7713@yahoo.com,OM,,web,2022-04-26,trial,61,
usr_003937,ياسر,ياسر_5908@icloud.com,KW,Buraidah,web,13/08/2023,free,27,m
usr_003938,سلطان,سلطان_9273@yahoo.com,MA,Jeddah,car_play,2020-06-16,premium_annual,62,F
usr_003939,سلطان,سلطان_8887@icloud.com,QA,,ios,2020-10-20T00:00:00,free,44,
usr_003940,فهد,,FR,Taif,web,2023-03-25T00:00:00,premium_annual,26,female
usr_003941,Mariam,mariam_9960@icloud.com,OM,Jeddah,smart_speaker,2020-01-10T00:00:00,premium_annual,56,male
usr_003942,عائشة,,SA,Riyadh,android,23/05/2023,premium,64,M
usr_003943,فهد,فهد_122@hotmail.com,FR,,car_play,28/01/2021,free,65,m
usr_003944,Tariq,tariq_2983@yahoo.com,OM,Riyadh,web,2019-12-06,premium_annual,45,F
usr_003945,Khalid,khalid_5867@hotmail.com,FR,Dammam,car_play,2024-10-01,trial,18,F
usr_003946,خالد,خالد_5151@yahoo.com,KW,Riyadh,web,2022-12-25T00:00:00,premium_annual,48,f
usr_003947,هند,هند_6978@yahoo.com,UK,,car_play,2021-02-15,premium,21,m
usr_003948,Omar,omar_5834@outlook.sa,DE,Dammam,car_play,17/12/2019,premium_annual,23,female
usr_003949,مريم,مريم_6168@hotmail.com,JO,Abha,ios,2024-04-20,premium,29,female
usr_003950,عائشة,عائشة_7455@gmail.com,US,Taif,web,08-09-2019,free,64,M
usr_003951,سلطان,سلطان_7310@hotmail.com,JO,Tabuk,ios,2024-04-05,free,34,M
usr_003952,Mona,mona_460@hotmail.com,OM,Jeddah,car_play,07/12/2020,premium_annual,60,m
usr_003953,لمياء,لمياء_4226@gmail.com,DE,,smart_speaker,2024-05-06,free,59,male
usr_003954,خالد,خالد_5479@hotmail.com,FR,,ios,02/02/2020,premium,51,
usr_003955,محمد,محمد_8421@hotmail.com,MA,Jeddah,ios,04-14-2020,trial,36,f
usr_003956,أحمد,أحمد_9020@icloud.com,EG,Abha,ios,2021-04-20,premium,65,female
usr_003957,محمد,محمد_7013@gmail.com,OM,,ios,2019-09-10,trial,38,M
usr_003958,سلطان,سلطان_4816@yahoo.com,SA,Riyadh,web,02/02/2022,premium,52,
usr_003959,Tariq,tariq_1789@yahoo.com,US,Dammam,web,2020-08-22,free,,male
usr_003960,مريم,مريم_9279@hotmail.com,FR,,web,2020-03-01T00:00:00,premium,56,F
usr_003961,Mariam,mariam_5307@outlook.sa,SA,,smart_speaker,07/08/2023,premium_annual,41,m
usr_003962,Hassan,hassan_6141@outlook.sa,MA,Tabuk,web,31/05/2021,free,56,F
usr_003963,Mohammed,mohammed_7585@icloud.com,QA,Taif,web,10/11/2021,premium_annual,62,M
usr_003964,هند,هند_6328@yahoo.com,US,Dammam,car_play,04-26-2024,trial,,M
usr_003965,مريم,مريم_9839@icloud.com,AE,Mecca,smart_speaker,2019-05-10T00:00:00,free,18,male
usr_003966,ريم,ريم_2198@yahoo.com,EG,Jeddah,ios,2021-11-11,premium_annual,,M
usr_003967,عائشة,عائشة_2176@gmail.com,EG,Jeddah,web,2020-06-24,trial,16,
usr_003968,Hind,hind_1750@yahoo.com,BH,Abha,android,15/04/2024,premium,39,male
usr_003969,لمياء,لمياء_9236@hotmail.com,OM,Taif,ios,2021-02-16,free,47,F
usr_003970,حسن,حسن_669@hotmail.com,JO,,smart_speaker,10-23-2019,premium,,M
usr_003971,Zainab,zainab_3593@hotmail.com,OM,,web,2022-07-28,free,38,f
usr_003972,طارق,طارق_7750@hotmail.com,BH,Buraidah,car_play,2019-03-23,free,48,F
usr_003973,أحمد,أحمد_5312@icloud.com,OM,,car_play,2023-12-05,trial,18,male
usr_003974,طارق,طارق_7840@hotmail.com,KW,,web,2024-04-02,trial,47,
usr_003975,Sarah,sarah_9009@gmail.com,OM,Dammam,ios,22/07/2024,trial,63,
usr_003976,مريم,مريم_4996@gmail.com,US,Dammam,ios,2023-05-22,free,40,F
usr_003977,Aisha,aisha_9411@yahoo.com,LB,,car_play,2023-07-10,premium,20,m
usr_003978,Lamia,lamia_4872@hotmail.com,AE,Khobar,android,2021-02-11,premium_annual,50,
usr_003979,طارق,طارق_2759@yahoo.com,SA,,web,27/02/2019,premium_annual,22,female
usr_003980,Hind,hind_1561@outlook.sa,SA,Mecca,android,03/05/2023,trial,32,
usr_003981,ياسر,ياسر_352@yahoo.com,FR,Taif,ios,2019-06-10,premium_annual,16,
usr_003982,عائشة,عائشة_8226@gmail.com,JO,,web,2024-08-01,premium,46,male
usr_003983,Fahad,fahad_2483@outlook.sa,FR,Tabuk,smart_speaker,12-27-2023,premium,36,
usr_003984,عمر,عمر_9101@yahoo.com,DE,Jeddah,web,2019-05-27T00:00:00,trial,43,female
usr_003985,عبدالله,عبدالله_7916@gmail.com,LB,Riyadh,car_play,04/08/2022,trial,60,f
usr_003986,خالد,خالد_4254@outlook.sa,AE,Dammam,web,2023-11-26,free,61,female
usr_003987,Hind,,KW,,smart_speaker,2019-03-16T00:00:00,free,31,f
usr_003988,Fatima,fatima_6225@hotmail.com,QA,Tabuk,smart_speaker,2019-11-25,free,,M
usr_003989,عائشة,,AE,Mecca,android,24/09/2019,trial,43,female
usr_003990,مريم,مريم_5949@gmail.com,BH,,web,2019-10-21,premium,20,F
usr_003991,Aisha,aisha_9880@gmail.com,KW,Khobar,android,05/05/2023,free,57,
usr_003992,ياسر,ياسر_638@hotmail.com,US,Taif,car_play,27/04/2021,trial,60,male
usr_003993,Hind,hind_1686@gmail.com,LB,Medina,web,20/11/2023,premium,,F
usr_003994,لمياء,لمياء_9575@yahoo.com,UK,Mecca,ios,01/03/2021,premium_annual,39,F
usr_003995,Noura,noura_8348@yahoo.com,FR,,web,13/11/2021,free,64,female
usr_003996,Reem,reem_3459@hotmail.com,US,Khobar,smart_speaker,2023-11-02,free,56,F
usr_003997,سارة,سارة_6889@outlook.sa,UK,Riyadh,car_play,26/09/2021,premium,23,F
usr_003998,سلطان,سلطان_1255@gmail.com,LB,Buraidah,car_play,2020-09-13T00:00:00,premium,19,m
usr_003999,حسن,حسن_1351@icloud.com,LB,,smart_speaker,16/09/2019,free,64,
usr_004000,أحمد,,FR,Taif,ios,2024-09-22,premium,25,F
usr_004001,زينب,زينب_7138@icloud.com,SA,Taif,smart_speaker,2024-01-26,free,34,female
usr_004002,Aisha,aisha_6252@yahoo.com,LB,Buraidah,android,2022-11-11T00:00:00,trial,,F
usr_004003,Lamia,lamia_9084@icloud.com,LB,Medina,smart_speaker,18/09/2020,trial,51,
usr_004004,حسن,حسن_6417@yahoo.com,DE,Tabuk,car_play,03-17-2020,free,65,F
usr_004005,زينب,زينب_3085@hotmail.com,EG,Medina,web,2021-09-16,trial,,f
usr_004006,عبدالله,عبدالله_4774@yahoo.com,US,Khobar,car_play,2023-03-28T00:00:00,premium_annual,19,m
usr_004007,سلطان,سلطان_4208@gmail.com,KW,Mecca,web,06-27-2019,trial,,male
usr_004008,هند,هند_4731@hotmail.com,EG,Medina,car_play,01-23-2023,premium_annual,60,f
usr_004009,Mona,mona_6598@icloud.com,KW,Mecca,smart_speaker,2023-12-06T00:00:00,free,48,m
usr_004010,حسن,حسن_575@outlook.sa,JO,Abha,web,03/10/2023,premium,16,m
usr_004011,سارة,سارة_3385@hotmail.com,FR,,web,05-02-2019,premium,65,female
usr_004012,عائشة,عائشة_5836@hotmail.com,UK,Dammam,smart_speaker,2021-07-06,free,19,M
usr_004013,نورة,نورة_3409@gmail.com,SA,Taif,web,2020-09-15,trial,60,m
usr_004014,عبدالله,عبدالله_1480@icloud.com,EG,Taif,android,2022-04-04,trial,30,f
usr_004015,منى,منى_7207@yahoo.com,AE,Jeddah,car_play,2020-01-12T00:00:00,premium,57,male
usr_004016,مريم,مريم_9181@hotmail.com,JO,Mecca,web,2022-01-13,premium,32,female
usr_004017,Sarah,sarah_5200@yahoo.com,JO,,smart_speaker,07-05-2023,premium_annual,23,male
usr_004018,سارة,سارة_2031@icloud.com,LB,Jeddah,android,2024-02-08,premium,44,m
usr_004019,نورة,نورة_3596@outlook.sa,BH,Buraidah,smart_speaker,23/12/2022,trial,17,male
usr_004020,ياسر,ياسر_4424@hotmail.com,KW,Buraidah,ios,2023-08-22T00:00:00,trial,48,female
usr_004021,فاطمة,فاطمة_7522@gmail.com,UK,Riyadh,ios,2019-06-22,premium,59,m
usr_004022,Yasser,yasser_7246@icloud.com,BH,,car_play,21/07/2023,premium,50,f
usr_004023,حسن,حسن_681@icloud.com,JO,,car_play,2024-07-16T00:00:00,premium,47,f
usr_004024,Sultan,sultan_3101@outlook.sa,KW,Taif,android,10-16-2019,free,59,F
usr_004025,Tariq,tariq_3167@hotmail.com,KW,,web,2021-10-30T00:00:00,free,57,female
usr_004026,Omar,omar_9472@yahoo.com,QA,Dammam,ios,2019-02-17,free,52,f
usr_004027,Sultan,sultan_4853@hotmail.com,FR,,android,2024-01-29T00:00:00,free,31,f
usr_004028,سلطان,سلطان_6127@icloud.com,AE,Riyadh,ios,2022-05-01,premium,36,
usr_004029,Mariam,mariam_782@yahoo.com,EG,Dammam,android,2022-07-25,premium_annual,18,F
usr_004030,Sarah,sarah_7602@icloud.com,SA,Taif,web,27/08/2021,free,42,male
usr_004031,أحمد,,BH,Riyadh,ios,01-23-2023,premium,35,male
usr_004032,عمر,عمر_5207@outlook.sa,SA,Buraidah,android,2020-02-18,trial,64,female
usr_004033,نورة,نورة_2788@yahoo.com,AE,Dammam,car_play,2020-05-22,premium_annual,,M
usr_004034,Sultan,sultan_3561@icloud.com,MA,Dammam,car_play,2020-10-09,premium_annual,48,M
usr_004035,سلطان,سلطان_4404@icloud.com,AE,Jeddah,ios,2019-05-29,free,53,male
usr_004036,Aisha,aisha_4869@hotmail.com,FR,,car_play,2022-09-08,free,57,
usr_004037,Sultan,sultan_9356@outlook.sa,MA,,ios,2022-06-01,trial,17,f
usr_004038,لمياء,لمياء_3425@gmail.com,FR,Abha,ios,2020-02-25T00:00:00,free,23,M
usr_004039,Tariq,tariq_4299@yahoo.com,EG,,ios,2020-07-15,free,28,f
usr_004040,زينب,زينب_3352@icloud.com,JO,Dammam,ios,02-16-2023,premium_annual,42,f
usr_004041,Fahad,fahad_7601@icloud.com,QA,,ios,21/10/2019,free,38,m
usr_004042,زينب,زينب_7449@gmail.com,JO,Riyadh,smart_speaker,2020-11-07T00:00:00,trial,48,female
usr_004043,Fahad,fahad_2310@icloud.com,UK,Riyadh,web,06/09/2019,free,64,M
usr_004044,Sultan,,UK,Dammam,web,2022-08-02,premium_annual,55,
usr_004045,Mariam,mariam_1065@yahoo.com,JO,,web,01-31-2021,trial,65,female
usr_004046,ريم,ريم_3651@yahoo.com,OM,Taif,web,2020-01-26,premium,,f
usr_004047,أحمد,أحمد_2889@gmail.com,LB,Dammam,ios,03-18-2021,premium_annual,37,m
usr_004048,حسن,حسن_5974@gmail.com,MA,,web,07/01/2023,premium,65,male
usr_004049,Zainab,zainab_2296@gmail.com,MA,Khobar,web,17/05/2022,premium_annual,21,F
usr_004050,Zainab,zainab_4816@yahoo.com,KW,Taif,android,2022-03-12T00:00:00,premium,52,male
usr_004051,Mohammed,mohammed_4559@icloud.com,FR,Khobar,ios,08-08-2023,premium_annual,50,f
usr_004052,عبدالله,عبدالله_220@yahoo.com,UK,,android,2020-11-21T00:00:00,premium_annual,22,M
usr_004053,Tariq,tariq_6161@yahoo.com,FR,,web,07/03/2020,trial,56,female
usr_004054,زينب,زينب_665@gmail.com,OM,Medina,ios,2021-03-02T00:00:00,trial,56,male
usr_004055,Mona,mona_3452@yahoo.com,MA,,android,19/12/2021,premium,55,female
usr_004056,Sultan,sultan_6937@yahoo.com,EG,Khobar,smart_speaker,2020-02-20,trial,41,F
usr_004057,عبدالله,عبدالله_913@outlook.sa,MA,,smart_speaker,2020-04-14,trial,55,F
usr_004058,هند,هند_3291@outlook.sa,MA,,car_play,2020-09-24,premium_annual,,female
usr_004059,هند,هند_1134@outlook.sa,UK,Mecca,smart_speaker,11/03/2022,free,46,m
usr_004060,خالد,خالد_599@hotmail.com,OM,,ios,2021-05-29,trial,58,f
usr_004061,Yasser,yasser_1788@icloud.com,FR,Medina,car_play,2019-08-15T00:00:00,trial,49,f
usr_004062,ياسر,ياسر_3322@hotmail.com,QA,Tabuk,smart_speaker,16/04/2019,premium,22,m
usr_004063,Tariq,tariq_7489@hotmail.com,MA,Riyadh,smart_speaker,2022-10-10,premium,47,
usr_004064,Tariq,tariq_1232@yahoo.com,JO,Tabuk,web,2023-03-10,trial,42,male
usr_004065,Lamia,lamia_9538@yahoo.com,FR,,smart_speaker,04/06/2020,premium,32,m
usr_004066,هند,,SA,Khobar,smart_speaker,01-23-2021,free,31,F
usr_004067,طارق,طارق_7919@gmail.com,OM,Mecca,ios,2020-04-19,premium_annual,,m
usr_004068,Hind,hind_8971@icloud.com,OM,Buraidah,ios,2023-07-08,free,,F
usr_004069,Aisha,aisha_6307@hotmail.com,LB,Riyadh,web,2023-12-11,free,65,male
usr_004070,محمد,محمد_6511@hotmail.com,OM,Khobar,android,02-05-2020,trial,,
usr_004071,فاطمة,فاطمة_4294@icloud.com,LB,,smart_speaker,25/01/2019,premium_annual,32,
usr_004072,سارة,سارة_8823@icloud.com,MA,,smart_speaker,16/08/2024,premium,34,
usr_004073,منى,منى_3314@gmail.com,AE,Buraidah,web,04-06-2019,premium,65,male
usr_004074,Yasser,yasser_6957@hotmail.com,EG,Khobar,ios,2023-02-15,premium,21,female
usr_004075,Mona,mona_3971@hotmail.com,DE,,car_play,2021-07-25,premium_annual,56,F
usr_004076,Ahmed,ahmed_1876@yahoo.com,US,Mecca,web,12/06/2019,premium,43,F
usr_004077,لمياء,لمياء_3073@hotmail.com,FR,Buraidah,car_play,2021-09-10,trial,42,f
usr_004078,Aisha,aisha_7358@gmail.com,KW,,web,21/01/2024,trial,60,male
usr_004079,زينب,زينب_912@outlook.sa,SA,Buraidah,smart_speaker,2024-04-10,free,43,female
usr_004080,فاطمة,فاطمة_1164@outlook.sa,UK,Khobar,smart_speaker,14/07/2021,premium,17,female
usr_004081,Sarah,sarah_1140@hotmail.com,BH,Tabuk,smart_speaker,2021-09-20,premium,34,female
usr_004082,أحمد,أحمد_3240@yahoo.com,SA,Medina,android,2023-08-11T00:00:00,free,48,f
usr_004083,Sultan,sultan_1258@outlook.sa,LB,,android,2022-09-14T00:00:00,premium,,M
usr_004084,لمياء,,JO,Tabuk,car_play,24/01/2024,premium,19,M
usr_004085,Hind,hind_7087@yahoo.com,BH,Khobar,ios,2024-01-30,premium,44,M
usr_004086,مريم,مريم_4027@yahoo.com,US,Abha,web,2022-11-27,premium,,m
usr_004087,Mona,,UK,Taif,android,2022-02-27T00:00:00,free,49,
usr_004088,Abdullah,abdullah_3146@hotmail.com,KW,,car_play,2023-03-09,premium,19,male
usr_004089,أحمد,أحمد_9667@icloud.com,BH,Tabuk,web,2021-10-29T00:00:00,premium_annual,49,f
usr_004090,Omar,omar_3557@outlook.sa,BH,Jeddah,smart_speaker,02-03-2019,trial,32,
usr_004091,هند,,DE,Dammam,web,2019-09-11,premium,53,M
usr_004092,سلطان,سلطان_8302@icloud.com,BH,Riyadh,web,2022-08-29T00:00:00,trial,49,female
usr_004093,فاطمة,فاطمة_1025@yahoo.com,AE,Taif,smart_speaker,06/12/2019,premium_annual,65,f
usr_004094,نورة,نورة_4532@outlook.sa,BH,,ios,06-15-2020,premium,37,
usr_004095,مريم,مريم_6285@outlook.sa,EG,Mecca,smart_speaker,2021-08-11,free,25,
usr_004096,طارق,طارق_1345@yahoo.com,QA,Buraidah,car_play,2022-02-09,premium_annual,60,f
usr_004097,نورة,نورة_7879@outlook.sa,KW,,car_play,2023-08-11,free,30,female
usr_004098,حسن,حسن_8350@gmail.com,QA,Mecca,android,2020-11-04,trial,27,F
usr_004099,Sultan,sultan_1682@outlook.sa,KW,Tabuk,car_play,2022-07-16,trial,48,male
usr_004100,سلطان,سلطان_6289@hotmail.com,AE,Buraidah,android,2023-12-15T00:00:00,free,41,F
usr_004101,زينب,زينب_1074@icloud.com,KW,Medina,web,18/01/2020,free,43,f
usr_004102,Mariam,mariam_9283@outlook.sa,QA,Mecca,web,25/09/2022,premium_annual,,
usr_004103,عمر,عمر_4114@icloud.com,KW,Tabuk,smart_speaker,06/01/2019,premium_annual,36,F
usr_004104,Sarah,sarah_9695@hotmail.com,US,Jeddah,android,2022-11-03,premium,28,
usr_004105,حسن,حسن_4903@yahoo.com,QA,Riyadh,android,01/08/2019,free,24,
usr_004106,فاطمة,فاطمة_8305@outlook.sa,FR,,web,07/06/2020,premium,43,M
usr_004107,أحمد,أحمد_1970@icloud.com,SA,Medina,smart_speaker,22/09/2024,premium_annual,20,f
usr_004108,منى,منى_6797@hotmail.com,FR,Dammam,ios,2021-10-30,trial,38,male
usr_004109,Ahmed,ahmed_3108@outlook.sa,SA,Jeddah,ios,19/09/2023,premium_annual,39,female
usr_004110,Mona,mona_9104@yahoo.com,UK,Jeddah,ios,2020-06-12T00:00:00,trial,20,
usr_004111,Abdullah,abdullah_7741@icloud.com,AE,Abha,web,2023-07-11,free,53,
usr_004112,Mona,mona_8493@yahoo.com,SA,Abha,ios,08-24-2021,premium_annual,38,
usr_004113,Ahmed,ahmed_8538@yahoo.com,MA,,web,2019-04-16,free,59,male
usr_004114,Hind,hind_6931@hotmail.com,MA,Dammam,smart_speaker,17/09/2019,premium_annual,46,
usr_004115,لمياء,لمياء_7729@gmail.com,AE,,smart_speaker,2021-08-28T00:00:00,free,42,f
usr_004116,Yasser,,AE,,android,10-27-2020,premium_annual,22,male
usr_004117,فهد,فهد_8230@gmail.com,AE,Mecca,ios,2024-08-12,trial,50,male
usr_004118,Noura,noura_7017@hotmail.com,JO,,web,12-01-2022,trial,49,
usr_004119,سارة,سارة_3496@icloud.com,AE,,android,2024-08-03,premium,51,m
usr_004120,عبدالله,عبدالله_3333@icloud.com,JO,Khobar,web,17/02/2024,premium_annual,,male
usr_004121,Tariq,tariq_665@outlook.sa,SA,,android,06/04/2020,premium_annual,23,male
usr_004122,طارق,طارق_8123@yahoo.com,UK,Tabuk,ios,24/02/2024,free,65,male
usr_004123,Reem,reem_7636@hotmail.com,JO,Tabuk,car_play,2024-07-25,premium_annual,25,male
usr_004124,نورة,نورة_6188@icloud.com,OM,,web,2020-05-08,premium,26,M
usr_004125,Aisha,aisha_6124@hotmail.com,FR,Riyadh,android,2022-11-17,trial,48,m
usr_004126,طارق,طارق_4260@gmail.com,AE,Abha,web,2024-04-17,trial,51,
usr_004127,Lamia,lamia_6516@gmail.com,SA,Buraidah,car_play,2023-04-07T00:00:00,premium,17,male
usr_004128,Khalid,khalid_9592@yahoo.com,MA,Riyadh,android,09-05-2022,premium_annual,26,female
usr_004129,سلطان,سلطان_5953@hotmail.com,JO,Jeddah,smart_speaker,02-10-2020,trial,32,M
usr_004130,سلطان,سلطان_5940@yahoo.com,OM,,ios,05-19-2021,trial,63,F
usr_004131,Ahmed,ahmed_9718@outlook.sa,QA,,car_play,2024-03-06T00:00:00,trial,24,
usr_004132,مريم,مريم_8960@outlook.sa,FR,Mecca,ios,2020-01-29T00:00:00,trial,38,
usr_004133,سارة,سارة_108@gmail.com,UK,,android,29/10/2021,premium,42,male
usr_004134,عبدالله,عبدالله_9703@yahoo.com,UK,Riyadh,android,08-15-2024,premium,28,f
usr_004135,Mariam,mariam_894@hotmail.com,AE,Dammam,android,21/09/2020,trial,49,M
usr_004136,عائشة,عائشة_3231@outlook.sa,BH,,car_play,25/01/2021,free,17,male
usr_004137,عبدالله,عبدالله_8839@gmail.com,KW,,android,2019-06-16T00:00:00,free,49,m
usr_004138,فهد,فهد_4324@hotmail.com,UK,,smart_speaker,2020-08-03,premium_annual,22,M
usr_004139,أحمد,أحمد_5702@gmail.com,SA,Buraidah,ios,2022-09-24,free,62,female
usr_004140,Abdullah,abdullah_1036@yahoo.com,SA,Medina,ios,2023-03-02,premium,62,
usr_004141,Mona,,LB,Abha,ios,2020-11-13,premium,53,female
usr_004142,ريم,ريم_8075@gmail.com,MA,Medina,web,2020-01-23T00:00:00,free,32,female
usr_004143,زينب,زينب_5724@icloud.com,BH,,web,05/08/2023,premium,54,M
usr_004144,فاطمة,فاطمة_917@yahoo.com,KW,,android,2021-01-27T00:00:00,premium_annual,16,
usr_004145,Sarah,sarah_6180@yahoo.com,FR,Khobar,car_play,29/12/2022,premium_annual,20,M
usr_004146,منى,منى_5913@outlook.sa,EG,,smart_speaker,2019-04-06,premium,45,M
usr_004147,أحمد,أحمد_4095@gmail.com,JO,Khobar,android,2019-05-19,trial,48,M
usr_004148,منى,منى_9197@outlook.sa,AE,,smart_speaker,2019-03-28,free,,m
usr_004149,منى,منى_4876@icloud.com,AE,Medina,android,2022-07-12,premium_annual,63,m
usr_004150,عمر,عمر_1570@icloud.com,UK,Mecca,car_play,06/06/2021,premium,60,
usr_004151,طارق,طارق_6543@outlook.sa,FR,Khobar,car_play,2021-01-15,premium_annual,41,male
usr_004152,فاطمة,فاطمة_8218@outlook.sa,AE,,car_play,2020-03-03T00:00:00,trial,45,f
usr_004153,Mona,mona_7733@hotmail.com,FR,Medina,ios,24/08/2019,free,16,
usr_004154,ياسر,ياسر_6469@gmail.com,OM,,ios,2022-01-18T00:00:00,trial,17,
usr_004155,مريم,مريم_4315@gmail.com,JO,Medina,ios,2024-02-08,free,33,
usr_004156,فهد,فهد_3127@outlook.sa,MA,Mecca,ios,03-02-2020,free,30,
usr_004157,محمد,محمد_4234@icloud.com,OM,,web,2023-10-18T00:00:00,free,21,F
usr_004158,عمر,عمر_6199@yahoo.com,SA,Abha,ios,2024-06-23,premium_annual,61,M
usr_004159,مريم,مريم_2372@gmail.com,AE,Dammam,ios,2024-09-22,premium_annual,41,
usr_004160,Zainab,zainab_5980@outlook.sa,OM,Jeddah,car_play,2023-10-10,trial,44,F
usr_004161,خالد,خالد_8433@outlook.sa,DE,,car_play,24/03/2024,premium_annual,25,
usr_004162,Mariam,mariam_1285@outlook.sa,LB,Mecca,web,2019-02-02,trial,,m
usr_004163,سلطان,سلطان_7930@outlook.sa,OM,Taif,ios,08-06-2023,premium,40,M
usr_004164,Omar,omar_8862@yahoo.com,MA,Jeddah,smart_speaker,2019-08-15T00:00:00,premium,42,male
usr_004165,أحمد,أحمد_3000@icloud.com,LB,Khobar,car_play,10/06/2022,free,,female
usr_004166,زينب,زينب_17@hotmail.com,FR,,ios,2021-10-08,trial,28,F
usr_004167,هند,هند_3823@outlook.sa,SA,Dammam,smart_speaker,2023-05-28,premium,45,f
usr_004168,حسن,حسن_3590@yahoo.com,FR,Abha,smart_speaker,2023-07-28,free,,M
usr_004169,سارة,سارة_1300@gmail.com,OM,,ios,2020-06-23,premium,37,F
usr_004170,طارق,طارق_6934@outlook.sa,OM,,web,2023-07-07T00:00:00,premium_annual,,F
usr_004171,منى,منى_3172@outlook.sa,QA,Abha,ios,2023-12-18,premium,60,F
usr_004172,Hind,hind_1226@yahoo.com,OM,Dammam,ios,07/11/2023,premium,20,f
usr_004173,Ahmed,ahmed_2766@icloud.com,KW,Tabuk,smart_speaker,17/09/2021,premium,17,female
usr_004174,ريم,ريم_3096@outlook.sa,EG,Buraidah,web,2023-02-07,premium_annual,47,m
usr_004175,هند,هند_5436@outlook.sa,AE,,car_play,2024-07-01T00:00:00,premium_annual,39,male
usr_004176,عبدالله,عبدالله_2852@icloud.com,AE,Jeddah,smart_speaker,07-05-2023,free,53,m
usr_004177,سارة,سارة_2845@yahoo.com,JO,Riyadh,web,2021-02-09T00:00:00,premium,58,male
usr_004178,أحمد,أحمد_7226@hotmail.com,AE,Riyadh,car_play,2020-04-17,free,51,F
usr_004179,Yasser,yasser_7896@yahoo.com,BH,Buraidah,car_play,25/04/2024,premium,51,female
usr_004180,فهد,فهد_5448@icloud.com,QA,Taif,car_play,2022-06-10,premium,62,
usr_004181,Mariam,mariam_4347@outlook.sa,BH,Riyadh,smart_speaker,27/09/2023,premium,16,f
usr_004182,ياسر,ياسر_4066@yahoo.com,SA,Tabuk,web,14/07/2020,premium_annual,55,M
usr_004183,Mohammed,mohammed_1183@outlook.sa,OM,Medina,car_play,2019-09-08,premium,51,M
usr_004184,عمر,عمر_3928@hotmail.com,LB,Dammam,car_play,2024-06-11,premium,26,m
usr_004185,Abdullah,abdullah_9066@outlook.sa,QA,,ios,21/05/2020,free,32,F
usr_004186,ريم,ريم_7969@outlook.sa,SA,,android,2021-10-31,premium_annual,24,m
usr_004187,فهد,فهد_2577@outlook.sa,QA,,android,25/05/2024,premium,30,male
usr_004188,فهد,فهد_7300@yahoo.com,EG,Khobar,car_play,06-07-2021,premium,33,f
usr_004189,Aisha,aisha_1367@icloud.com,UK,,android,2019-12-09,premium_annual,58,F
usr_004190,Omar,omar_9872@outlook.sa,OM,Taif,car_play,2023-11-27,premium,64,m
usr_004191,Hassan,hassan_2887@icloud.com,BH,Abha,car_play,2019-05-28,premium_annual,33,male
usr_004192,هند,هند_2309@icloud.com,US,Mecca,smart_speaker,09/03/2022,premium,28,F
usr_004193,عمر,عمر_6094@outlook.sa,US,Mecca,smart_speaker,2021-04-10,premium_annual,,m
usr_004194,سلطان,سلطان_2378@outlook.sa,QA,Tabuk,car_play,14/05/2023,trial,38,
usr_004195,عبدالله,عبدالله_8846@hotmail.com,BH,,android,01-19-2020,premium,26,
usr_004196,أحمد,,AE,Mecca,smart_speaker,06-03-2022,premium,24,M
usr_004197,مريم,مريم_2867@hotmail.com,US,Riyadh,smart_speaker,08/02/2024,trial,51,f
usr_004198,Tariq,tariq_4651@icloud.com,LB,Mecca,car_play,2019-03-09T00:00:00,trial,43,m
usr_004199,محمد,محمد_2109@icloud.com,LB,Mecca,car_play,2019-11-28,premium,52,F
usr_004200,Aisha,aisha_6494@hotmail.com,FR,Dammam,ios,2023-05-11,free,62,
usr_004201,ريم,ريم_9840@outlook.sa,FR,,ios,2021-03-18,free,40,female
usr_004202,ياسر,ياسر_4808@yahoo.com,EG,,car_play,2019-10-30,premium,42,
usr_004203,محمد,محمد_849@icloud.com,SA,Abha,ios,2020-09-11T00:00:00,premium,42,M
usr_004204,Abdullah,abdullah_3297@yahoo.com,MA,Jeddah,ios,02-16-2021,premium_annual,49,m
usr_004205,Lamia,lamia_2643@icloud.com,FR,,android,2022-06-27,trial,18,
usr_004206,مريم,مريم_3389@icloud.com,KW,Jeddah,ios,2024-07-08,free,64,M
usr_004207,Hind,hind_9231@outlook.sa,US,Dammam,ios,06-30-2024,trial,45,
usr_004208,هند,هند_5474@hotmail.com,AE,Medina,android,16/05/2019,premium,40,male
usr_004209,Noura,noura_5671@gmail.com,JO,,android,05-26-2024,premium,24,
usr_004210,عبدالله,عبدالله_8120@yahoo.com,UK,Mecca,smart_speaker,2021-11-28,free,20,female
usr_004211,محمد,,JO,Khobar,smart_speaker,04-20-2023,premium_annual,49,F
usr_004212,زينب,زينب_5265@outlook.sa,LB,Dammam,android,22/02/2020,premium,37,m
usr_004213,هند,هند_2149@hotmail.com,EG,Riyadh,ios,21/06/2020,premium_annual,25,F
usr_004214,محمد,محمد_6617@gmail.com,US,Khobar,ios,2023-11-29,trial,35,F
usr_004215,Sarah,sarah_9292@gmail.com,BH,,smart_speaker,2024-09-27,trial,43,m
usr_004216,Mariam,mariam_7791@yahoo.com,UK,Jeddah,ios,05-27-2023,trial,43,f
usr_004217,Mariam,mariam_5342@icloud.com,JO,Medina,smart_speaker,03-19-2023,premium,39,m
usr_004218,Tariq,,KW,Medina,web,2024-02-07T00:00:00,trial,34,male
usr_004219,Aisha,aisha_4050@yahoo.com,FR,Taif,ios,2024-07-01,premium,59,male
usr_004220,Reem,,AE,Riyadh,web,15/09/2023,trial,47,female
usr_004221,Ahmed,ahmed_3151@gmail.com,QA,Riyadh,smart_speaker,2020-08-17,trial,17,f
usr_004222,Noura,noura_4033@icloud.com,LB,Buraidah,car_play,16/01/2023,premium_annual,16,
usr_004223,حسن,حسن_8758@yahoo.com,QA,Taif,ios,2023-04-23,trial,62,female
usr_004224,Tariq,tariq_5286@gmail.com,EG,Dammam,smart_speaker,15/05/2019,premium_annual,32,female
usr_004225,Sultan,sultan_5953@hotmail.com,BH,Abha,car_play,2019-09-22,trial,65,M
usr_004226,حسن,حسن_3362@yahoo.com,US,Mecca,android,2022-11-17,free,36,
usr_004227,ياسر,ياسر_2533@gmail.com,BH,Tabuk,ios,27/05/2021,premium,18,f
usr_004228,Ahmed,ahmed_3964@gmail.com,EG,,smart_speaker,14/09/2023,trial,,f
usr_004229,زينب,زينب_3875@gmail.com,MA,Buraidah,android,2019-07-01,premium_annual,61,m
usr_004230,مريم,مريم_7188@icloud.com,UK,Dammam,smart_speaker,28/06/2019,premium,36,male
usr_004231,Ahmed,ahmed_8542@icloud.com,SA,Riyadh,android,12-04-2021,trial,16,m
usr_004232,سارة,سارة_4071@outlook.sa,BH,Dammam,car_play,2021-06-12,free,30,F
usr_004233,Aisha,aisha_1562@outlook.sa,QA,Medina,smart_speaker,12-29-2021,free,26,f
usr_004234,محمد,محمد_7975@icloud.com,QA,Abha,car_play,08-18-2023,free,58,f
usr_004235,حسن,حسن_8700@hotmail.com,KW,Taif,car_play,2023-05-29,trial,,female
usr_004236,ريم,,US,,car_play,2023-06-19,premium,32,m
usr_004237,Abdullah,abdullah_6612@yahoo.com,EG,Medina,smart_speaker,2023-08-05,trial,42,m
usr_004238,Fahad,fahad_8224@gmail.com,KW,Jeddah,web,2023-09-25,premium,49,f
usr_004239,Sarah,sarah_6918@icloud.com,AE,Taif,ios,2022-11-09T00:00:00,premium_annual,40,F
usr_004240,Mona,mona_2246@icloud.com,AE,Medina,ios,2020-07-03,free,27,m
usr_004241,أحمد,,AE,Mecca,smart_speaker,2024-08-26,premium,24,M
usr_004242,خالد,خالد_2098@gmail.com,MA,Taif,web,2024-09-23,premium,55,F
usr_004243,عمر,عمر_5093@outlook.sa,FR,,smart_speaker,2021-07-09T00:00:00,free,55,f
usr_004244,نورة,نورة_284@outlook.sa,US,Mecca,car_play,21/07/2021,premium_annual,35,F
usr_004245,Hassan,hassan_9236@hotmail.com,LB,Taif,car_play,2019-11-10,premium_annual,16,female
usr_004246,لمياء,لمياء_2927@outlook.sa,BH,Riyadh,car_play,2024-01-22,premium,,
usr_004247,Hassan,hassan_8915@hotmail.com,KW,,android,2023-09-10,premium_annual,,M
usr_004248,Mariam,mariam_565@outlook.sa,BH,,car_play,12-26-2019,free,45,male
usr_004249,عمر,عمر_916@yahoo.com,EG,Khobar,android,17/03/2019,premium_annual,17,M
usr_004250,منى,منى_7291@yahoo.com,BH,Buraidah,web,10-09-2019,premium_annual,59,M
usr_004251,Noura,noura_1893@icloud.com,OM,Buraidah,android,03-30-2020,free,34,f
usr_004252,سلطان,,DE,Taif,web,2024-04-01,trial,,M
usr_004253,Fatima,fatima_3784@outlook.sa,LB,,smart_speaker,03/09/2019,trial,58,
usr_004254,أحمد,أحمد_3128@yahoo.com,AE,Taif,smart_speaker,2024-05-30T00:00:00,premium_annual,,female
usr_004255,Fahad,fahad_7948@hotmail.com,OM,,ios,31/07/2021,trial,38,m
usr_004256,Ahmed,ahmed_497@icloud.com,MA,,ios,2019-11-01,premium,53,m
usr_004257,عبدالله,عبدالله_1589@gmail.com,BH,,car_play,2023-11-07,free,60,M
usr_004258,Zainab,zainab_3762@icloud.com,JO,Buraidah,smart_speaker,2021-11-05,premium,35,male
usr_004259,Yasser,yasser_2835@hotmail.com,FR,,ios,2020-04-09,free,44,F
usr_004260,أحمد,أحمد_8490@gmail.com,OM,Taif,ios,2022-11-10,trial,50,F
usr_004261,هند,,DE,,web,2019-09-19,trial,30,M
usr_004262,Mariam,mariam_9980@outlook.sa,QA,,android,08-08-2023,trial,20,male
usr_004263,Omar,omar_3322@icloud.com,FR,Medina,web,2020-02-05T00:00:00,trial,20,f
usr_004264,Noura,noura_7285@hotmail.com,OM,Dammam,car_play,03/03/2022,premium,62,
usr_004265,Zainab,zainab_1197@hotmail.com,KW,,car_play,2019-05-13T00:00:00,premium_annual,44,M
usr_004266,سلطان,سلطان_5057@hotmail.com,US,Riyadh,ios,10-08-2021,premium_annual,,female
usr_004267,Sarah,sarah_2302@yahoo.com,MA,Jeddah,ios,17/12/2020,free,43,f
usr_004268,Abdullah,abdullah_6785@icloud.com,FR,Medina,smart_speaker,27/04/2022,trial,25,m
usr_004269,Mona,mona_2407@gmail.com,DE,,smart_speaker,05-05-2021,premium,,m
usr_004270,عائشة,عائشة_4145@outlook.sa,QA,Abha,android,2019-08-16,premium_annual,44,female
usr_004271,عبدالله,عبدالله_1400@hotmail.com,OM,Buraidah,android,2024-02-24,premium_annual,46,male
usr_004272,Sultan,sultan_3368@hotmail.com,LB,Khobar,smart_speaker,2022-07-03,free,48,F
usr_004273,Ahmed,ahmed_4782@outlook.sa,SA,,web,18/08/2020,trial,58,female
usr_004274,Sultan,sultan_8418@outlook.sa,MA,Abha,ios,07-07-2019,trial,17,m
usr_004275,Abdullah,abdullah_5881@hotmail.com,JO,Riyadh,smart_speaker,01-25-2024,premium,43,M
usr_004276,عبدالله,عبدالله_2808@icloud.com,UK,Tabuk,car_play,2023-07-02,free,36,
usr_004277,حسن,حسن_6635@outlook.sa,AE,Buraidah,smart_speaker,07/05/2023,trial,40,F
usr_004278,عمر,عمر_9513@outlook.sa,SA,Mecca,android,2020-12-12,free,24,female
usr_004279,حسن,حسن_7278@gmail.com,MA,,android,2022-12-22,trial,43,female
usr_004280,لمياء,لمياء_2368@outlook.sa,JO,Jeddah,smart_speaker,2020-09-05T00:00:00,premium_annual,,male
usr_004281,Aisha,aisha_7803@hotmail.com,JO,Medina,web,2020-06-02,trial,60,f
usr_004282,Fatima,fatima_9090@gmail.com,UK,Khobar,car_play,2020-05-29T00:00:00,premium,52,f
usr_004283,لمياء,لمياء_2602@gmail.com,OM,Dammam,smart_speaker,2024-08-16,free,53,f
usr_004284,ياسر,ياسر_5758@hotmail.com,MA,Taif,android,05-16-2024,trial,56,f
usr_004285,طارق,,BH,Medina,android,10-25-2020,premium,24,female
usr_004286,Yasser,yasser_2324@outlook.sa,EG,Abha,car_play,2019-10-24,premium_annual,17,f
usr_004287,محمد,محمد_6568@outlook.sa,EG,,ios,28/07/2021,premium,47,F
usr_004288,سارة,سارة_5751@icloud.com,FR,Jeddah,smart_speaker,2023-08-31,premium,21,
usr_004289,Fahad,fahad_7045@hotmail.com,BH,Riyadh,web,06-24-2023,premium_annual,27,f
usr_004290,أحمد,أحمد_6153@icloud.com,BH,,web,16/01/2021,premium_annual,49,female
usr_004291,Abdullah,abdullah_706@yahoo.com,EG,Riyadh,smart_speaker,13/04/2024,trial,22,male
usr_004292,Fatima,fatima_4477@gmail.com,OM,,web,2019-04-03,free,47,female
usr_004293,مريم,مريم_1967@icloud.com,EG,Medina,ios,2021-01-18,premium_annual,41,male
usr_004294,Tariq,tariq_825@gmail.com,US,Dammam,android,2019-11-02T00:00:00,trial,37,f
usr_004295,Sultan,sultan_7596@icloud.com,US,Medina,car_play,2021-07-28,free,61,female
usr_004296,طارق,طارق_2491@gmail.com,UK,Buraidah,android,04-14-2023,trial,64,male
usr_004297,لمياء,لمياء_4375@yahoo.com,JO,,car_play,2023-10-22,trial,58,M
usr_004298,طارق,طارق_2303@icloud.com,DE,,android,03/08/2019,premium_annual,36,f
usr_004299,نورة,نورة_1047@hotmail.com,OM,,car_play,12-10-2019,premium_annual,37,F
usr_004300,Ahmed,ahmed_6976@icloud.com,OM,Riyadh,car_play,2023-07-10,free,48,m
usr_004301,Fahad,fahad_473@gmail.com,OM,Tabuk,ios,2019-11-12,premium_annual,32,f
usr_004302,Fahad,fahad_3395@hotmail.com,LB,Tabuk,ios,2020-02-08,free,47,M
usr_004303,محمد,محمد_5496@gmail.com,UK,,web,08-05-2022,premium_annual,40,male
usr_004304,سارة,سارة_1273@yahoo.com,QA,Tabuk,android,08/03/2020,trial,18,F
usr_004305,نورة,نورة_6750@yahoo.com,FR,,smart_speaker,2024-01-06,free,38,female
usr_004306,Fahad,fahad_533@icloud.com,AE,,smart_speaker,2021-02-28,free,54,female
usr_004307,Tariq,tariq_1499@hotmail.com,EG,Jeddah,ios,08-30-2022,free,32,f
usr_004308,Aisha,aisha_6330@gmail.com,SA,Abha,smart_speaker,2023-09-14,premium_annual,21,male
usr_004309,هند,هند_8139@outlook.sa,QA,,car_play,10/02/2021,free,37,female
usr_004310,سلطان,سلطان_9869@icloud.com,FR,Khobar,car_play,2019-01-29,free,17,
usr_004311,Fahad,fahad_5573@gmail.com,SA,Khobar,android,2023-07-21,free,18,F
usr_004312,فاطمة,فاطمة_6864@icloud.com,UK,Taif,smart_speaker,2023-08-08,free,34,M
usr_004313,فهد,فهد_9230@icloud.com,UK,Dammam,android,2019-09-29,premium_annual,49,male
usr_004314,Lamia,lamia_3327@yahoo.com,DE,Abha,ios,28/05/2019,free,,f
usr_004315,Reem,reem_3593@yahoo.com,FR,Medina,android,02/10/2022,trial,39,M
usr_004316,سارة,سارة_6158@icloud.com,US,Mecca,web,2021-01-23,free,39,F
usr_004317,أحمد,أحمد_7070@yahoo.com,BH,,ios,24/06/2023,premium_annual,64,f
usr_004318,Mariam,mariam_2891@outlook.sa,KW,Mecca,car_play,27/04/2023,premium,,m
usr_004319,فاطمة,فاطمة_1937@yahoo.com,OM,,smart_speaker,2019-10-25T00:00:00,trial,61,female
usr_004320,Hassan,hassan_3891@outlook.sa,SA,Abha,ios,2020-10-13,trial,55,m
usr_004321,Zainab,zainab_8824@outlook.sa,DE,Tabuk,android,2021-09-12,premium_annual,22,F
usr_004322,منى,منى_4944@yahoo.com,BH,Abha,ios,2022-12-28,trial,25,F
usr_004323,سارة,سارة_1794@hotmail.com,AE,,ios,06/10/2019,premium_annual,63,F
usr_004324,لمياء,لمياء_1682@yahoo.com,QA,Dammam,android,2021-09-29,premium_annual,24,
usr_004325,لمياء,لمياء_1282@gmail.com,QA,Tabuk,android,02-08-2019,trial,28,F
usr_004326,Tariq,tariq_7109@gmail.com,FR,Riyadh,ios,26/05/2020,premium,50,f
usr_004327,لمياء,لمياء_7637@yahoo.com,QA,,ios,2019-12-22T00:00:00,free,59,F
usr_004328,نورة,نورة_3632@hotmail.com,JO,Medina,web,06/09/2023,free,30,m
usr_004329,سارة,سارة_2479@yahoo.com,BH,,smart_speaker,06/08/2022,premium_annual,26,f
usr_004330,Sultan,sultan_4697@yahoo.com,QA,,smart_speaker,2021-09-15,premium,36,male
usr_004331,خالد,خالد_9365@icloud.com,AE,,car_play,12-03-2022,free,33,female
usr_004332,حسن,حسن_1719@gmail.com,DE,,ios,2022-10-01,premium,50,
usr_004333,طارق,طارق_1659@outlook.sa,EG,Jeddah,car_play,02/02/2021,trial,59,M
usr_004334,سلطان,سلطان_2351@outlook.sa,OM,,android,14/10/2021,free,,M
usr_004335,محمد,محمد_5837@yahoo.com,LB,Medina,android,16/05/2024,free,,female
usr_004336,Yasser,yasser_2551@hotmail.com,BH,,car_play,05/05/2021,premium,65,female
usr_004337,Zainab,zainab_2352@gmail.com,OM,Taif,car_play,2023-01-13,premium_annual,,F
usr_004338,Hassan,hassan_933@outlook.sa,JO,Buraidah,android,01-26-2021,premium_annual,24,M
usr_004339,أحمد,أحمد_7978@gmail.com,AE,Riyadh,ios,06-30-2020,premium_annual,,male
usr_004340,زينب,زينب_3668@gmail.com,JO,Khobar,car_play,2022-07-03,trial,58,female
usr_004341,Yasser,yasser_7197@outlook.sa,SA,Abha,android,06-10-2023,trial,41,female
usr_004342,Omar,omar_542@gmail.com,KW,Khobar,smart_speaker,2021-10-24T00:00:00,premium,28,f
usr_004343,طارق,طارق_2487@outlook.sa,KW,Mecca,smart_speaker,06-20-2021,premium_annual,33,m
usr_004344,مريم,مريم_3727@outlook.sa,LB,,ios,2022-02-02,free,28,F
usr_004345,زينب,زينب_6252@gmail.com,DE,Khobar,web,2019-10-19,trial,23,
usr_004346,زينب,زينب_7636@hotmail.com,UK,Tabuk,ios,2021-02-27,premium,49,female
usr_004347,Sultan,sultan_5550@icloud.com,DE,Tabuk,android,29/06/2020,free,55,F
usr_004348,ياسر,ياسر_370@yahoo.com,LB,Taif,car_play,2022-01-16T00:00:00,premium,24,f
usr_004349,أحمد,أحمد_9674@yahoo.com,UK,,ios,01-27-2019,free,40,f
usr_004350,Lamia,lamia_2677@icloud.com,EG,Mecca,ios,2020-05-13,trial,51,f
usr_004351,عبدالله,عبدالله_997@outlook.sa,LB,Jeddah,android,29/04/2022,trial,54,male
usr_004352,Mariam,mariam_8337@hotmail.com,BH,,ios,2024-09-29,trial,46,M
usr_004353,عمر,عمر_6819@hotmail.com,BH,Mecca,car_play,02/05/2020,premium,47,F
usr_004354,Ahmed,ahmed_9579@yahoo.com,AE,,web,2022-06-10,free,47,male
usr_004355,حسن,حسن_4939@outlook.sa,OM,,ios,2019-02-04,trial,25,
usr_004356,ريم,ريم_8143@gmail.com,FR,Medina,android,2024-07-27,premium_annual,41,M
usr_004357,Mariam,mariam_2013@hotmail.com,BH,Jeddah,smart_speaker,2024-06-23T00:00:00,free,19,m
usr_004358,Hind,hind_353@hotmail.com,UK,Mecca,ios,23/11/2019,free,19,F
usr_004359,عائشة,عائشة_9657@hotmail.com,BH,Medina,web,02-20-2020,premium_annual,25,
usr_004360,Noura,noura_1832@yahoo.com,KW,Khobar,smart_speaker,25/03/2020,premium_annual,17,female
usr_004361,Ahmed,ahmed_2280@gmail.com,QA,Riyadh,smart_speaker,06-14-2021,free,32,M
usr_004362,محمد,محمد_9384@yahoo.com,DE,Dammam,web,23/08/2024,premium_annual,40,M
usr_004363,فهد,فهد_3569@icloud.com,US,Taif,android,18/03/2024,premium,26,
usr_004364,زينب,زينب_6073@hotmail.com,FR,Dammam,web,11/04/2019,free,23,F
usr_004365,عمر,,QA,Buraidah,android,2020-10-05,free,48,female
usr_004366,Aisha,aisha_438@yahoo.com,DE,,ios,2020-01-11,free,27,
usr_004367,سلطان,سلطان_796@hotmail.com,UK,Tabuk,smart_speaker,01-19-2019,premium_annual,61,m
usr_004368,Hassan,hassan_3525@yahoo.com,LB,Khobar,smart_speaker,11-20-2023,premium_annual,50,male
usr_004369,عائشة,عائشة_9425@outlook.sa,QA,Dammam,web,10-01-2022,trial,30,M
usr_004370,Tariq,tariq_3550@yahoo.com,LB,,android,2023-09-24,premium_annual,61,female
usr_004371,سارة,سارة_8843@gmail.com,SA,Taif,car_play,15/10/2019,trial,29,f
usr_004372,زينب,زينب_9950@outlook.sa,DE,Mecca,car_play,2020-10-27T00:00:00,free,64,female
usr_004373,مريم,مريم_4103@gmail.com,JO,Medina,android,2024-09-20,free,59,m
usr_004374,Aisha,aisha_7133@outlook.sa,OM,Buraidah,smart_speaker,2023-06-04T00:00:00,free,,male
usr_004375,عمر,عمر_6132@outlook.sa,JO,,android,2024-07-12,free,19,f
usr_004376,طارق,طارق_4480@hotmail.com,OM,,android,02/08/2019,premium,,m
usr_004377,Lamia,lamia_1263@gmail.com,OM,Riyadh,car_play,2022-01-06,free,47,f
usr_004378,طارق,طارق_2480@outlook.sa,KW,Medina,smart_speaker,27/06/2023,free,53,
usr_004379,زينب,زينب_2542@yahoo.com,KW,Khobar,web,04/11/2023,premium_annual,44,male
usr_004380,Mohammed,mohammed_595@yahoo.com,EG,,web,28/10/2020,premium_annual,19,f
usr_004381,نورة,نورة_7363@gmail.com,JO,Khobar,car_play,15/04/2021,premium,55,f
usr_004382,فهد,فهد_8926@icloud.com,SA,Abha,ios,2020-06-14T00:00:00,free,47,m
usr_004383,زينب,زينب_5629@yahoo.com,BH,Khobar,smart_speaker,2021-09-21,free,51,male
usr_004384,Mariam,mariam_8681@outlook.sa,DE,Buraidah,ios,12/09/2019,premium,51,f
usr_004385,طارق,طارق_2301@hotmail.com,FR,Medina,ios,2022-09-08T00:00:00,premium_annual,63,f
usr_004386,سارة,سارة_3442@outlook.sa,US,Mecca,android,2021-08-18T00:00:00,premium_annual,19,male
usr_004387,عائشة,عائشة_1112@yahoo.com,LB,Khobar,car_play,22/10/2022,premium_annual,,male
usr_004388,أحمد,أحمد_610@outlook.sa,BH,Abha,ios,2021-01-19,premium_annual,46,M
usr_004389,Mariam,mariam_9985@gmail.com,MA,Medina,web,03/07/2019,trial,28,f
usr_004390,لمياء,لمياء_7347@gmail.com,AE,Riyadh,android,09-21-2024,trial,16,male
usr_004391,Mona,mona_9496@outlook.sa,BH,Taif,ios,29/03/2019,premium,20,F
usr_004392,هند,هند_1178@icloud.com,SA,Dammam,android,2023-02-14T00:00:00,free,60,m
usr_004393,Mohammed,mohammed_5055@gmail.com,UK,,web,2019-05-04T00:00:00,trial,32,M
usr_004394,Sarah,sarah_6390@icloud.com,LB,,ios,05/12/2022,free,38,F
usr_004395,سارة,سارة_682@icloud.com,AE,,smart_speaker,2022-03-17,premium,41,male
usr_004396,Noura,noura_6361@outlook.sa,FR,Khobar,android,04-06-2024,premium,24,male
usr_004397,خالد,خالد_3048@hotmail.com,JO,Dammam,android,16/01/2021,trial,64,m
usr_004398,مريم,مريم_3105@yahoo.com,LB,Abha,car_play,2019-09-17,free,,male
usr_004399,نورة,نورة_5986@yahoo.com,LB,Dammam,car_play,2021-02-23,premium,63,female
usr_004400,Hind,hind_3615@gmail.com,OM,Abha,car_play,2024-06-20,free,59,female
usr_004401,ريم,ريم_159@hotmail.com,US,,ios,07-21-2023,free,63,female
usr_004402,Noura,noura_2427@yahoo.com,JO,,ios,01/04/2019,premium_annual,34,m
usr_004403,محمد,محمد_9186@icloud.com,BH,Riyadh,ios,07-18-2020,premium_annual,60,m
usr_004404,هند,هند_4535@outlook.sa,QA,Riyadh,android,17/10/2020,free,24,M
usr_004405,فاطمة,فاطمة_8537@outlook.sa,KW,Buraidah,android,2023-01-10,trial,47,m
usr_004406,فاطمة,فاطمة_4345@hotmail.com,EG,Riyadh,ios,30/10/2021,trial,22,female
usr_004407,منى,منى_5380@icloud.com,US,Buraidah,android,2019-12-06,premium_annual,43,F
usr_004408,Mona,,JO,Buraidah,web,05-14-2020,premium_annual,34,M
usr_004409,فاطمة,فاطمة_8682@outlook.sa,AE,Dammam,web,2020-11-10,trial,27,female
usr_004410,مريم,مريم_8182@hotmail.com,FR,Mecca,android,2020-10-04,premium,,
usr_004411,Fatima,fatima_6893@icloud.com,KW,Dammam,android,2021-03-26,free,34,female
usr_004412,Mona,mona_5797@yahoo.com,BH,,car_play,30/12/2022,premium,43,male
usr_004413,Fatima,fatima_4492@yahoo.com,BH,Abha,car_play,2019-05-04T00:00:00,premium,16,F
usr_004414,Mohammed,mohammed_3764@hotmail.com,US,,android,01-29-2024,trial,59,F
usr_004415,Sultan,sultan_500@icloud.com,QA,Riyadh,smart_speaker,2023-10-01,trial,57,female
usr_004416,فاطمة,فاطمة_7710@hotmail.com,EG,,android,05-29-2023,free,37,f
usr_004417,Lamia,lamia_3662@outlook.sa,MA,Medina,android,2019-03-21T00:00:00,premium,19,
usr_004418,مريم,,QA,Dammam,smart_speaker,2019-08-08,premium_annual,47,
usr_004419,سارة,سارة_3592@outlook.sa,DE,Tabuk,web,2019-05-19,free,,m
usr_004420,Abdullah,abdullah_3670@outlook.sa,US,Riyadh,android,08-11-2021,trial,44,M
usr_004421,عبدالله,عبدالله_8884@yahoo.com,OM,Khobar,smart_speaker,2019-05-04,premium_annual,47,
usr_004422,لمياء,لمياء_7923@yahoo.com,MA,,ios,28/07/2024,trial,31,F
usr_004423,خالد,خالد_7286@outlook.sa,KW,,ios,22/08/2020,trial,42,
usr_004424,Noura,noura_1660@icloud.com,EG,Mecca,car_play,2024-08-12,premium_annual,29,m
usr_004425,سارة,سارة_4786@icloud.com,SA,Mecca,web,31/01/2021,premium,65,m
usr_004426,محمد,محمد_4115@gmail.com,SA,,web,2022-05-11,premium_annual,49,m
usr_004427,نورة,نورة_9032@outlook.sa,JO,Tabuk,smart_speaker,2024-02-01,free,28,male
usr_004428,سلطان,سلطان_7505@icloud.com,SA,Khobar,web,2020-05-24,free,35,female
usr_004429,Fahad,fahad_756@hotmail.com,SA,,smart_speaker,08-16-2023,premium_annual,52,female
usr_004430,Lamia,lamia_7595@outlook.sa,FR,,android,2021-07-23,premium,60,m
usr_004431,محمد,محمد_4276@yahoo.com,MA,Tabuk,smart_speaker,2023-10-17,premium_annual,,m
usr_004432,عبدالله,عبدالله_9893@gmail.com,AE,Khobar,smart_speaker,13/11/2020,premium_annual,27,m
usr_004433,مريم,مريم_177@yahoo.com,EG,Buraidah,android,18/07/2023,premium,53,male
usr_004434,Noura,noura_6313@hotmail.com,FR,Jeddah,web,2023-05-02,free,63,M
usr_004435,عبدالله,عبدالله_2894@gmail.com,FR,,ios,07-07-2022,free,47,F
usr_004436,Mona,,AE,Taif,web,2022-06-24,trial,48,
usr_004437,فهد,فهد_1493@hotmail.com,QA,Abha,smart_speaker,09-12-2019,trial,40,f
usr_004438,سارة,سارة_7468@hotmail.com,BH,Abha,web,2021-04-05,trial,28,M
usr_004439,زينب,,AE,Medina,ios,2023-02-14T00:00:00,premium,64,male
usr_004440,حسن,حسن_3232@yahoo.com,KW,,ios,07-26-2020,premium,,m
usr_004441,Ahmed,ahmed_172@yahoo.com,JO,Taif,smart_speaker,2024-08-04T00:00:00,free,22,F
usr_004442,Sultan,sultan_6421@hotmail.com,LB,Riyadh,ios,2020-02-13,free,19,M
usr_004443,Mona,mona_9119@gmail.com,SA,,web,2020-07-19T00:00:00,trial,48,m
usr_004444,مريم,مريم_5109@gmail.com,DE,Medina,smart_speaker,2023-04-25,premium_annual,17,f
usr_004445,Sarah,sarah_9361@yahoo.com,JO,Taif,web,2019-09-16,premium,30,F
usr_004446,مريم,مريم_6582@hotmail.com,AE,Buraidah,android,21/11/2022,trial,55,
usr_004447,Mona,mona_3315@outlook.sa,UK,Buraidah,web,24/04/2023,trial,18,f
usr_004448,فهد,فهد_1941@outlook.sa,FR,,web,2023-07-30,trial,40,f
usr_004449,خالد,خالد_1906@gmail.com,LB,Dammam,smart_speaker,2019-04-08,premium_annual,16,F
usr_004450,خالد,خالد_7808@icloud.com,LB,Taif,android,07/09/2021,premium_annual,27,f
usr_004451,محمد,محمد_7149@outlook.sa,SA,Khobar,ios,08/01/2021,free,46,f
usr_004452,Khalid,khalid_7164@gmail.com,DE,Buraidah,car_play,08/09/2019,premium,31,F
usr_004453,Ahmed,ahmed_1343@icloud.com,UK,Jeddah,ios,10-25-2022,free,17,
usr_004454,سلطان,سلطان_9735@hotmail.com,LB,Abha,android,10-03-2019,premium,17,m
usr_004455,Yasser,yasser_7035@hotmail.com,QA,Buraidah,smart_speaker,19/10/2021,trial,53,M
usr_004456,حسن,حسن_1379@hotmail.com,KW,Riyadh,ios,2021-04-14,premium,57,female
usr_004457,سارة,سارة_1169@yahoo.com,AE,Mecca,android,2023-08-07,trial,30,m
usr_004458,لمياء,لمياء_9554@outlook.sa,OM,,web,2021-11-18,premium,49,f
usr_004459,Yasser,yasser_7488@gmail.com,BH,Mecca,smart_speaker,2019-03-28,free,31,M
usr_004460,Abdullah,abdullah_5391@hotmail.com,BH,Khobar,car_play,2021-07-20,premium,28,f
usr_004461,عائشة,عائشة_1157@icloud.com,QA,Taif,car_play,02-23-2019,premium,35,male
usr_004462,زينب,زينب_9709@gmail.com,US,,android,2019-08-23,premium_annual,63,M
usr_004463,سلطان,سلطان_8077@yahoo.com,JO,Tabuk,smart_speaker,06-09-2023,premium,18,female
usr_004464,Sarah,sarah_8980@outlook.sa,EG,Abha,ios,18/10/2022,trial,62,male
usr_004465,هند,هند_6008@gmail.com,DE,Dammam,web,2024-10-04,premium,31,male
usr_004466,منى,منى_3674@yahoo.com,DE,,smart_speaker,2024-08-20T00:00:00,trial,40,male
usr_004467,أحمد,أحمد_3188@outlook.sa,AE,Riyadh,web,31/01/2019,trial,17,
usr_004468,حسن,حسن_9137@outlook.sa,KW,Tabuk,android,10-31-2022,trial,45,male
usr_004469,Abdullah,abdullah_6050@outlook.sa,UK,Buraidah,smart_speaker,2022-09-27,premium_annual,45,male
usr_004470,Fatima,fatima_5069@outlook.sa,OM,Taif,web,2022-07-17,trial,39,female
usr_004471,Noura,noura_9185@icloud.com,LB,Medina,car_play,2019-05-02,trial,55,male
usr_004472,Omar,omar_2189@icloud.com,LB,Taif,ios,2023-10-30,premium,22,male
usr_004473,أحمد,أحمد_190@hotmail.com,DE,,car_play,2020-09-14T00:00:00,free,58,female
usr_004474,فاطمة,فاطمة_8@icloud.com,MA,,car_play,2021-08-26,premium_annual,64,female
usr_004475,Mona,mona_8646@icloud.com,US,,car_play,11/09/2020,free,27,female
usr_004476,ريم,ريم_3730@icloud.com,DE,,web,07-27-2020,premium_annual,21,female
usr_004477,Abdullah,abdullah_7227@gmail.com,QA,Medina,web,21/02/2024,free,28,female
usr_004478,ريم,ريم_2477@gmail.com,FR,Jeddah,smart_speaker,06-13-2021,trial,35,
usr_004479,أحمد,أحمد_7641@outlook.sa,LB,Khobar,ios,16/06/2024,trial,34,f
usr_004480,هند,هند_4823@yahoo.com,AE,,android,2019-07-30,premium,24,m
usr_004481,طارق,طارق_7087@yahoo.com,DE,,smart_speaker,2019-11-05,premium,49,f
usr_004482,مريم,مريم_5993@icloud.com,AE,,android,10/08/2022,premium,38,m
usr_004483,Sarah,sarah_8984@icloud.com,AE,Jeddah,smart_speaker,2021-02-05,premium_annual,44,
usr_004484,Noura,noura_5079@outlook.sa,EG,Abha,android,2020-07-10,premium_annual,52,female
usr_004485,Tariq,tariq_3075@outlook.sa,JO,Dammam,ios,2022-08-19,premium,16,female
usr_004486,Mona,mona_3002@outlook.sa,KW,Khobar,smart_speaker,02/02/2022,trial,53,m
usr_004487,Reem,reem_6513@hotmail.com,MA,Tabuk,ios,2021-10-19,free,33,female
usr_004488,عبدالله,عبدالله_9428@yahoo.com,US,Buraidah,web,02-21-2024,trial,,M
usr_004489,فهد,فهد_6234@yahoo.com,FR,Mecca,web,2024-09-12,premium,30,
usr_004490,أحمد,أحمد_5335@outlook.sa,KW,Tabuk,web,2024-06-12,premium_annual,59,F
usr_004491,لمياء,لمياء_9384@icloud.com,BH,Buraidah,web,11-10-2019,premium_annual,26,female
usr_004492,Ahmed,ahmed_912@outlook.sa,FR,,car_play,12-17-2021,trial,61,M
usr_004493,Reem,reem_6407@yahoo.com,SA,,smart_speaker,2023-08-01,trial,50,
usr_004494,Tariq,tariq_4010@gmail.com,SA,,smart_speaker,2020-12-22,trial,39,male
usr_004495,Tariq,tariq_8319@hotmail.com,SA,Dammam,car_play,2019-10-28,free,45,female
usr_004496,Noura,noura_7888@icloud.com,MA,,web,27/04/2022,premium,59,m
usr_004497,ياسر,ياسر_5369@gmail.com,UK,Riyadh,car_play,28/11/2019,premium_annual,43,male
usr_004498,لمياء,لمياء_589@outlook.sa,US,Mecca,android,24/03/2024,premium_annual,50,m
usr_004499,Fatima,fatima_1428@gmail.com,LB,Taif,ios,2019-09-25,premium_annual,,F
usr_004500,منى,منى_8891@hotmail.com,OM,Medina,web,2021-10-12T00:00:00,premium_annual,59,m
usr_004501,Sultan,sultan_1624@icloud.com,EG,,smart_speaker,2020-07-30T00:00:00,trial,44,male
usr_004502,عائشة,عائشة_2726@icloud.com,KW,Riyadh,smart_speaker,2023-04-03,trial,47,F
usr_004503,أحمد,أحمد_7381@outlook.sa,SA,Mecca,smart_speaker,2024-09-02,free,62,f
usr_004504,محمد,محمد_1439@yahoo.com,FR,Jeddah,android,28/09/2021,free,53,
usr_004505,Sarah,sarah_1703@icloud.com,QA,,car_play,08-26-2023,premium_annual,25,f
usr_004506,نورة,نورة_103@hotmail.com,US,Khobar,android,08-26-2024,free,63,f
usr_004507,سلطان,سلطان_9001@yahoo.com,UK,Buraidah,smart_speaker,24/09/2020,premium,,m
usr_004508,سلطان,سلطان_6820@yahoo.com,LB,Khobar,smart_speaker,2021-02-11,premium,32,
usr_004509,ياسر,ياسر_5361@outlook.sa,LB,Khobar,web,2021-07-15,free,49,
usr_004510,زينب,زينب_7155@hotmail.com,KW,Mecca,web,2024-04-19,trial,50,male
usr_004511,ريم,,EG,,smart_speaker,2020-07-28,trial,32,f
usr_004512,طارق,طارق_6319@icloud.com,MA,,web,13/05/2022,premium,40,M
usr_004513,لمياء,لمياء_7778@outlook.sa,OM,,ios,2019-08-07,premium_annual,27,f
usr_004514,Aisha,aisha_8649@gmail.com,DE,Medina,android,02-07-2021,trial,34,f
usr_004515,Mohammed,,SA,Buraidah,smart_speaker,27/05/2019,premium_annual,25,F
usr_004516,Aisha,aisha_1152@icloud.com,MA,,ios,12-24-2023,free,60,f
usr_004517,Reem,reem_3471@outlook.sa,AE,Buraidah,ios,05/10/2023,premium,54,
usr_004518,Sultan,sultan_8261@yahoo.com,US,Medina,smart_speaker,10/07/2024,trial,59,F
usr_004519,مريم,مريم_6977@outlook.sa,US,Tabuk,web,2022-03-31,free,32,female
usr_004520,ريم,ريم_7033@hotmail.com,DE,Taif,ios,2019-12-23T00:00:00,premium,54,
usr_004521,Ahmed,ahmed_9254@outlook.sa,JO,,car_play,10/09/2020,trial,38,M
usr_004522,منى,منى_4015@outlook.sa,FR,,web,2024-02-18,premium_annual,20,m
usr_004523,ياسر,ياسر_606@gmail.com,QA,Abha,ios,2021-02-25T00:00:00,premium_annual,,f
usr_004524,نورة,نورة_4861@icloud.com,MA,Tabuk,ios,2019-08-03,premium_annual,44,male
usr_004525,هند,هند_292@icloud.com,AE,Dammam,smart_speaker,09/10/2021,premium_annual,33,f
usr_004526,Noura,noura_7607@gmail.com,AE,,android,25/01/2024,premium_annual,45,male
usr_004527,عبدالله,عبدالله_9842@hotmail.com,OM,Abha,ios,2021-10-04,trial,42,male
usr_004528,منى,منى_6479@gmail.com,BH,Medina,android,2019-07-22,free,33,male
usr_004529,نورة,نورة_7610@hotmail.com,QA,Abha,web,2022-07-12T00:00:00,premium,56,m
usr_004530,Aisha,aisha_2428@icloud.com,KW,Abha,car_play,2022-03-02T00:00:00,premium,52,f
usr_004531,سلطان,سلطان_1404@outlook.sa,OM,Tabuk,web,2023-04-04,free,,M
usr_004532,هند,هند_4535@outlook.sa,QA,Riyadh,android,2019-09-12,free,24,M
usr_004533,Sarah,sarah_8847@gmail.com,SA,,smart_speaker,24/01/2022,premium,54,F
usr_004534,حسن,حسن_8184@icloud.com,JO,Jeddah,car_play,2020-04-12,free,28,f
usr_004535,عبدالله,عبدالله_6865@icloud.com,SA,Abha,android,27/03/2020,free,37,female
usr_004536,محمد,محمد_2626@yahoo.com,EG,,android,2024-02-08,premium_annual,58,M
usr_004537,Zainab,zainab_9925@yahoo.com,KW,Khobar,web,2022-08-23,premium_annual,28,f
usr_004538,عبدالله,,BH,,android,2021-05-12,premium_annual,56,F
usr_004539,فهد,فهد_8050@outlook.sa,UK,Medina,smart_speaker,2019-10-27,premium_annual,57,
usr_004540,محمد,محمد_7290@icloud.com,SA,,car_play,22/02/2020,trial,40,female
usr_004541,Omar,omar_7537@icloud.com,QA,Riyadh,ios,2021-02-22,free,59,M
usr_004542,سارة,سارة_7878@yahoo.com,SA,Khobar,ios,2019-12-09,premium,62,male
usr_004543,فاطمة,فاطمة_9116@yahoo.com,FR,Abha,android,07/06/2023,trial,26,male
usr_004544,Mohammed,mohammed_2766@outlook.sa,FR,Dammam,smart_speaker,29/05/2020,premium,44,F
usr_004545,فاطمة,,FR,,ios,27/02/2019,premium,54,f
usr_004546,منى,منى_9136@icloud.com,OM,Medina,web,2023-08-19,free,44,M
usr_004547,Hind,hind_4886@hotmail.com,UK,Mecca,car_play,2020-08-17,premium_annual,29,F
usr_004548,Ahmed,ahmed_4741@hotmail.com,MA,Riyadh,android,2019-06-02T00:00:00,free,54,F
usr_004549,منى,منى_5826@hotmail.com,SA,Dammam,web,26/11/2020,premium_annual,29,M
usr_004550,عائشة,,QA,Mecca,ios,04-24-2020,premium_annual,38,m
usr_004551,ريم,ريم_3056@yahoo.com,KW,Mecca,car_play,2024-06-30,trial,47,
usr_004552,Sultan,sultan_4996@hotmail.com,MA,,web,2020-02-11,premium_annual,40,female
usr_004553,Hind,hind_2651@icloud.com,OM,Mecca,smart_speaker,2024-04-15T00:00:00,free,53,male
usr_004554,ريم,ريم_8221@gmail.com,KW,Khobar,android,09-05-2024,free,19,M
usr_004555,Omar,omar_5767@icloud.com,FR,Taif,smart_speaker,13/01/2023,free,24,M
usr_004556,ريم,ريم_5944@icloud.com,QA,Jeddah,smart_speaker,2022-02-18,free,51,M
usr_004557,Fahad,fahad_4429@yahoo.com,EG,,smart_speaker,04-23-2023,premium_annual,23,male
usr_004558,Fatima,,QA,,car_play,2022-11-11,premium_annual,54,f
usr_004559,Lamia,lamia_6192@gmail.com,JO,Mecca,smart_speaker,23/12/2021,free,48,male
usr_004560,حسن,حسن_1040@hotmail.com,EG,Taif,smart_speaker,27/06/2024,free,,female
usr_004561,Fahad,fahad_3185@hotmail.com,OM,Taif,smart_speaker,08-06-2019,free,,m
usr_004562,خالد,خالد_4295@gmail.com,UK,Medina,android,27/06/2022,premium,19,female
usr_004563,نورة,نورة_5126@hotmail.com,UK,Tabuk,smart_speaker,05-05-2020,trial,25,F
usr_004564,Zainab,zainab_4764@icloud.com,EG,Taif,smart_speaker,2023-08-15T00:00:00,premium_annual,62,female
usr_004565,Hind,hind_8499@gmail.com,LB,,ios,25/05/2024,trial,46,f
usr_004566,Mona,mona_3469@hotmail.com,FR,Taif,ios,14/08/2023,premium,37,f
usr_004567,نورة,نورة_8825@hotmail.com,FR,,smart_speaker,24/05/2023,premium_annual,53,male
usr_004568,Fahad,fahad_4583@yahoo.com,MA,,ios,04/10/2021,premium,20,male
usr_004569,لمياء,لمياء_5601@gmail.com,QA,Mecca,car_play,29/08/2020,premium,19,m
usr_004570,Omar,omar_1134@gmail.com,BH,Jeddah,web,2020-06-03T00:00:00,premium_annual,55,
usr_004571,ريم,ريم_5777@hotmail.com,JO,Riyadh,smart_speaker,2022-03-06,trial,57,M
usr_004572,حسن,حسن_1751@outlook.sa,FR,Mecca,android,2020-08-07,premium_annual,30,male
usr_004573,Abdullah,abdullah_1725@outlook.sa,SA,Dammam,web,14/09/2020,premium_annual,41,M
usr_004574,أحمد,أحمد_9225@icloud.com,QA,,android,2024-05-25,trial,57,m
usr_004575,حسن,حسن_8026@gmail.com,JO,,smart_speaker,24/04/2020,premium,57,female
usr_004576,ياسر,ياسر_5540@gmail.com,QA,,smart_speaker,2023-06-21T00:00:00,trial,,f
usr_004577,Hassan,hassan_2789@icloud.com,US,,car_play,21/06/2024,trial,64,M
usr_004578,سلطان,سلطان_3809@hotmail.com,AE,Dammam,smart_speaker,2022-03-29,free,34,male
usr_004579,Zainab,zainab_9286@gmail.com,QA,,smart_speaker,18/04/2021,free,,M
usr_004580,عائشة,عائشة_5487@gmail.com,KW,Tabuk,smart_speaker,2023-07-16T00:00:00,free,32,male
usr_004581,عبدالله,عبدالله_4768@gmail.com,EG,Dammam,smart_speaker,2023-12-08,free,,male
usr_004582,مريم,مريم_8251@yahoo.com,AE,Medina,web,06-23-2024,premium_annual,31,
usr_004583,Omar,omar_5626@hotmail.com,EG,Mecca,android,2021-10-02,free,40,
usr_004584,سارة,سارة_8754@gmail.com,SA,Mecca,ios,07-03-2019,free,54,f
usr_004585,Aisha,aisha_7029@icloud.com,JO,Tabuk,car_play,2019-01-20,free,31,
usr_004586,حسن,,QA,Taif,car_play,2021-01-14,premium,40,m
usr_004587,Lamia,lamia_7584@icloud.com,BH,Mecca,smart_speaker,26/09/2024,premium_annual,54,M
usr_004588,ريم,ريم_8517@hotmail.com,DE,,android,26/05/2019,premium,39,F
usr_004589,فهد,فهد_5194@gmail.com,US,Taif,car_play,2019-06-02T00:00:00,trial,42,m
usr_004590,عائشة,عائشة_7726@gmail.com,BH,,car_play,20/03/2024,premium_annual,48,F
usr_004591,حسن,حسن_5483@outlook.sa,LB,Tabuk,web,10-08-2023,trial,65,m
usr_004592,Zainab,zainab_8099@yahoo.com,SA,Taif,ios,11-03-2023,premium_annual,32,F
usr_004593,عمر,عمر_8731@hotmail.com,OM,Medina,car_play,26/01/2019,premium_annual,51,male
usr_004594,Mona,mona_8531@yahoo.com,BH,,smart_speaker,09-17-2019,trial,,
usr_004595,Yasser,yasser_9772@yahoo.com,UK,Mecca,web,2024-09-26T00:00:00,premium,62,female
usr_004596,زينب,زينب_350@yahoo.com,UK,,ios,2021-01-22T00:00:00,free,31,m
usr_004597,Reem,reem_3055@yahoo.com,FR,,web,15/09/2024,trial,30,male
usr_004598,زينب,زينب_5470@hotmail.com,MA,,android,2020-09-30,premium,19,female
usr_004599,أحمد,أحمد_650@outlook.sa,BH,Riyadh,ios,09/07/2020,premium,56,male
usr_004600,Aisha,aisha_2348@hotmail.com,QA,,ios,2019-12-13T00:00:00,premium,55,male
usr_004601,ريم,ريم_9922@outlook.sa,QA,Tabuk,ios,2021-05-05,premium_annual,24,f
usr_004602,ريم,ريم_5192@hotmail.com,DE,Khobar,car_play,03-24-2020,premium_annual,23,female
usr_004603,سارة,سارة_7770@hotmail.com,EG,Riyadh,ios,08-24-2024,premium_annual,27,female
usr_004604,أحمد,أحمد_7684@outlook.sa,AE,Riyadh,smart_speaker,2020-01-28,premium,,f
usr_004605,Mona,mona_8365@hotmail.com,OM,,android,2022-08-09,free,17,F
usr_004606,Reem,reem_5672@yahoo.com,SA,,web,29/01/2024,premium,59,male
usr_004607,عمر,عمر_997@outlook.sa,SA,Mecca,android,2024-02-28,trial,,m
usr_004608,عبدالله,عبدالله_4734@outlook.sa,OM,Jeddah,car_play,03-28-2019,premium,26,
usr_004609,Abdullah,abdullah_9826@gmail.com,JO,Taif,smart_speaker,07-20-2022,premium_annual,,male
usr_004610,Ahmed,ahmed_1245@outlook.sa,FR,Buraidah,ios,2022-08-13T00:00:00,trial,50,f
usr_004611,محمد,محمد_5050@yahoo.com,JO,Riyadh,smart_speaker,24/06/2021,trial,,male
usr_004612,Sultan,sultan_2616@yahoo.com,MA,Dammam,android,05/10/2021,free,54,m
usr_004613,Lamia,lamia_5634@gmail.com,EG,Tabuk,ios,2022-04-07,premium,31,male
usr_004614,ريم,ريم_1997@yahoo.com,UK,Dammam,smart_speaker,29/04/2024,premium_annual,31,m
usr_004615,خالد,خالد_9694@yahoo.com,LB,Dammam,ios,06/04/2023,premium_annual,63,
usr_004616,عمر,عمر_996@icloud.com,BH,Mecca,ios,01/09/2019,premium,,female
usr_004617,نورة,نورة_9105@gmail.com,BH,Abha,car_play,2024-09-20T00:00:00,premium_annual,44,male
usr_004618,فهد,,LB,Riyadh,web,13/05/2019,free,39,
usr_004619,Hassan,hassan_4869@hotmail.com,DE,,smart_speaker,26/05/2023,premium_annual,47,
usr_004620,عمر,عمر_5416@hotmail.com,JO,,android,12-15-2020,free,22,m
usr_004621,Mohammed,mohammed_4111@yahoo.com,QA,,ios,04-14-2020,trial,62,
usr_004622,طارق,,FR,Taif,smart_speaker,2024-08-17T00:00:00,free,44,male
usr_004623,أحمد,أحمد_3107@gmail.com,OM,Abha,smart_speaker,2019-06-11,premium_annual,42,F
usr_004624,Hind,hind_5823@gmail.com,JO,Khobar,web,2021-11-17,trial,48,m
usr_004625,Zainab,zainab_7640@outlook.sa,OM,,ios,2021-09-14,premium_annual,61,m
usr_004626,سارة,سارة_7685@hotmail.com,DE,Riyadh,ios,2020-04-12,premium_annual,31,F
usr_004627,أحمد,أحمد_4327@gmail.com,JO,Buraidah,web,26/03/2022,premium,28,M
usr_004628,Reem,reem_5413@gmail.com,US,Riyadh,android,2019-02-17T00:00:00,premium,22,F
usr_004629,أحمد,أحمد_7384@hotmail.com,AE,Tabuk,smart_speaker,22/04/2024,trial,31,m
usr_004630,Yasser,yasser_1272@icloud.com,SA,Mecca,car_play,2019-04-18,trial,64,
usr_004631,عمر,عمر_4831@outlook.sa,OM,Khobar,smart_speaker,2022-03-03T00:00:00,premium,26,F
usr_004632,Mohammed,mohammed_9971@gmail.com,DE,,ios,09-07-2024,trial,17,M
usr_004633,خالد,خالد_6626@outlook.sa,LB,Taif,smart_speaker,18/04/2020,trial,25,M
usr_004634,عمر,عمر_6187@yahoo.com,JO,Abha,web,2021-11-23,premium,50,M
usr_004635,محمد,محمد_1554@hotmail.com,MA,Khobar,car_play,21/04/2020,premium_annual,36,female
usr_004636,هند,هند_9355@gmail.com,BH,Medina,smart_speaker,06/01/2024,premium_annual,35,M
usr_004637,نورة,نورة_9421@gmail.com,BH,Dammam,smart_speaker,14/05/2021,premium_annual,,
usr_004638,أحمد,أحمد_549@icloud.com,OM,Mecca,car_play,2021-07-06,free,27,
usr_004639,مريم,مريم_4170@hotmail.com,OM,Jeddah,car_play,2023-11-10,trial,27,F
usr_004640,Sarah,sarah_2807@icloud.com,JO,Riyadh,android,25/12/2019,premium_annual,17,m
usr_004641,Omar,omar_5056@hotmail.com,EG,Abha,web,2022-01-01T00:00:00,free,28,M
usr_004642,عائشة,عائشة_4148@outlook.sa,LB,Buraidah,android,2022-04-05T00:00:00,trial,,f
usr_004643,هند,هند_2634@icloud.com,SA,,ios,2020-08-31,premium,23,female
usr_004644,Fatima,fatima_550@yahoo.com,SA,Abha,car_play,2020-03-10,trial,35,m
usr_004645,Fahad,fahad_762@outlook.sa,BH,Abha,ios,2024-03-11T00:00:00,free,30,M
usr_004646,زينب,زينب_6482@outlook.sa,EG,Medina,ios,2024-01-24,trial,19,female
usr_004647,Hind,hind_4355@hotmail.com,QA,Medina,car_play,2022-03-21T00:00:00,trial,38,F
usr_004648,نورة,نورة_8085@outlook.sa,EG,,smart_speaker,2023-09-04,premium,37,male
usr_004649,Sarah,sarah_2991@gmail.com,AE,Taif,ios,24/03/2024,trial,17,
usr_004650,زينب,زينب_8055@outlook.sa,AE,Khobar,smart_speaker,2022-10-28,premium,60,F
usr_004651,Aisha,aisha_8519@outlook.sa,SA,,web,2023-01-12,premium,29,female
usr_004652,ياسر,ياسر_1924@icloud.com,KW,Medina,ios,03/09/2022,premium_annual,62,m
usr_004653,نورة,نورة_1124@outlook.sa,KW,Abha,android,2022-06-30,premium,27,M
usr_004654,حسن,حسن_5659@hotmail.com,MA,Abha,web,2021-07-03,free,61,F
usr_004655,Lamia,lamia_6123@icloud.com,EG,Taif,android,30/07/2022,premium_annual,44,male
usr_004656,خالد,خالد_7138@gmail.com,BH,,smart_speaker,05-22-2020,free,35,female
usr_004657,Khalid,khalid_9118@yahoo.com,EG,Buraidah,car_play,2022-01-05,premium,37,female
usr_004658,لمياء,لمياء_9672@icloud.com,DE,Taif,web,15/01/2023,trial,25,female
usr_004659,منى,منى_1206@yahoo.com,SA,,web,2020-07-22T00:00:00,trial,19,m
usr_004660,خالد,خالد_2439@yahoo.com,OM,Jeddah,smart_speaker,10-12-2022,premium_annual,57,M
usr_004661,مريم,مريم_5221@hotmail.com,AE,,ios,28/08/2022,premium,60,male
usr_004662,Fatima,fatima_9328@icloud.com,QA,Tabuk,car_play,03-15-2020,free,45,M
usr_004663,سلطان,سلطان_9821@hotmail.com,EG,Buraidah,car_play,03-16-2021,trial,20,male
usr_004664,Zainab,zainab_911@yahoo.com,QA,,android,2023-04-10,free,53,F
usr_004665,فاطمة,فاطمة_6796@gmail.com,LB,,android,30/01/2022,free,37,male
usr_004666,فاطمة,فاطمة_7161@icloud.com,OM,,web,2021-11-07,premium_annual,54,f
usr_004667,مريم,مريم_8256@outlook.sa,MA,Tabuk,car_play,08-03-2021,free,,F
usr_004668,Fatima,fatima_6125@icloud.com,OM,Dammam,smart_speaker,2019-10-10,premium_annual,29,F
usr_004669,ريم,ريم_4712@hotmail.com,US,,ios,2020-09-18T00:00:00,premium,27,female
usr_004670,حسن,حسن_1700@hotmail.com,MA,Taif,car_play,2019-09-23,premium,46,female
usr_004671,Lamia,lamia_8577@gmail.com,DE,Dammam,android,2021-06-10,premium_annual,36,female
usr_004672,فاطمة,فاطمة_6510@yahoo.com,BH,,web,2021-05-25,premium_annual,60,f
usr_004673,فاطمة,فاطمة_8974@icloud.com,UK,Mecca,web,2023-06-06,free,47,female
usr_004674,عبدالله,عبدالله_1854@hotmail.com,QA,Tabuk,web,2019-05-10,trial,61,m
usr_004675,سلطان,سلطان_7976@hotmail.com,US,Jeddah,web,30/10/2020,premium_annual,35,F
usr_004676,Hassan,hassan_4729@gmail.com,QA,Taif,ios,2019-02-08,premium_annual,,m
usr_004677,أحمد,أحمد_6754@hotmail.com,QA,Jeddah,android,2021-07-07,free,,female
usr_004678,Sultan,sultan_8319@hotmail.com,BH,Jeddah,smart_speaker,27/01/2024,trial,24,m
usr_004679,Khalid,khalid_5043@icloud.com,AE,Dammam,android,2019-09-26,premium,25,f
usr_004680,فاطمة,فاطمة_5024@outlook.sa,LB,,smart_speaker,2020-11-19,premium,21,m
usr_004681,عمر,عمر_9524@outlook.sa,FR,Taif,ios,2019-08-11T00:00:00,trial,34,M
usr_004682,Sarah,sarah_7134@icloud.com,BH,Buraidah,car_play,2021-07-05,premium_annual,27,M
usr_004683,مريم,مريم_1577@gmail.com,FR,,smart_speaker,2020-05-11T00:00:00,free,50,
usr_004684,هند,هند_9418@hotmail.com,BH,,android,30/10/2023,premium_annual,47,f
usr_004685,Mariam,mariam_5448@gmail.com,FR,Riyadh,ios,2021-02-02,trial,18,f
usr_004686,Yasser,yasser_2121@gmail.com,AE,Taif,ios,04-01-2024,trial,33,F
usr_004687,Zainab,zainab_1838@hotmail.com,SA,Medina,web,2019-10-14,free,64,M
usr_004688,Abdullah,abdullah_5570@gmail.com,MA,Abha,web,09/04/2022,trial,21,M
usr_004689,Sultan,sultan_4247@icloud.com,BH,Taif,android,23/01/2021,premium,61,m
usr_004690,Tariq,tariq_2726@yahoo.com,FR,Buraidah,android,11-15-2020,free,26,female
usr_004691,Lamia,lamia_167@hotmail.com,EG,Riyadh,ios,01/05/2024,premium,38,
usr_004692,Mona,mona_6922@yahoo.com,AE,Abha,smart_speaker,2023-04-13,premium_annual,26,m
usr_004693,Tariq,,AE,Mecca,ios,2022-08-22,free,,
usr_004694,لمياء,لمياء_9736@gmail.com,OM,,car_play,2021-01-30,trial,62,f
usr_004695,مريم,مريم_870@yahoo.com,DE,Riyadh,smart_speaker,13/10/2023,trial,35,male
usr_004696,Ahmed,ahmed_208@hotmail.com,LB,Medina,car_play,2020-09-15,premium,33,
usr_004697,نورة,نورة_8439@hotmail.com,FR,Mecca,smart_speaker,2019-06-19,premium_annual,19,M
usr_004698,أحمد,أحمد_3674@outlook.sa,FR,Buraidah,smart_speaker,04/06/2024,premium_annual,58,F
usr_004699,Tariq,tariq_9237@outlook.sa,MA,,car_play,2020-11-26T00:00:00,premium,48,
usr_004700,سارة,سارة_1392@yahoo.com,KW,,smart_speaker,2020-05-27,free,45,m
usr_004701,Ahmed,ahmed_1268@yahoo.com,QA,Khobar,ios,2020-05-04,premium,39,female
usr_004702,أحمد,أحمد_935@hotmail.com,DE,Mecca,android,2022-01-03T00:00:00,trial,64,M
usr_004703,Fahad,fahad_6113@gmail.com,MA,,web,18/08/2021,premium_annual,26,F
usr_004704,عمر,عمر_4689@hotmail.com,EG,Taif,car_play,01/06/2019,premium,55,m
usr_004705,Ahmed,ahmed_6852@gmail.com,UK,Khobar,smart_speaker,10/02/2021,trial,48,male
usr_004706,فاطمة,فاطمة_7241@gmail.com,QA,Mecca,android,06/04/2022,free,23,F
usr_004707,سارة,سارة_1915@outlook.sa,MA,Abha,web,2024-06-12,premium,50,m
usr_004708,Omar,omar_1361@yahoo.com,SA,Taif,smart_speaker,2024-01-04,premium_annual,54,m
usr_004709,ريم,ريم_8383@outlook.sa,AE,Buraidah,ios,12-12-2019,premium_annual,16,f
usr_004710,حسن,حسن_5909@hotmail.com,MA,Riyadh,web,08-14-2022,trial,,f
usr_004711,Zainab,zainab_8058@hotmail.com,MA,,smart_speaker,2020-08-05,free,21,M
usr_004712,Mohammed,mohammed_3670@hotmail.com,KW,Dammam,android,12-16-2019,premium_annual,30,F
usr_004713,فهد,فهد_6393@outlook.sa,UK,Jeddah,android,2022-10-04,free,30,m
usr_004714,ريم,ريم_7992@hotmail.com,QA,Taif,web,03/02/2021,premium,62,f
usr_004715,Zainab,zainab_3118@icloud.com,FR,Khobar,ios,2019-08-11,premium_annual,63,female
usr_004716,عمر,عمر_3278@yahoo.com,MA,,car_play,2019-11-14,premium_annual,20,
usr_004717,حسن,حسن_2796@icloud.com,BH,Mecca,web,2020-09-26,premium,56,m
usr_004718,Mariam,mariam_239@gmail.com,UK,,web,28/11/2020,trial,56,male
usr_004719,حسن,حسن_6558@yahoo.com,MA,,car_play,2021-01-27T00:00:00,trial,49,m
usr_004720,حسن,حسن_3157@gmail.com,SA,Abha,smart_speaker,2023-03-25,premium_annual,26,f
usr_004721,Abdullah,abdullah_8430@hotmail.com,KW,Jeddah,android,2020-12-31,trial,62,m
usr_004722,منى,منى_3035@gmail.com,BH,Riyadh,car_play,03/12/2023,trial,26,F
usr_004723,Lamia,lamia_977@yahoo.com,US,Mecca,web,04-24-2020,free,42,M
usr_004724,هند,هند_362@yahoo.com,JO,,web,06/06/2021,premium,,m
usr_004725,زينب,زينب_4393@hotmail.com,SA,,ios,2023-09-11,premium,54,male
usr_004726,فاطمة,فاطمة_210@yahoo.com,DE,Taif,android,2021-03-22T00:00:00,premium,,female
usr_004727,عائشة,عائشة_4829@gmail.com,US,Buraidah,android,2021-01-10,premium,21,female
usr_004728,Abdullah,abdullah_2319@icloud.com,FR,,smart_speaker,2022-08-24,trial,22,M
usr_004729,Zainab,zainab_1695@outlook.sa,DE,Riyadh,smart_speaker,2021-01-08,premium_annual,56,m
usr_004730,ريم,ريم_1844@icloud.com,US,Taif,android,2024-09-07,free,41,m
usr_004731,Mohammed,mohammed_8159@outlook.sa,BH,,ios,30/03/2021,premium_annual,31,
usr_004732,Zainab,zainab_5163@hotmail.com,FR,Dammam,web,11-21-2021,premium,28,
usr_004733,عائشة,عائشة_329@hotmail.com,OM,,smart_speaker,30/05/2022,free,27,female
usr_004734,طارق,طارق_7911@icloud.com,UK,,car_play,20/06/2022,premium,48,male
usr_004735,سارة,سارة_6899@gmail.com,EG,,android,01-26-2020,trial,,f
usr_004736,عبدالله,عبدالله_4560@hotmail.com,BH,Taif,smart_speaker,01/03/2020,free,36,M
usr_004737,Aisha,aisha_1054@yahoo.com,UK,Riyadh,ios,2020-09-28T00:00:00,free,38,M
usr_004738,Aisha,aisha_573@icloud.com,AE,Tabuk,android,03/06/2022,premium_annual,53,female
usr_004739,مريم,مريم_2599@yahoo.com,JO,Dammam,web,2022-07-28,premium_annual,47,F
usr_004740,محمد,محمد_2294@outlook.sa,LB,Buraidah,smart_speaker,12-18-2019,trial,47,female
usr_004741,خالد,خالد_5689@yahoo.com,US,,car_play,11/10/2021,premium_annual,22,f
usr_004742,نورة,نورة_5870@hotmail.com,OM,Buraidah,android,2020-01-13,trial,52,f
usr_004743,ريم,ريم_7440@hotmail.com,JO,Jeddah,android,27/03/2024,free,65,male
usr_004744,Zainab,zainab_4128@outlook.sa,US,Taif,web,04-21-2021,premium_annual,19,female
usr_004745,Tariq,tariq_4912@outlook.sa,UK,Taif,web,01-26-2021,free,41,female
usr_004746,خالد,خالد_6072@gmail.com,BH,Riyadh,ios,01/03/2024,trial,,male
usr_004747,Fahad,fahad_3804@outlook.sa,UK,,car_play,01-01-2024,trial,39,female
usr_004748,حسن,حسن_9498@icloud.com,SA,Medina,smart_speaker,2022-11-24,free,44,
usr_004749,لمياء,لمياء_8610@icloud.com,MA,Khobar,ios,2023-09-27,trial,,m
usr_004750,Mohammed,mohammed_4978@gmail.com,EG,Medina,android,2021-08-13,premium,,f
usr_004751,عمر,عمر_2540@outlook.sa,QA,,android,2021-02-14,free,50,M
usr_004752,عائشة,عائشة_898@gmail.com,DE,Riyadh,car_play,2022-04-27,trial,38,
usr_004753,Mohammed,mohammed_403@hotmail.com,EG,Abha,web,2020-12-13,premium_annual,48,female
usr_004754,محمد,محمد_6276@hotmail.com,FR,,car_play,11-21-2021,trial,58,M
usr_004755,خالد,خالد_2447@hotmail.com,SA,Taif,web,2023-10-26,free,27,male
usr_004756,Hind,hind_6720@outlook.sa,KW,Riyadh,web,2019-09-15,premium_annual,39,f
usr_004757,سارة,سارة_5650@gmail.com,QA,Khobar,web,2021-04-29T00:00:00,trial,50,male
usr_004758,محمد,محمد_6974@icloud.com,FR,Medina,car_play,2024-02-20,trial,29,female
usr_004759,سلطان,سلطان_7840@yahoo.com,BH,Tabuk,web,2024-05-09,free,59,F
usr_004760,سلطان,سلطان_8891@hotmail.com,MA,Riyadh,car_play,2024-09-13,free,,M
usr_004761,سلطان,سلطان_9862@icloud.com,SA,Mecca,car_play,2019-06-11,premium_annual,51,F
usr_004762,Mona,mona_7782@gmail.com,LB,,smart_speaker,2023-10-01,premium,54,female
usr_004763,عائشة,عائشة_2776@gmail.com,KW,Tabuk,car_play,03-06-2023,premium_annual,29,m
usr_004764,عائشة,عائشة_3625@gmail.com,QA,,android,2024-07-07,free,29,m
usr_004765,أحمد,أحمد_1124@icloud.com,BH,Tabuk,car_play,2020-01-07,premium,45,F
usr_004766,سلطان,سلطان_4634@outlook.sa,FR,Dammam,car_play,2022-03-24,trial,25,F
usr_004767,Lamia,lamia_4793@yahoo.com,UK,,car_play,2019-10-17,free,49,F
usr_004768,Tariq,tariq_9064@icloud.com,SA,Abha,smart_speaker,02-09-2020,free,,m
usr_004769,سارة,سارة_6061@outlook.sa,UK,Jeddah,web,2019-04-20,free,23,
usr_004770,ريم,ريم_5422@gmail.com,BH,Taif,android,04-03-2019,premium_annual,53,f
usr_004771,مريم,مريم_6088@icloud.com,DE,,car_play,06-23-2019,free,27,m
usr_004772,Reem,reem_8705@hotmail.com,QA,Taif,smart_speaker,2023-10-24,premium,43,
usr_004773,طارق,طارق_353@yahoo.com,SA,Riyadh,car_play,02/08/2019,free,47,m
usr_004774,منى,منى_7059@outlook.sa,SA,Abha,ios,10/11/2021,free,41,F
usr_004775,عمر,عمر_709@outlook.sa,QA,Dammam,ios,2020-09-13,premium,50,f
usr_004776,عائشة,عائشة_4174@icloud.com,JO,Jeddah,car_play,2019-02-25,premium,36,M
usr_004777,Hind,,FR,Tabuk,smart_speaker,2019-04-13,premium,23,f
usr_004778,Sultan,sultan_376@outlook.sa,AE,,smart_speaker,2023-05-09,trial,21,M
usr_004779,ريم,ريم_3136@yahoo.com,US,Buraidah,android,2020-05-14,free,35,f
usr_004780,عمر,عمر_7814@icloud.com,DE,Mecca,smart_speaker,14/08/2024,trial,49,f
usr_004781,Ahmed,ahmed_6393@hotmail.com,MA,,car_play,2020-08-18T00:00:00,premium,20,female
usr_004782,خالد,خالد_8440@hotmail.com,OM,Medina,android,10-05-2019,premium_annual,21,
usr_004783,نورة,نورة_9622@gmail.com,QA,Abha,ios,2021-01-19,premium_annual,34,F
usr_004784,Hind,hind_3151@hotmail.com,UK,Mecca,car_play,2023-01-08T00:00:00,premium,45,m
usr_004785,Ahmed,ahmed_8858@gmail.com,EG,Abha,android,10/01/2022,premium,29,female
usr_004786,عبدالله,عبدالله_5200@hotmail.com,QA,Khobar,smart_speaker,2021-06-07,trial,53,male
usr_004787,عبدالله,عبدالله_8233@yahoo.com,SA,Riyadh,car_play,2022-05-27,premium,52,M
usr_004788,طارق,طارق_1582@hotmail.com,US,,car_play,30/04/2022,premium,25,f
usr_004789,زينب,زينب_7648@outlook.sa,EG,,android,2020-03-31,premium,61,m
usr_004790,Hind,hind_7550@yahoo.com,OM,Riyadh,android,01/05/2019,premium,36,f
usr_004791,Sultan,sultan_2662@yahoo.com,MA,Jeddah,web,2019-07-26,premium,26,
usr_004792,محمد,محمد_9899@icloud.com,MA,Riyadh,smart_speaker,28/06/2019,trial,54,
usr_004793,Mohammed,mohammed_8987@gmail.com,QA,Dammam,car_play,01-12-2022,trial,,m
usr_004794,Lamia,lamia_9833@yahoo.com,KW,Buraidah,car_play,09/03/2019,premium_annual,57,m
usr_004795,ياسر,ياسر_9320@yahoo.com,AE,Khobar,car_play,2019-05-02,trial,,M
usr_004796,خالد,خالد_4865@gmail.com,US,,smart_speaker,2023-09-07,trial,56,male
usr_004797,Omar,omar_9482@icloud.com,US,,car_play,2024-03-20,trial,24,f
usr_004798,مريم,مريم_5778@gmail.com,FR,Abha,web,07-29-2022,free,42,f
usr_004799,زينب,زينب_9240@icloud.com,UK,,android,08-22-2023,free,65,male
usr_004800,نورة,نورة_8617@outlook.sa,US,Buraidah,smart_speaker,2023-08-02T00:00:00,trial,21,F
usr_004801,Lamia,,LB,,web,2019-06-26,trial,,
usr_004802,لمياء,لمياء_2307@hotmail.com,SA,Tabuk,web,2020-10-13,premium,45,female
usr_004803,طارق,طارق_3806@outlook.sa,FR,Jeddah,ios,06/01/2021,trial,19,f
usr_004804,فاطمة,فاطمة_7565@icloud.com,JO,Medina,ios,2024-08-11T00:00:00,premium_annual,27,m
usr_004805,فاطمة,فاطمة_7105@icloud.com,KW,,car_play,27/01/2019,trial,49,F
usr_004806,ياسر,ياسر_8299@gmail.com,QA,Taif,smart_speaker,2024-03-03,premium,52,m
usr_004807,حسن,حسن_5858@yahoo.com,AE,Abha,ios,2022-04-29,trial,41,m
usr_004808,طارق,طارق_5703@yahoo.com,FR,Jeddah,web,15/07/2020,trial,54,m
usr_004809,سلطان,سلطان_8874@icloud.com,FR,,ios,2022-11-15,premium_annual,31,M
usr_004810,سارة,سارة_3788@icloud.com,LB,Abha,ios,2023-02-18T00:00:00,free,27,male
usr_004811,فاطمة,فاطمة_1659@outlook.sa,US,Dammam,web,12/08/2023,free,60,male
usr_004812,فاطمة,فاطمة_4259@icloud.com,OM,,ios,07-31-2021,free,20,m
usr_004813,Hassan,hassan_8509@yahoo.com,BH,,android,02/02/2019,premium_annual,21,male
usr_004814,Abdullah,abdullah_8310@outlook.sa,FR,Abha,web,2021-03-28,premium,17,female
usr_004815,Abdullah,abdullah_4582@gmail.com,AE,Tabuk,ios,2019-07-31T00:00:00,trial,65,female
usr_004816,ياسر,ياسر_8189@gmail.com,DE,,smart_speaker,2023-09-15,premium_annual,16,male
usr_004817,Abdullah,abdullah_8657@hotmail.com,EG,,smart_speaker,2019-02-07,premium,,M
usr_004818,Hassan,hassan_658@icloud.com,SA,,android,20/05/2024,premium,42,f
usr_004819,Sarah,,SA,Jeddah,web,2022-07-17,free,65,
usr_004820,Reem,reem_5631@icloud.com,BH,Tabuk,ios,2021-12-09,premium,46,M
usr_004821,عبدالله,عبدالله_6912@outlook.sa,KW,Khobar,car_play,05-21-2024,premium_annual,49,
usr_004822,سلطان,سلطان_8091@yahoo.com,EG,Dammam,smart_speaker,2021-07-04,free,32,f
usr_004823,Khalid,khalid_7459@gmail.com,SA,Riyadh,ios,12-19-2019,trial,57,F
usr_004824,Reem,reem_1961@icloud.com,LB,Khobar,web,2023-09-20,trial,,female
usr_004825,Hind,hind_2776@yahoo.com,UK,Dammam,web,2023-02-24,premium,55,male
usr_004826,Lamia,lamia_4503@gmail.com,LB,,car_play,20/08/2022,premium_annual,25,f
usr_004827,Zainab,zainab_6981@hotmail.com,SA,Buraidah,smart_speaker,06-09-2022,trial,37,M
usr_004828,زينب,زينب_1288@gmail.com,KW,,android,2022-10-06,trial,30,male
usr_004829,خالد,خالد_4758@yahoo.com,BH,Dammam,android,19/02/2019,premium,33,M
usr_004830,Fatima,fatima_5002@hotmail.com,LB,Abha,car_play,08-06-2022,premium,44,male
usr_004831,عمر,عمر_1998@hotmail.com,AE,Buraidah,android,2019-10-08,premium,56,m
usr_004832,ريم,ريم_6302@hotmail.com,US,Taif,web,2024-08-27,premium_annual,53,m
usr_004833,عائشة,عائشة_7523@hotmail.com,LB,,car_play,2023-03-06,free,60,female
usr_004834,عبدالله,عبدالله_8638@outlook.sa,UK,Riyadh,ios,2022-04-16,free,16,M
usr_004835,سلطان,سلطان_7599@hotmail.com,LB,Dammam,web,2024-04-28T00:00:00,premium_annual,51,female
usr_004836,Ahmed,ahmed_2417@icloud.com,LB,Khobar,web,06-03-2019,premium,20,male
usr_004837,مريم,مريم_9336@gmail.com,BH,Abha,android,07/04/2024,free,24,f
usr_004838,Lamia,lamia_4117@icloud.com,JO,Buraidah,android,2024-08-31,free,28,F
usr_004839,نورة,نورة_7479@yahoo.com,BH,Taif,web,07/05/2019,trial,65,F
usr_004840,Hind,hind_2243@gmail.com,DE,Dammam,web,2021-10-03,free,16,male
usr_004841,سارة,سارة_7403@hotmail.com,OM,Dammam,smart_speaker,13/03/2022,premium,59,f
usr_004842,Abdullah,abdullah_8572@icloud.com,US,Dammam,car_play,2023-02-10,trial,,F
usr_004843,زينب,زينب_9308@hotmail.com,BH,Mecca,car_play,27/12/2019,trial,33,f
usr_004844,محمد,محمد_7386@icloud.com,EG,Abha,smart_speaker,08-22-2020,premium_annual,58,F
usr_004845,Hassan,hassan_2556@hotmail.com,BH,Taif,car_play,2023-02-27T00:00:00,premium_annual,48,f
usr_004846,Noura,noura_6179@hotmail.com,OM,,web,2019-11-05,premium_annual,61,female
usr_004847,عبدالله,عبدالله_9320@yahoo.com,BH,Khobar,web,26/01/2023,premium,58,M
usr_004848,زينب,زينب_4347@outlook.sa,UK,,web,2023-01-16,free,43,
usr_004849,Lamia,lamia_4018@yahoo.com,FR,Medina,smart_speaker,2022-05-30,premium_annual,43,f
usr_004850,Mariam,mariam_7367@hotmail.com,BH,,android,04/10/2023,free,,m
usr_004851,Sarah,sarah_635@hotmail.com,FR,Tabuk,smart_speaker,2024-01-05T00:00:00,premium_annual,60,f
usr_004852,Sultan,sultan_7260@hotmail.com,AE,Tabuk,car_play,18/03/2024,premium,51,f
usr_004853,Yasser,yasser_6931@outlook.sa,BH,Taif,ios,2021-09-30,premium_annual,16,m
usr_004854,Lamia,lamia_7055@gmail.com,SA,Jeddah,ios,09/06/2020,premium_annual,42,F
usr_004855,عمر,عمر_5588@outlook.sa,UK,Mecca,car_play,18/09/2024,premium,49,M
usr_004856,ياسر,ياسر_4528@icloud.com,QA,Khobar,car_play,2023-07-21,free,,male
usr_004857,سارة,سارة_132@yahoo.com,BH,Jeddah,ios,2020-02-24,premium,44,male
usr_004858,Sultan,sultan_7895@hotmail.com,OM,,car_play,01-12-2019,trial,46,female
usr_004859,Noura,noura_5251@icloud.com,OM,Medina,web,2019-11-20,premium_annual,64,female
usr_004860,Sarah,,OM,Tabuk,ios,2024-08-17T00:00:00,trial,54,
usr_004861,Ahmed,ahmed_2771@outlook.sa,SA,,android,2020-05-26,trial,61,female
usr_004862,فهد,فهد_8170@hotmail.com,BH,Abha,web,2019-06-26T00:00:00,premium_annual,36,male
usr_004863,مريم,مريم_6306@icloud.com,UK,Khobar,car_play,14/02/2019,premium,62,m
usr_004864,Khalid,khalid_9357@gmail.com,QA,Khobar,ios,2023-07-12,premium,28,M
usr_004865,Noura,noura_8005@yahoo.com,KW,,web,2020-04-06,free,54,female
usr_004866,Sarah,sarah_7517@hotmail.com,SA,Tabuk,car_play,2020-09-08,premium,33,F
usr_004867,زينب,زينب_966@gmail.com,EG,Abha,ios,2019-03-15,trial,24,male
usr_004868,عائشة,عائشة_8178@icloud.com,MA,Khobar,ios,2021-06-25,premium_annual,26,M
usr_004869,Noura,noura_1097@icloud.com,KW,Jeddah,web,28/06/2023,trial,62,M
usr_004870,ياسر,ياسر_9741@gmail.com,BH,Taif,web,2023-12-27,premium,42,m
usr_004871,Tariq,tariq_9558@gmail.com,MA,Jeddah,smart_speaker,2021-02-09,premium,,f
usr_004872,مريم,مريم_9741@outlook.sa,LB,Abha,web,2021-10-27,premium,50,female
usr_004873,Sultan,sultan_8949@hotmail.com,US,Dammam,ios,25/02/2021,premium_annual,31,
usr_004874,Sultan,sultan_6185@hotmail.com,KW,Buraidah,web,2021-05-06T00:00:00,trial,21,M
usr_004875,عبدالله,عبدالله_3098@hotmail.com,EG,,car_play,2020-04-02,premium_annual,57,M
usr_004876,زينب,زينب_6811@yahoo.com,KW,Mecca,ios,28/07/2023,premium,42,female
usr_004877,Sarah,sarah_9224@icloud.com,DE,Tabuk,android,21/12/2023,free,29,female
usr_004878,Omar,omar_6193@outlook.sa,BH,,web,20/10/2019,free,27,F
usr_004879,زينب,زينب_2140@yahoo.com,MA,Abha,web,22/06/2021,premium,51,F
usr_004880,Abdullah,abdullah_9639@gmail.com,AE,Abha,android,2024-04-25,premium_annual,24,female
usr_004881,محمد,محمد_423@gmail.com,OM,,ios,02-18-2023,trial,58,m
usr_004882,طارق,طارق_4501@hotmail.com,US,Medina,ios,2023-09-16T00:00:00,premium_annual,38,m
usr_004883,Zainab,zainab_686@gmail.com,EG,,smart_speaker,07/07/2020,premium_annual,39,M
usr_004884,هند,هند_3427@outlook.sa,EG,Medina,smart_speaker,15/10/2020,premium_annual,37,
usr_004885,Ahmed,ahmed_1676@yahoo.com,UK,Tabuk,web,2024-08-31,free,41,M
usr_004886,حسن,حسن_3311@icloud.com,US,Mecca,android,2024-08-14,premium,23,m
usr_004887,Reem,reem_4180@hotmail.com,FR,Buraidah,smart_speaker,09/06/2024,free,42,F
usr_004888,Mona,mona_1011@outlook.sa,AE,Abha,car_play,12-28-2023,free,57,M
usr_004889,عبدالله,عبدالله_898@yahoo.com,FR,,smart_speaker,2021-04-01,trial,26,male
usr_004890,Mona,mona_8400@yahoo.com,KW,Jeddah,smart_speaker,05-23-2019,free,37,female
usr_004891,Tariq,tariq_4530@icloud.com,MA,,smart_speaker,2021-12-15T00:00:00,free,36,m
usr_004892,فهد,فهد_6041@gmail.com,LB,Dammam,car_play,2019-02-23,free,41,M
usr_004893,سلطان,سلطان_19@hotmail.com,KW,Mecca,car_play,12-09-2021,premium,,M
usr_004894,حسن,حسن_7979@hotmail.com,EG,Dammam,car_play,02-13-2021,premium,30,f
usr_004895,فهد,,SA,Dammam,android,15/08/2022,premium_annual,,male
usr_004896,نورة,نورة_4107@outlook.sa,UK,Riyadh,android,2024-09-28T00:00:00,free,27,female
usr_004897,مريم,مريم_3055@gmail.com,FR,Dammam,smart_speaker,15/07/2022,premium,26,
usr_004898,سارة,سارة_8025@yahoo.com,OM,Medina,ios,2021-05-25,free,40,m
usr_004899,سارة,سارة_2337@gmail.com,EG,,web,2022-11-10,premium,32,m
usr_004900,Hassan,hassan_811@outlook.sa,US,,web,25/12/2020,premium_annual,32,f
usr_004901,ياسر,ياسر_1180@outlook.sa,KW,,android,07-09-2020,premium,,f
usr_004902,Lamia,lamia_4902@yahoo.com,KW,,web,26/02/2021,premium_annual,33,F
usr_004903,عائشة,عائشة_203@outlook.sa,DE,Jeddah,android,06/04/2021,free,51,
usr_004904,أحمد,أحمد_397@hotmail.com,FR,Dammam,smart_speaker,17/10/2022,trial,51,
usr_004905,Fatima,,JO,Riyadh,android,2019-01-08,premium,19,M
usr_004906,مريم,مريم_803@gmail.com,MA,,car_play,2020-01-01T00:00:00,premium,16,F
usr_004907,Sultan,sultan_7627@icloud.com,MA,,smart_speaker,2020-04-14,premium_annual,19,
usr_004908,Hassan,hassan_5818@yahoo.com,OM,,car_play,26/02/2022,trial,,female
usr_004909,Ahmed,ahmed_5891@icloud.com,US,Dammam,car_play,12-17-2020,premium,60,male
usr_004910,فهد,فهد_4773@outlook.sa,EG,Abha,android,05-28-2021,premium_annual,25,F
usr_004911,Abdullah,abdullah_7109@gmail.com,MA,Riyadh,smart_speaker,2020-02-06,trial,32,f
usr_004912,Ahmed,ahmed_8250@gmail.com,OM,Dammam,android,2021-06-01,premium,47,male
usr_004913,Lamia,lamia_2899@icloud.com,US,Khobar,ios,05-18-2020,premium_annual,31,m
usr_004914,Khalid,khalid_8102@hotmail.com,LB,,smart_speaker,08/03/2020,premium_annual,22,m
usr_004915,Sarah,sarah_6454@hotmail.com,QA,Medina,ios,2020-04-16,free,58,f
usr_004916,عمر,عمر_5007@yahoo.com,UK,,ios,27/07/2021,premium_annual,33,
usr_004917,ياسر,ياسر_2278@outlook.sa,LB,,ios,2023-12-22,free,65,
usr_004918,Fatima,fatima_9852@icloud.com,FR,Taif,car_play,06-05-2019,trial,26,m
usr_004919,Fahad,fahad_5248@icloud.com,LB,Buraidah,smart_speaker,2022-11-05,premium,38,f
usr_004920,Reem,reem_9898@yahoo.com,DE,Mecca,ios,2020-04-08,premium,24,M
usr_004921,لمياء,لمياء_3847@gmail.com,MA,,smart_speaker,2022-10-19T00:00:00,premium,,m
usr_004922,عمر,عمر_4942@hotmail.com,OM,,smart_speaker,2021-01-11T00:00:00,trial,,M
usr_004923,محمد,محمد_8822@gmail.com,FR,Medina,web,02-26-2020,premium,56,
usr_004924,عائشة,عائشة_5918@yahoo.com,AE,Taif,ios,2022-09-13,premium,,f
usr_004925,منى,منى_995@hotmail.com,US,Mecca,ios,2022-07-31T00:00:00,free,53,male
usr_004926,ياسر,ياسر_7063@gmail.com,EG,Taif,smart_speaker,03-21-2021,free,53,male
usr_004927,Zainab,zainab_9310@gmail.com,OM,Medina,android,21/10/2022,trial,58,M
usr_004928,Yasser,,DE,Jeddah,smart_speaker,2021-03-18,premium,17,
usr_004929,Ahmed,ahmed_8631@hotmail.com,BH,Buraidah,smart_speaker,29/11/2020,premium,,male
usr_004930,Lamia,lamia_4495@gmail.com,US,,android,12/11/2021,free,20,female
usr_004931,زينب,زينب_5046@hotmail.com,DE,Riyadh,android,08/08/2024,premium,,
usr_004932,فهد,فهد_5764@icloud.com,QA,,car_play,2020-04-09,premium,60,m
usr_004933,Abdullah,abdullah_3056@yahoo.com,US,Dammam,android,2024-07-11,trial,,F
usr_004934,Hassan,hassan_2014@outlook.sa,AE,Dammam,ios,04/01/2021,premium_annual,35,M
usr_004935,لمياء,لمياء_9017@gmail.com,BH,Tabuk,web,2023-09-04T00:00:00,trial,28,M
usr_004936,Tariq,,AE,Dammam,car_play,03/08/2022,premium,33,
usr_004937,فاطمة,فاطمة_2182@gmail.com,OM,Mecca,car_play,05/01/2020,premium_annual,22,male
usr_004938,عائشة,عائشة_4185@hotmail.com,OM,,smart_speaker,2019-12-31,free,41,
usr_004939,محمد,محمد_849@icloud.com,SA,Abha,ios,2023-07-18,premium,42,M
usr_004940,سارة,سارة_4358@yahoo.com,EG,Mecca,ios,04-25-2021,trial,54,m
usr_004941,فهد,فهد_7679@icloud.com,LB,Buraidah,ios,07-20-2023,free,25,female
usr_004942,هند,هند_4954@hotmail.com,SA,Riyadh,android,16/09/2023,free,37,female
usr_004943,هند,هند_8290@gmail.com,US,,car_play,04-29-2021,free,,female
usr_004944,نورة,نورة_5514@yahoo.com,UK,Taif,android,14/06/2020,trial,,
usr_004945,طارق,طارق_2562@yahoo.com,FR,Medina,smart_speaker,03/01/2021,free,25,M
usr_004946,Omar,omar_3701@gmail.com,QA,Mecca,ios,2023-01-29,trial,19,female
usr_004947,Ahmed,ahmed_7858@gmail.com,SA,Medina,ios,16/01/2023,trial,31,m
usr_004948,Zainab,zainab_3280@hotmail.com,AE,Taif,android,2019-01-30,premium_annual,32,f
usr_004949,عبدالله,عبدالله_8966@icloud.com,SA,Jeddah,car_play,2023-05-13,free,30,f
usr_004950,عبدالله,عبدالله_8021@hotmail.com,QA,,car_play,25/12/2022,trial,,f
usr_004951,Mohammed,mohammed_7939@yahoo.com,UK,Tabuk,car_play,2023-02-08T00:00:00,free,47,female
usr_004952,مريم,مريم_5946@icloud.com,JO,Abha,ios,2021-02-17,free,27,M
usr_004953,زينب,زينب_6389@gmail.com,FR,Abha,car_play,17/04/2022,trial,28,m
usr_004954,Fahad,,UK,,web,10/10/2021,free,17,male
usr_004955,ريم,,UK,Jeddah,car_play,2020-03-21T00:00:00,premium_annual,,female
usr_004956,فاطمة,فاطمة_9150@hotmail.com,BH,Dammam,ios,05/01/2020,free,,f
usr_004957,Omar,omar_1648@yahoo.com,US,Buraidah,car_play,05/05/2020,premium,25,F
usr_004958,Mohammed,mohammed_7885@outlook.sa,AE,Dammam,ios,01/08/2020,premium_annual,37,female
usr_004959,حسن,حسن_9322@icloud.com,US,Buraidah,car_play,2024-04-15T00:00:00,premium_annual,56,M
usr_004960,نورة,نورة_9440@hotmail.com,DE,,smart_speaker,14/12/2020,trial,48,f
usr_004961,Noura,noura_9546@yahoo.com,DE,,smart_speaker,2020-11-06,free,53,F
usr_004962,فاطمة,فاطمة_9816@icloud.com,JO,Buraidah,car_play,29/04/2024,premium,62,m
usr_004963,ريم,ريم_4661@outlook.sa,JO,Jeddah,web,2022-06-16,premium_annual,43,
usr_004964,Sultan,sultan_593@gmail.com,KW,Dammam,car_play,03/05/2022,free,52,male
usr_004965,خالد,,JO,Khobar,smart_speaker,2024-08-14T00:00:00,premium_annual,45,M
usr_004966,Zainab,zainab_6341@outlook.sa,SA,Mecca,car_play,26/05/2019,free,45,F
usr_004967,Hassan,hassan_1309@outlook.sa,KW,Khobar,android,09-13-2024,free,22,F
usr_004968,سارة,سارة_9474@outlook.sa,FR,Riyadh,web,2019-04-12,premium,,male
usr_004969,عائشة,عائشة_8270@hotmail.com,KW,Buraidah,smart_speaker,2023-07-28,free,,female
usr_004970,مريم,مريم_228@icloud.com,LB,Tabuk,ios,2019-11-15,free,25,m
usr_004971,هند,هند_529@gmail.com,DE,,web,08-31-2021,premium_annual,,f
usr_004972,Ahmed,ahmed_994@outlook.sa,SA,Mecca,ios,06/10/2023,trial,62,female
usr_004973,منى,منى_8102@outlook.sa,KW,Buraidah,web,2021-03-26,premium,46,f
usr_004974,Tariq,tariq_9011@hotmail.com,EG,,ios,03/07/2023,trial,51,
usr_004975,ريم,ريم_5596@gmail.com,SA,,smart_speaker,06-14-2021,trial,18,F
usr_004976,Abdullah,abdullah_108@outlook.sa,LB,Buraidah,smart_speaker,2022-02-21T00:00:00,premium,45,F
usr_004977,Sultan,sultan_498@icloud.com,QA,,car_play,2019-08-27,trial,22,F
usr_004978,مريم,مريم_1275@outlook.sa,BH,,car_play,2021-07-04,free,,
usr_004979,Khalid,khalid_7183@outlook.sa,DE,Jeddah,car_play,2020-11-15,premium_annual,35,
usr_004980,عمر,عمر_9197@yahoo.com,DE,Dammam,web,2024-07-25T00:00:00,premium,25,F
usr_004981,Sarah,sarah_6306@hotmail.com,BH,Tabuk,ios,2020-11-21,premium,37,
usr_004982,Khalid,khalid_2895@yahoo.com,EG,Abha,ios,2022-11-07T00:00:00,free,29,male
usr_004983,عمر,عمر_5000@gmail.com,BH,Dammam,car_play,2020-08-25,premium,27,female
usr_004984,Mariam,mariam_962@gmail.com,DE,Medina,ios,2023-07-06T00:00:00,free,43,M
usr_004985,Fahad,fahad_5821@icloud.com,DE,Abha,android,16/08/2020,premium,35,m
usr_004986,Tariq,tariq_9346@icloud.com,SA,,android,2021-07-19,premium_annual,52,M
usr_004987,لمياء,لمياء_2976@gmail.com,QA,,web,2020-01-10,trial,,m
usr_004988,محمد,محمد_5622@icloud.com,LB,Dammam,smart_speaker,12-24-2021,free,59,male
usr_004989,Hind,hind_9377@yahoo.com,BH,Khobar,ios,03-22-2020,free,65,
usr_004990,خالد,خالد_4217@yahoo.com,KW,Khobar,car_play,2023-02-27,trial,36,male
usr_004991,محمد,محمد_8512@outlook.sa,US,,web,22/02/2022,premium_annual,,
usr_004992,ياسر,ياسر_2751@icloud.com,JO,Medina,car_play,10/03/2021,premium,39,f
usr_004993,Khalid,khalid_130@gmail.com,KW,Riyadh,car_play,2023-03-15T00:00:00,trial,54,female
usr_004994,أحمد,أحمد_2154@gmail.com,AE,Jeddah,web,2024-10-05,free,43,m
usr_004995,Mohammed,mohammed_1736@hotmail.com,SA,,ios,2021-08-14T00:00:00,premium,31,F
usr_004996,لمياء,لمياء_8391@gmail.com,FR,Mecca,car_play,2023-07-16,free,21,m
usr_004997,خالد,خالد_6874@icloud.com,SA,Mecca,smart_speaker,2023-06-30T00:00:00,premium_annual,32,male
usr_004998,Abdullah,abdullah_230@outlook.sa,JO,Buraidah,ios,2020-07-17,premium_annual,18,F
usr_004999,Sultan,sultan_9100@outlook.sa,AE,Riyadh,web,01-03-2020,premium_annual,32,
usr_005000,هند,هند_631@gmail.com,QA,,car_play,12/09/2020,trial,60,f
